{
  "type": "FeatureCollection",
  "features": [
    {
      "type": "Feature",
      "properties": {
        "LFA": "27",
        "MLS": "82.5",
        "name": "LFA 27"
      },
      "geometry": {
        "type": "Polygon",
        "coordinates": [
          [
            [
              -59.10717999976317,
              45.27150199978442
            ],
            [
              -57.83235500021714,
              45.99992999991026
            ],
            [
              -59.99905900039906,
              47.83327800003037
            ],
            [
              -60.749097000079196,
              47.038284000147264
            ],
            [
              -60.66810869034338,
              46.97938153018429
            ],
            [
              -60.662832999664104,
              46.98738899984238
            ],
            [
              -60.648583000057606,
              46.99999999980943
            ],
            [
              -60.64772199989207,
              47.00302799995889
            ],
            [
              -60.64183299972392,
              47.00536100008703
            ],
            [
              -60.637332999800904,
              47.00925000010562
            ],
            [
              -60.63491699970887,
              47.01486099991718
            ],
            [
              -60.624638999945795,
              47.016722000010446
            ],
            [
              -60.62191700043034,
              47.019332999867274
            ],
            [
              -60.623833000031844,
              47.023667000222225
            ],
            [
              -60.62294400027722,
              47.02816699975334
            ],
            [
              -60.61830600026195,
              47.03302799987656
            ],
            [
              -60.60791700017077,
              47.03916699985807
            ],
            [
              -60.60286099968076,
              47.04013899978068
            ],
            [
              -60.59961100008571,
              47.043389000097235
            ],
            [
              -60.59105599958027,
              47.04247199976089
            ],
            [
              -60.58075000022811,
              47.03574999979483
            ],
            [
              -60.575221999734964,
              47.035917000102316
            ],
            [
              -60.57386099997725,
              47.03438899974165
            ],
            [
              -60.56686100029662,
              47.03419399980437
            ],
            [
              -60.5633329999689,
              47.03244400000044
            ],
            [
              -60.56019399980362,
              47.03341699976954
            ],
            [
              -60.55847200037086,
              47.0313330000172
            ],
            [
              -60.55950000004266,
              47.02861100013635
            ],
            [
              -60.556750000039806,
              47.02672199987883
            ],
            [
              -60.543027999614594,
              47.02669399987207
            ],
            [
              -60.53833299969791,
              47.02916699977112
            ],
            [
              -60.53272200026241,
              47.029221999715375
            ],
            [
              -60.52627800025048,
              47.02252800028849
            ],
            [
              -60.52233300017126,
              47.02077800010957
            ],
            [
              -60.51977800016204,
              47.01677800005825
            ],
            [
              -60.516638999996765,
              47.01549999985275
            ],
            [
              -60.51441700007351,
              47.01299999989225
            ],
            [
              -60.51302799982838,
              47.00519399974035
            ],
            [
              -60.50861099974603,
              47.00338899979298
            ],
            [
              -60.50236099990286,
              47.00491699991798
            ],
            [
              -60.49186100038192,
              47.00255600020228
            ],
            [
              -60.481832999965775,
              47.00252799977418
            ],
            [
              -60.45841699993357,
              47.00833299994819
            ],
            [
              -60.440527999671275,
              47.017555999918
            ],
            [
              -60.43869400008554,
              47.02586099999504
            ],
            [
              -60.43430600031551,
              47.03055599996367
            ],
            [
              -60.428582999828706,
              47.031055999834635
            ],
            [
              -60.42286100006513,
              47.03572200023838
            ],
            [
              -60.41449999972847,
              47.039082999789294
            ],
            [
              -60.411943999894376,
              47.038333000222956
            ],
            [
              -60.411778000213026,
              47.03477800012231
            ],
            [
              -60.40836100021338,
              47.034832999794645
            ],
            [
              -60.404389000369974,
              47.03180600004259
            ],
            [
              -60.391444000444686,
              47.03158299996003
            ],
            [
              -60.386249999862414,
              47.0199169998929
            ],
            [
              -60.388805999696515,
              47.01419399985952
            ],
            [
              -60.39886099987683,
              47.00322200002021
            ],
            [
              -60.40016700028129,
              47.00052800002593
            ],
            [
              -60.39827800044396,
              46.99916700006599
            ],
            [
              -60.40641700012447,
              46.99333299982921
            ],
            [
              -60.41138900005058,
              46.99236099984927
            ],
            [
              -60.41580600013293,
              46.98566699973542
            ],
            [
              -60.41941700030133,
              46.9849440000925
            ],
            [
              -60.431639000153325,
              46.97258299971545
            ],
            [
              -60.455861000099475,
              46.95438900015508
            ],
            [
              -60.459861000430294,
              46.944194000126544
            ],
            [
              -60.45924999961169,
              46.92902800006965
            ],
            [
              -60.45747200010246,
              46.92419399991625
            ],
            [
              -60.46158299986303,
              46.92347200002674
            ],
            [
              -60.46416700018455,
              46.93438899985305
            ],
            [
              -60.46411100010806,
              46.932055999793256
            ],
            [
              -60.4658889996173,
              46.93099999971948
            ],
            [
              -60.47166700035568,
              46.93091699995572
            ],
            [
              -60.47699999995682,
              46.92736099977378
            ],
            [
              -60.47697200036774,
              46.92469400023144
            ],
            [
              -60.48033300029088,
              46.92041699996812
            ],
            [
              -60.47833300012547,
              46.9183609999808
            ],
            [
              -60.47900000012224,
              46.91683299986968
            ],
            [
              -60.48713899980274,
              46.91752800026225
            ],
            [
              -60.491333000302326,
              46.9133329997392
            ],
            [
              -60.499832999657855,
              46.911749999918534
            ],
            [
              -60.50411099982302,
              46.90766699989015
            ],
            [
              -60.512277999990914,
              46.90763900009192
            ],
            [
              -60.51549999999688,
              46.90466700015824
            ],
            [
              -60.50894399983196,
              46.90394400002477
            ],
            [
              -60.50597200007126,
              46.90005599997678
            ],
            [
              -60.497527999893904,
              46.896722000188866
            ],
            [
              -60.49252800037869,
              46.89855599994658
            ],
            [
              -60.49244399981479,
              46.90027799982903
            ],
            [
              -60.4867499996403,
              46.90266699974015
            ],
            [
              -60.485138999637336,
              46.90497200014162
            ],
            [
              -60.48038900036737,
              46.90511100003729
            ],
            [
              -60.47480599962266,
              46.90852800004587
            ],
            [
              -60.471222000116754,
              46.90502800005462
            ],
            [
              -60.46425000002522,
              46.905833000011256
            ],
            [
              -60.46316700010186,
              46.904250000232345
            ],
            [
              -60.46022200010532,
              46.906667000222946
            ],
            [
              -60.4567780003415,
              46.906861000113324
            ],
            [
              -60.46005600042396,
              46.917221999768124
            ],
            [
              -60.456250000261896,
              46.918333000247
            ],
            [
              -60.45088900017336,
              46.906555999830715
            ],
            [
              -60.45141700025295,
              46.90405600009881
            ],
            [
              -60.4470830000113,
              46.90052799983404
            ],
            [
              -60.446166999594176,
              46.8968060000725
            ],
            [
              -60.45766700009613,
              46.89180599985669
            ],
            [
              -60.46355600026427,
              46.89250000003164
            ],
            [
              -60.46819400027956,
              46.887805999976486
            ],
            [
              -60.47119399962936,
              46.887582999955214
            ],
            [
              -60.47230599986506,
              46.885194000267546
            ],
            [
              -60.46158299986303,
              46.89011100017588
            ],
            [
              -60.45344400018255,
              46.891027999701315
            ],
            [
              -60.45066700041549,
              46.8933610000768
            ],
            [
              -60.4409169998337,
              46.89308299977017
            ],
            [
              -60.430417000312765,
              46.882971999853105
            ],
            [
              -60.42961100039882,
              46.8804720001484
            ],
            [
              -60.433416999662576,
              46.87919399998337
            ],
            [
              -60.43999999959167,
              46.88608299973955
            ],
            [
              -60.44622199984576,
              46.88341700028551
            ],
            [
              -60.46363900010496,
              46.883360999904326
            ],
            [
              -60.46655599961407,
              46.88158299977546
            ],
            [
              -60.45347199977163,
              46.88169400029349
            ],
            [
              -60.45255600025283,
              46.88002800009409
            ],
            [
              -60.46116699993644,
              46.87758300017834
            ],
            [
              -60.46136100010519,
              46.87530599969529
            ],
            [
              -60.46630600026713,
              46.876500000116685
            ],
            [
              -60.467832999706225,
              46.872472000132156
            ],
            [
              -60.46608299978606,
              46.86855599987933
            ],
            [
              -60.46152799961147,
              46.87172199974159
            ],
            [
              -60.45052799960002,
              46.86844399997285
            ],
            [
              -60.444194000091265,
              46.86847199997134
            ],
            [
              -60.44180599958833,
              46.870860999947844
            ],
            [
              -60.432500000318846,
              46.874082999858395
            ],
            [
              -60.4266670002272,
              46.87430600011585
            ],
            [
              -60.424416999816536,
              46.877555999697485
            ],
            [
              -60.418694000228044,
              46.87847199989548
            ],
            [
              -60.41663899981106,
              46.87841700015391
            ],
            [
              -60.415166999725244,
              46.87594400013166
            ],
            [
              -60.40402799979664,
              46.876693999855725
            ],
            [
              -60.40230600036387,
              46.87444399994044
            ],
            [
              -60.40383299980297,
              46.87258299984738
            ],
            [
              -60.40152800003902,
              46.871666999836805
            ],
            [
              -60.39027799978232,
              46.87336099977822
            ],
            [
              -60.374249999768274,
              46.870721999703285
            ],
            [
              -60.37044399960621,
              46.87177799998871
            ],
            [
              -60.36769399960333,
              46.87027800003654
            ],
            [
              -60.36480600040653,
              46.874944000159616
            ],
            [
              -60.352388999662544,
              46.87488899987227
            ],
            [
              -60.35341700023266,
              46.877610999707535
            ],
            [
              -60.351582999748594,
              46.88080600015735
            ],
            [
              -60.352417000149956,
              46.885693999779306
            ],
            [
              -60.351360999990746,
              46.88875000000559
            ],
            [
              -60.34941699990184,
              46.889221999929156
            ],
            [
              -60.34813899998479,
              46.88844399974006
            ],
            [
              -60.34819400023636,
              46.883722000195284
            ],
            [
              -60.33291699988467,
              46.87552800006854
            ],
            [
              -60.33244400005665,
              46.87333299987374
            ],
            [
              -60.33430600012981,
              46.87105600021869
            ],
            [
              -60.3215000001217,
              46.86750000007336
            ],
            [
              -60.320193999717254,
              46.86511099974898
            ],
            [
              -60.31522199979113,
              46.8627779997868
            ],
            [
              -60.307721999619986,
              46.862888999895134
            ],
            [
              -60.30741700002148,
              46.86080600007927
            ],
            [
              -60.31016700002432,
              46.858944000061456
            ],
            [
              -60.30861100027293,
              46.85672199989147
            ],
            [
              -60.31013900043523,
              46.854417000240026
            ],
            [
              -60.30097200018463,
              46.8498610002367
            ],
            [
              -60.300222000347176,
              46.84658300001797
            ],
            [
              -60.30350000042964,
              46.84397200008603
            ],
            [
              -60.30425000026709,
              46.84086100017193
            ],
            [
              -60.302722000104794,
              46.83808300015202
            ],
            [
              -60.30502799969362,
              46.83686100010698
            ],
            [
              -60.30669399994819,
              46.830055999917704
            ],
            [
              -60.31016700002432,
              46.82761099971299
            ],
            [
              -60.313138999785025,
              46.82266699980398
            ],
            [
              -60.31911099979387,
              46.821499999919396
            ],
            [
              -60.314138999867744,
              46.81480599979335
            ],
            [
              -60.314167000355155,
              46.81227799983826
            ],
            [
              -60.31816699978766,
              46.810333000139124
            ],
            [
              -60.314972000444186,
              46.80588900027847
            ],
            [
              -60.31836099995642,
              46.80500000019008
            ],
            [
              -60.32547199996511,
              46.80763900030536
            ],
            [
              -60.32833300029607,
              46.80702800014112
            ],
            [
              -60.31761100011897,
              46.79333300006646
            ],
            [
              -60.31588899978791,
              46.78419399998661
            ],
            [
              -60.323167000201195,
              46.77866700001371
            ],
            [
              -60.3317500002957,
              46.77502800004559
            ],
            [
              -60.32472200012767,
              46.77224999976859
            ],
            [
              -60.320000000446804,
              46.76663900027271
            ],
            [
              -60.32425000012457,
              46.760055999820096
            ],
            [
              -60.31936100003912,
              46.75652799973758
            ],
            [
              -60.329694000053784,
              46.73424999996444
            ],
            [
              -60.33844399965458,
              46.72672200015064
            ],
            [
              -60.34841699981913,
              46.721999999942284
            ],
            [
              -60.348277999901946,
              46.71763900006082
            ],
            [
              -60.35133300040165,
              46.71125000019758
            ],
            [
              -60.34188900014162,
              46.70063899970087
            ],
            [
              -60.35230599982188,
              46.696528000095014
            ],
            [
              -60.354222000321684,
              46.69313899995718
            ],
            [
              -60.35341700023266,
              46.68925000013672
            ],
            [
              -60.3557219999966,
              46.68763900011578
            ],
            [
              -60.35750000040416,
              46.6873890000643
            ],
            [
              -60.360027999750855,
              46.690027999844226
            ],
            [
              -60.37413900033849,
              46.689944000092325
            ],
            [
              -60.37974999977399,
              46.685722000087836
            ],
            [
              -60.39102799961979,
              46.68583299969316
            ],
            [
              -60.397139000444085,
              46.68316700002398
            ],
            [
              -60.40424999955449,
              46.67486099992705
            ],
            [
              -60.40513900020742,
              46.66716699998142
            ],
            [
              -60.40400000020753,
              46.66291700002403
            ],
            [
              -60.39758299995978,
              46.6600829999887
            ],
            [
              -60.3930000001961,
              46.66077799977534
            ],
            [
              -60.389861000030805,
              46.65824999994986
            ],
            [
              -60.378500000344346,
              46.65655600003019
            ],
            [
              -60.37491699976505,
              46.65663899981515
            ],
            [
              -60.36769399960333,
              46.6600829999887
            ],
            [
              -60.363556000078574,
              46.6599999999413
            ],
            [
              -60.34841699981913,
              46.65413900009157
            ],
            [
              -60.350139000150186,
              46.65077800009722
            ],
            [
              -60.360611000082045,
              46.65408300006873
            ],
            [
              -60.38116699960821,
              46.65313900002827
            ],
            [
              -60.38722200035603,
              46.651444000139456
            ],
            [
              -60.390167000352555,
              46.64516700021788
            ],
            [
              -60.389972000358895,
              46.64052799983083
            ],
            [
              -60.38516699993903,
              46.631638999875705
            ],
            [
              -60.37747199977423,
              46.63161099994451
            ],
            [
              -60.370360999765516,
              46.62911100004905
            ],
            [
              -60.356666999827716,
              46.62908300004384
            ],
            [
              -60.349305999573744,
              46.626916999760695
            ],
            [
              -60.349110999580084,
              46.62108299986285
            ],
            [
              -60.351611000236005,
              46.61547199991657
            ],
            [
              -60.35038900039544,
              46.61366699985439
            ],
            [
              -60.35591699999025,
              46.60911100002679
            ],
            [
              -60.35872200024472,
              46.6091389998709
            ],
            [
              -60.36158299967734,
              46.603305999885656
            ],
            [
              -60.36808299976577,
              46.59916700025691
            ],
            [
              -60.37033300017642,
              46.59374999989229
            ],
            [
              -60.37522200026187,
              46.59041699989857
            ],
            [
              -60.37852799993344,
              46.58216699995613
            ],
            [
              -60.38263899969402,
              46.57927800010465
            ],
            [
              -60.3838060001813,
              46.57600000027021
            ],
            [
              -60.38927799969962,
              46.572388999731345
            ],
            [
              -60.392000000113384,
              46.56541699997296
            ],
            [
              -60.40775000029311,
              46.54824999991456
            ],
            [
              -60.41016700021004,
              46.54241700021029
            ],
            [
              -60.41011100013353,
              46.53652799982196
            ],
            [
              -60.416139000218855,
              46.52825000012175
            ],
            [
              -60.41644399981739,
              46.51838899984144
            ],
            [
              -60.42413899998219,
              46.51002799975687
            ],
            [
              -60.42938899974266,
              46.50719399972041
            ],
            [
              -60.433471999914154,
              46.49986099974576
            ],
            [
              -60.43241699957987,
              46.493999999771596
            ],
            [
              -60.43633300024509,
              46.482943999805144
            ],
            [
              -60.442666999753854,
              46.47850000029178
            ],
            [
              -60.44519400017396,
              46.47233300005215
            ],
            [
              -60.45277800001068,
              46.462277999941314
            ],
            [
              -60.454444000265255,
              46.45469400016375
            ],
            [
              -60.45783299977749,
              46.45308300021528
            ],
            [
              -60.45924999961169,
              46.44002800002033
            ],
            [
              -60.457528000178954,
              46.43636100000622
            ],
            [
              -60.45708299994003,
              46.427916999833705
            ],
            [
              -60.46594399986889,
              46.41913899992929
            ],
            [
              -60.46874999994826,
              46.41369399985213
            ],
            [
              -60.475943999797636,
              46.40997200009688
            ],
            [
              -60.478027999628615,
              46.40436100004474
            ],
            [
              -60.48719400005434,
              46.395193999962025
            ],
            [
              -60.494361000139534,
              46.3900279998575
            ],
            [
              -60.506055999736844,
              46.38566700023798
            ],
            [
              -60.51638899975152,
              46.37799999992655
            ],
            [
              -60.52188899975722,
              46.37149999974726
            ],
            [
              -60.52180599991656,
              46.36805599979559
            ],
            [
              -60.524499999842924,
              46.36636099991463
            ],
            [
              -60.51755600023879,
              46.346777999720615
            ],
            [
              -60.522722000333665,
              46.34425000029663
            ],
            [
              -60.523528000247616,
              46.33899999984498
            ],
            [
              -60.53927800042733,
              46.3241939998767
            ],
            [
              -60.54425000035344,
              46.31658299975857
            ],
            [
              -60.54427799994255,
              46.30099999982312
            ],
            [
              -60.540972000271,
              46.293721999985486
            ],
            [
              -60.540972000271,
              46.290000000269245
            ],
            [
              -60.54319400019426,
              46.28858300003858
            ],
            [
              -60.54463899961757,
              46.28952799972213
            ],
            [
              -60.54838899970314,
              46.3015279999726
            ],
            [
              -60.54997200011702,
              46.30272200026473
            ],
            [
              -60.5547220002853,
              46.29452800025446
            ],
            [
              -60.55997200004576,
              46.28922200006653
            ],
            [
              -60.56222199955811,
              46.28897200016226
            ],
            [
              -60.56508299988907,
              46.28172200014489
            ],
            [
              -60.570055999640104,
              46.277722000046865
            ],
            [
              -60.5868329996667,
              46.26933299979919
            ],
            [
              -60.59541699958612,
              46.266722000011356
            ],
            [
              -60.60161100025112,
              46.26666699984824
            ],
            [
              -60.609888999848785,
              46.275471999727166
            ],
            [
              -60.610832999854985,
              46.28955599983654
            ],
            [
              -60.612472000345385,
              46.29163900010574
            ],
            [
              -60.61355600009367,
              46.289778000192385
            ],
            [
              -60.61266700033905,
              46.27763899976304
            ],
            [
              -60.60761099984903,
              46.26536100021105
            ],
            [
              -60.61058299960973,
              46.26325000014357
            ],
            [
              -60.61766699985426,
              46.262832999878995
            ],
            [
              -60.59777800032487,
              46.2584170000922
            ],
            [
              -60.59338899983163,
              46.25666700030394
            ],
            [
              -60.591721999752146,
              46.253139000193144
            ],
            [
              -60.60169400009178,
              46.24769399985246
            ],
            [
              -60.59566699983138,
              46.24825000019456
            ],
            [
              -60.596082999757975,
              46.24013900023541
            ],
            [
              -60.59955599983411,
              46.2346670002101
            ],
            [
              -60.60277799984007,
              46.232500000303155
            ],
            [
              -60.607056000005265,
              46.232500000303155
            ],
            [
              -60.611694000020535,
              46.2167499999186
            ],
            [
              -60.61563900009977,
              46.21499999976424
            ],
            [
              -60.6210000001883,
              46.20694400028764
            ],
            [
              -60.61677800009964,
              46.2097780002205
            ],
            [
              -60.61461100042797,
              46.21388899976713
            ],
            [
              -60.60925000033942,
              46.216306000292384
            ],
            [
              -60.60783299960687,
              46.21994400024493
            ],
            [
              -60.59869399984367,
              46.22402800009831
            ],
            [
              -60.59538899999703,
              46.222249999768195
            ],
            [
              -60.593249999914455,
              46.21861100024764
            ],
            [
              -60.59591700007663,
              46.21419400027679
            ],
            [
              -60.59997199976072,
              46.21519399984888
            ],
            [
              -60.59749999959221,
              46.20952799975947
            ],
            [
              -60.59949999975762,
              46.20552799989298
            ],
            [
              -60.59811100041081,
              46.20527799998291
            ],
            [
              -60.581527999654654,
              46.22669399989865
            ],
            [
              -60.57830599964866,
              46.232917000069854
            ],
            [
              -60.56452800004528,
              46.24405599999424
            ],
            [
              -60.562306000122014,
              46.24961099985215
            ],
            [
              -60.550889000359064,
              46.26599999971042
            ],
            [
              -60.551833000365264,
              46.27205599971296
            ],
            [
              -60.54758299978919,
              46.28055599988264
            ],
            [
              -60.534416999930976,
              46.29661100011224
            ],
            [
              -60.51863900016217,
              46.30308299986891
            ],
            [
              -60.51608300032807,
              46.29924999972751
            ],
            [
              -60.514971999917286,
              46.301972000162785
            ],
            [
              -60.517777999996646,
              46.303860999893104
            ],
            [
              -60.51369400000023,
              46.30816699994946
            ],
            [
              -60.50988899966308,
              46.308249999899836
            ],
            [
              -60.49383300005993,
              46.31494400011861
            ],
            [
              -60.47619400004289,
              46.32905600023266
            ],
            [
              -60.470916999619924,
              46.33625000027984
            ],
            [
              -60.46599999994538,
              46.3375830000897
            ],
            [
              -60.45680599993058,
              46.34338899971156
            ],
            [
              -60.44944399985172,
              46.345889000069896
            ],
            [
              -60.42722200007099,
              46.3459169998839
            ],
            [
              -60.414027999725356,
              46.34258300010807
            ],
            [
              -60.41272200021923,
              46.333056000121566
            ],
            [
              -60.41644399981739,
              46.329556000089305
            ],
            [
              -60.41858299989997,
              46.322917000274884
            ],
            [
              -60.414832999814415,
              46.3163060001405
            ],
            [
              -60.41755600005309,
              46.31294399995842
            ],
            [
              -60.41675000013914,
              46.30749999982344
            ],
            [
              -60.41844399998281,
              46.30480599970313
            ],
            [
              -60.41494400014249,
              46.293333000078896
            ],
            [
              -60.43280599974229,
              46.28499999980872
            ],
            [
              -60.43586100024199,
              46.284943999874116
            ],
            [
              -60.44041700024152,
              46.287916999743516
            ],
            [
              -60.45736099977437,
              46.26930600030078
            ],
            [
              -60.470916999619924,
              46.26494399985678
            ],
            [
              -60.48119399955809,
              46.25463900010884
            ],
            [
              -60.4837779998796,
              46.25397200022408
            ],
            [
              -60.48352799963435,
              46.25052800001041
            ],
            [
              -60.48808299980895,
              46.25000000022547
            ],
            [
              -60.487583000216745,
              46.24827800028175
            ],
            [
              -60.494139000381686,
              46.23983300001482
            ],
            [
              -60.50194400015133,
              46.2332219999002
            ],
            [
              -60.504083000233926,
              46.22583299980962
            ],
            [
              -60.5175000001623,
              46.22236100027051
            ],
            [
              -60.52341699991955,
              46.22241700013077
            ],
            [
              -60.52580600024738,
              46.220861000292615
            ],
            [
              -60.52466700024749,
              46.21844400011786
            ],
            [
              -60.5261109998459,
              46.217389000198075
            ],
            [
              -60.53133300001728,
              46.21875000026615
            ],
            [
              -60.532360999689075,
              46.217639000306
            ],
            [
              -60.53016700025322,
              46.21708299992402
            ],
            [
              -60.52991700000797,
              46.21502800003667
            ],
            [
              -60.533194000265524,
              46.213778000163906
            ],
            [
              -60.53566700025894,
              46.21016700015205
            ],
            [
              -60.544056000184696,
              46.208222000297404
            ],
            [
              -60.54675000011106,
              46.20333299984932
            ],
            [
              -60.54936100019674,
              46.20216699992013
            ],
            [
              -60.554472000040036,
              46.19474999988653
            ],
            [
              -60.56513899996556,
              46.18411100022719
            ],
            [
              -60.567861000379324,
              46.1780559999141
            ],
            [
              -60.57561099989741,
              46.17199999995464
            ],
            [
              -60.5837780000653,
              46.158778000234285
            ],
            [
              -60.589806000150624,
              46.15263899994291
            ],
            [
              -60.60663900025372,
              46.14344400026006
            ],
            [
              -60.62030600042736,
              46.14091700000072
            ],
            [
              -60.62791700002827,
              46.141721999758495
            ],
            [
              -60.62752799986583,
              46.13924999983472
            ],
            [
              -60.616527999854384,
              46.1391939998562
            ],
            [
              -60.61463900001705,
              46.13736100005066
            ],
            [
              -60.614806000421645,
              46.13344400022191
            ],
            [
              -60.63794399972119,
              46.12283300027792
            ],
            [
              -60.63883300037412,
              46.1191939998442
            ],
            [
              -60.6419719996411,
              46.121027999694675
            ],
            [
              -60.64341699996272,
              46.11780600013493
            ],
            [
              -60.64897200022002,
              46.11505599977152
            ],
            [
              -60.67302799958652,
              46.11166700023705
            ],
            [
              -60.676194000414306,
              46.110471999858056
            ],
            [
              -60.681556000327745,
              46.104110999850114
            ],
            [
              -60.69969400011208,
              46.10077799987508
            ],
            [
              -60.712305999951425,
              46.09330600010415
            ],
            [
              -60.71683299963862,
              46.0932780001288
            ],
            [
              -60.72052800037092,
              46.09725000028205
            ],
            [
              -60.72075000012876,
              46.10383300010345
            ],
            [
              -60.718944000132105,
              46.105610999974054
            ],
            [
              -60.71827799996024,
              46.11227800013066
            ],
            [
              -60.71441700044492,
              46.11633300000918
            ],
            [
              -60.71216700003424,
              46.11649999970186
            ],
            [
              -60.712999999712366,
              46.11852800024485
            ],
            [
              -60.70841699994868,
              46.122194000118306
            ],
            [
              -60.7011390004337,
              46.12325000008347
            ],
            [
              -60.70361099970391,
              46.12669399994548
            ],
            [
              -60.70297200019455,
              46.12816700013449
            ],
            [
              -60.707082999955134,
              46.12841700023259
            ],
            [
              -60.711472000448374,
              46.12336100009104
            ],
            [
              -60.724055999800306,
              46.11549999973011
            ],
            [
              -60.72955599980604,
              46.10777799993436
            ],
            [
              -60.737500000391194,
              46.1024439999736
            ],
            [
              -60.74894399991832,
              46.09791700016034
            ],
            [
              -60.749277999829175,
              46.0953609997564
            ],
            [
              -60.752667000239725,
              46.09497199983834
            ],
            [
              -60.753860999592874,
              46.091778000248674
            ],
            [
              -60.761667000085744,
              46.09166700016891
            ],
            [
              -60.771000000017715,
              46.08669399992993
            ],
            [
              -60.78297199962446,
              46.08502799998346
            ],
            [
              -60.80236099956165,
              46.07683300004382
            ],
            [
              -60.819472000397425,
              46.07597199982223
            ],
            [
              -60.83955599992048,
              46.070111000126246
            ],
            [
              -60.8527500002661,
              46.07083299983591
            ],
            [
              -60.85511100010652,
              46.07166699974803
            ],
            [
              -60.8593330001952,
              46.07736099997664
            ],
            [
              -60.86555600027419,
              46.07741699987144
            ],
            [
              -60.87511099996401,
              46.07491700030401
            ],
            [
              -60.873971999964134,
              46.0700830002183
            ],
            [
              -60.87772200004969,
              46.064277999797305
            ],
            [
              -60.89049999957038,
              46.063249999741586
            ],
            [
              -60.89258299957646,
              46.06672200004026
            ],
            [
              -60.88919400006426,
              46.07591699988787
            ],
            [
              -60.872417000037636,
              46.08244399987844
            ],
            [
              -60.862333000443314,
              46.082332999707454
            ],
            [
              -60.86322200019794,
              46.08686099970467
            ],
            [
              -60.86152800035428,
              46.09013899976029
            ],
            [
              -60.868805999869245,
              46.08925000018224
            ],
            [
              -60.8704439996364,
              46.09166700016891
            ],
            [
              -60.88227800004921,
              46.0932780001288
            ],
            [
              -60.88397199989288,
              46.09011100004613
            ],
            [
              -60.90155599965833,
              46.0853890000155
            ],
            [
              -60.90261099999262,
              46.081306000135676
            ],
            [
              -60.90461100015804,
              46.08036100030396
            ],
            [
              -60.902333000158265,
              46.08002800025719
            ],
            [
              -60.90136099966467,
              46.077555999832136
            ],
            [
              -60.90872199991861,
              46.0743330001921
            ],
            [
              -60.907278000320204,
              46.07344400015275
            ],
            [
              -60.90824999991551,
              46.06699999988736
            ],
            [
              -60.90555599998915,
              46.06422200028243
            ],
            [
              -60.90555599998915,
              46.06186099972751
            ],
            [
              -60.909388999915386,
              46.056055999938394
            ],
            [
              -60.9150000002492,
              46.053360999841445
            ],
            [
              -60.91969400034098,
              46.0533330001654
            ],
            [
              -60.92199999992983,
              46.05497199997794
            ],
            [
              -60.924667000092,
              46.05158300003667
            ],
            [
              -60.93625000043463,
              46.05166699981356
            ],
            [
              -60.942943999793506,
              46.04613900018221
            ],
            [
              -60.93983300011562,
              46.04527800002492
            ],
            [
              -60.9405279997015,
              46.04255600026477
            ],
            [
              -60.94663899962749,
              46.04163899978959
            ],
            [
              -60.953444000212755,
              46.03483300008599
            ],
            [
              -60.954888999636076,
              46.03138899995675
            ],
            [
              -60.96147199956517,
              46.0285830003038
            ],
            [
              -60.95975000013243,
              46.02666700001619
            ],
            [
              -60.965471999896,
              46.020083000222996
            ],
            [
              -60.97088900006104,
              46.01822199983859
            ],
            [
              -60.97494399974513,
              46.01447200015856
            ],
            [
              -60.97047200030953,
              46.01324999973534
            ],
            [
              -60.96741699980983,
              46.009943999698386
            ],
            [
              -60.96672200022396,
              46.00649999997834
            ],
            [
              -60.972916999815546,
              46.00094399994652
            ],
            [
              -60.994653344302534,
              46.0138403854866
            ],
            [
              -61.16615470012041,
              45.96583324932307
            ],
            [
              -61.13205307988348,
              45.908886852777385
            ],
            [
              -61.01650486897864,
              45.94067088800374
            ],
            [
              -60.962207142166136,
              45.957225073179856
            ],
            [
              -60.97505599989814,
              45.996222000147
            ],
            [
              -60.969221999981556,
              45.99702800022762
            ],
            [
              -60.965527999972494,
              46.000833000030504
            ],
            [
              -60.959249999641905,
              46.00236099978758
            ],
            [
              -60.955583000295334,
              46.001556000291515
            ],
            [
              -60.95572200021252,
              46.004082999925934
            ],
            [
              -60.95133299971928,
              46.00747200027883
            ],
            [
              -60.936888999943996,
              46.005556000261684
            ],
            [
              -60.9363890003518,
              46.00802799982738
            ],
            [
              -60.93919399970793,
              46.00755599973412
            ],
            [
              -60.94077799994673,
              46.01152799983601
            ],
            [
              -60.93341699969278,
              46.01722200016861
            ],
            [
              -60.91833299968492,
              46.02158300016895
            ],
            [
              -60.899556000391236,
              46.023638999765296
            ],
            [
              -60.90836100024359,
              46.02694400023656
            ],
            [
              -60.903443999670756,
              46.03124999974837
            ],
            [
              -60.90155599965833,
              46.03583299989254
            ],
            [
              -60.913000000083784,
              46.029999999993876
            ],
            [
              -60.91777799984116,
              46.03008299977159
            ],
            [
              -60.91966699967847,
              46.03161099979335
            ],
            [
              -60.92533300026387,
              46.0319999998768
            ],
            [
              -60.92661100018092,
              46.03733300028275
            ],
            [
              -60.92480600000917,
              46.03925000021812
            ],
            [
              -60.919556000248704,
              46.041361000076435
            ],
            [
              -60.91366700008056,
              46.04069399983579
            ],
            [
              -60.91202799959016,
              46.03844399986157
            ],
            [
              -60.90149999958182,
              46.03922200024809
            ],
            [
              -60.89724999990407,
              46.04113900012188
            ],
            [
              -60.897639000066505,
              46.045666999924265
            ],
            [
              -60.89380600014025,
              46.047527999773365
            ],
            [
              -60.87897200037766,
              46.04919400028091
            ],
            [
              -60.86788899962722,
              46.05927799981782
            ],
            [
              -60.864611000443084,
              46.059166999799004
            ],
            [
              -60.863139000357265,
              46.05741700002238
            ],
            [
              -60.86869399971625,
              46.05158300003667
            ],
            [
              -60.856610999781424,
              46.05416700014906
            ],
            [
              -60.85224999977559,
              46.05663900027918
            ],
            [
              -60.848806000011784,
              46.05652799994231
            ],
            [
              -60.848306000419576,
              46.05411099972983
            ],
            [
              -60.84291699984362,
              46.0533330001654
            ],
            [
              -60.8449439997732,
              46.05000000030256
            ],
            [
              -60.85188900010056,
              46.04897200000521
            ],
            [
              -60.853471999616154,
              46.04375000003069
            ],
            [
              -60.84813900001499,
              46.04175000012097
            ],
            [
              -60.85127800018028,
              46.03736099996279
            ],
            [
              -60.84397200017792,
              46.03738900025221
            ],
            [
              -60.837111000414474,
              46.04441700016554
            ],
            [
              -60.835888999675596,
              46.05072199994535
            ],
            [
              -60.828000000240344,
              46.053389000126685
            ],
            [
              -60.82474999974696,
              46.052471999924585
            ],
            [
              -60.8225830000753,
              46.048778000213225
            ],
            [
              -60.82936099999808,
              46.04552800008883
            ],
            [
              -60.83111099991822,
              46.04280600017603
            ],
            [
              -60.828000000240344,
              46.04263899989183
            ],
            [
              -60.82052799965832,
              46.045138999834215
            ],
            [
              -60.818166999817876,
              46.04833299973299
            ],
            [
              -60.80727800013451,
              46.05419400007485
            ],
            [
              -60.798388999718256,
              46.05674999976949
            ],
            [
              -60.796860999555946,
              46.05980600001956
            ],
            [
              -60.7925280000375,
              46.059166999799004
            ],
            [
              -60.78855600019408,
              46.06233299997683
            ],
            [
              -60.775222000106396,
              46.06694400001734
            ],
            [
              -60.774721999615885,
              46.06966699982395
            ],
            [
              -60.77683300010938,
              46.070221999955386
            ],
            [
              -60.77683300010938,
              46.072305999876356
            ],
            [
              -60.77238900026285,
              46.07249999990251
            ],
            [
              -60.77213900001759,
              46.07066699980824
            ],
            [
              -60.76919400002107,
              46.06991699980465
            ],
            [
              -60.754110999838105,
              46.073277999876595
            ],
            [
              -60.75033300016346,
              46.07577800016076
            ],
            [
              -60.73647199982108,
              46.069388999697345
            ],
            [
              -60.737471999903775,
              46.06494399973483
            ],
            [
              -60.739861000231606,
              46.06241700023214
            ],
            [
              -60.73991700030812,
              46.05727799983328
            ],
            [
              -60.75091700031955,
              46.04908299994285
            ],
            [
              -60.75819400000961,
              46.045917000098235
            ],
            [
              -60.76158300042016,
              46.04125000021065
            ],
            [
              -60.76333300034032,
              46.034583000269166
            ],
            [
              -60.76816700017417,
              46.0308060000254
            ],
            [
              -60.76858300010079,
              46.028527999934305
            ],
            [
              -60.788055999703566,
              46.021694000241986
            ],
            [
              -60.784305999618006,
              46.0207779996974
            ],
            [
              -60.77794399962184,
              46.024249999902636
            ],
            [
              -60.775333000434465,
              46.0233330000284
            ],
            [
              -60.78277800035401,
              46.01372199990141
            ],
            [
              -60.804333000137966,
              46.00000000027234
            ],
            [
              -60.803805999883295,
              45.99327800017918
            ],
            [
              -60.80961100038585,
              45.985000000082245
            ],
            [
              -60.808806000296826,
              45.9808059998159
            ],
            [
              -60.80627800005179,
              45.97997200005894
            ],
            [
              -60.80624999956441,
              45.97663899995618
            ],
            [
              -60.81047199965305,
              45.973306000261616
            ],
            [
              -60.810500000140465,
              45.97077799976921
            ],
            [
              -60.80659484034408,
              45.96611089015572
            ],
            [
              -60.78883657010846,
              45.95989251991732
            ],
            [
              -60.78750000003487,
              45.96205599990167
            ],
            [
              -60.7833330001978,
              45.96375000016728
            ],
            [
              -60.772528000180024,
              45.96291699990643
            ],
            [
              -60.76919400002107,
              45.960388999835146
            ],
            [
              -60.76961099977259,
              45.96244399994788
            ],
            [
              -60.76755600025389,
              45.96458299976717
            ],
            [
              -60.762499999763875,
              45.96624999977312
            ],
            [
              -60.75586099975827,
              45.97205599990901
            ],
            [
              -60.75047200008064,
              45.97333299973717
            ],
            [
              -60.75083299975565,
              45.97461100022965
            ],
            [
              -60.75583300016919,
              45.974582999985785
            ],
            [
              -60.758361000414205,
              45.97125000016772
            ],
            [
              -60.75961099984384,
              45.97247199991907
            ],
            [
              -60.758361000414205,
              45.975416999753506
            ],
            [
              -60.751667000157006,
              45.97872199972247
            ],
            [
              -60.74755600039643,
              45.9787499997463
            ],
            [
              -60.74663900015439,
              45.97708300011887
            ],
            [
              -60.74002799973788,
              45.97872199972247
            ],
            [
              -60.73583300031171,
              45.98286099970175
            ],
            [
              -60.731694000063705,
              45.98377800025821
            ],
            [
              -60.72672200013759,
              45.9911940002305
            ],
            [
              -60.72377799996597,
              45.9908059999845
            ],
            [
              -60.725860999972056,
              45.98794399972812
            ],
            [
              -60.72252799963801,
              45.98958299988332
            ],
            [
              -60.72083299996944,
              45.992861000014095
            ],
            [
              -60.71297200012327,
              45.99830599984752
            ],
            [
              -60.712943999635876,
              46.00038900001145
            ],
            [
              -60.69347199985801,
              46.013139000179194
            ],
            [
              -60.6894170001739,
              46.012139000299484
            ],
            [
              -60.68111100008883,
              46.01488900028619
            ],
            [
              -60.66930599998835,
              46.02241699981652
            ],
            [
              -60.66749999999168,
              46.022389000050424
            ],
            [
              -60.66588899998871,
              46.019944000277825
            ],
            [
              -60.662666999982754,
              46.019944000277825
            ],
            [
              -60.65524999965229,
              46.026472000035014
            ],
            [
              -60.649361000382456,
              46.02663899990764
            ],
            [
              -60.64824999997166,
              46.02325000009515
            ],
            [
              -60.64511099980639,
              46.02405600000066
            ],
            [
              -60.644443999809596,
              46.028193999871625
            ],
            [
              -60.639028000367794,
              46.03208299976945
            ],
            [
              -60.62316699985999,
              46.03844399986157
            ],
            [
              -60.60430600000238,
              46.05150000013163
            ],
            [
              -60.59338899983163,
              46.053360999841445
            ],
            [
              -60.58816699966024,
              46.05799999970833
            ],
            [
              -60.58077799981719,
              46.06008299994313
            ],
            [
              -60.57050000005411,
              46.06969400027278
            ],
            [
              -60.55938899971459,
              46.074083000271955
            ],
            [
              -60.55252799995113,
              46.07341700029203
            ],
            [
              -60.54680600018755,
              46.0781670001514
            ],
            [
              -60.53847199961506,
              46.080777999942214
            ],
            [
              -60.536027999933964,
              46.08397199973812
            ],
            [
              -60.527611000419114,
              46.08661099984636
            ],
            [
              -60.51936100041053,
              46.09322200013546
            ],
            [
              -60.51347200024239,
              46.09405599993869
            ],
            [
              -60.50166700014189,
              46.10483300000594
            ],
            [
              -60.493582999814656,
              46.109221999988016
            ],
            [
              -60.48788899964019,
              46.11527800019798
            ],
            [
              -60.48619399997162,
              46.11991699983
            ],
            [
              -60.475805999705365,
              46.12411100015463
            ],
            [
              -60.47119399962936,
              46.13119400011449
            ],
            [
              -60.46658300027656,
              46.13166699972684
            ],
            [
              -60.45886100034759,
              46.1388060001745
            ],
            [
              -60.451556000170136,
              46.14161100002757
            ],
            [
              -60.44636099976294,
              46.14727799987636
            ],
            [
              -60.43855599999328,
              46.14749999991251
            ],
            [
              -60.43091699990497,
              46.15247200027996
            ],
            [
              -60.4302499999082,
              46.15069400016397
            ],
            [
              -60.435583000407654,
              46.14447199977716
            ],
            [
              -60.43094399966915,
              46.14663900012381
            ],
            [
              -60.430222000319105,
              46.14469399992666
            ],
            [
              -60.42669399999137,
              46.14797200000238
            ],
            [
              -60.42733300039907,
              46.1502219997669
            ],
            [
              -60.42463899957439,
              46.15158300024518
            ],
            [
              -60.41836100014212,
              46.162778000240124
            ],
            [
              -60.412499999563074,
              46.16825000010893
            ],
            [
              -60.40919399989151,
              46.17730599997783
            ],
            [
              -60.39850000020181,
              46.19136099985349
            ],
            [
              -60.396860999711436,
              46.19458299995388
            ],
            [
              -60.39863900011898,
              46.19719400028081
            ],
            [
              -60.39680600035817,
              46.198971999853974
            ],
            [
              -60.39155599969938,
              46.198971999853974
            ],
            [
              -60.390416999699504,
              46.20225000005115
            ],
            [
              -60.37119400034196,
              46.20827800027941
            ],
            [
              -60.36719400001115,
              46.21086100018582
            ],
            [
              -60.34941699990184,
              46.2126390000769
            ],
            [
              -60.349139000067495,
              46.20988899982667
            ],
            [
              -60.34247199957449,
              46.21166700010205
            ],
            [
              -60.34130599981042,
              46.20833299993971
            ],
            [
              -60.33180600037219,
              46.214166999737515
            ],
            [
              -60.32427799971366,
              46.213417000171965
            ],
            [
              -60.32250000020442,
              46.21058300026487
            ],
            [
              -60.324111000207395,
              46.2079170001925
            ],
            [
              -60.31919399963455,
              46.21077800001019
            ],
            [
              -60.302556000423436,
              46.233028000130965
            ],
            [
              -60.301778000098565,
              46.23727799981372
            ],
            [
              -60.3041940001906,
              46.23975000013994
            ],
            [
              -60.303583000270315,
              46.24224999974592
            ],
            [
              -60.301778000098565,
              46.243972000058434
            ],
            [
              -60.29766700033799,
              46.24369400003419
            ],
            [
              -60.29491700033513,
              46.25249999987406
            ],
            [
              -60.300916999933044,
              46.25138900030596
            ],
            [
              -60.299889000261246,
              46.24850000015634
            ],
            [
              -60.302250000101665,
              46.24580600026006
            ],
            [
              -60.31347199987097,
              46.2406390002573
            ],
            [
              -60.324167000283886,
              46.23077799973689
            ],
            [
              -60.33183300013639,
              46.23072199970565
            ],
            [
              -60.33525000013601,
              46.226194000212026
            ],
            [
              -60.34397200014771,
              46.22324999993171
            ],
            [
              -60.34672200015056,
              46.22422199998338
            ],
            [
              -60.34663900030989,
              46.22752799997109
            ],
            [
              -60.34986100031585,
              46.230638999720654
            ],
            [
              -60.35505599982473,
              46.230750000039095
            ],
            [
              -60.35711100024172,
              46.23399999979165
            ],
            [
              -60.363582999842755,
              46.23822199976687
            ],
            [
              -60.37222200001376,
              46.23997199973369
            ],
            [
              -60.381528000181554,
              46.23652800028509
            ],
            [
              -60.397083000367594,
              46.22486099969348
            ],
            [
              -60.40566700028701,
              46.2225559998368
            ],
            [
              -60.40924999996801,
              46.22491700011114
            ],
            [
              -60.414082999976955,
              46.22400000006469
            ],
            [
              -60.4266389997398,
              46.213999999767566
            ],
            [
              -60.441916999916415,
              46.19724999969072
            ],
            [
              -60.46302800018468,
              46.178582999998156
            ],
            [
              -60.48433299972338,
              46.16755599999353
            ],
            [
              -60.49861099981729,
              46.16319400013607
            ],
            [
              -60.50961099982874,
              46.156111000055056
            ],
            [
              -60.52736100017386,
              46.147693999956736
            ],
            [
              -60.552888999626155,
              46.12783299999102
            ],
            [
              -60.540277999611725,
              46.132417000007266
            ],
            [
              -60.53952799977427,
              46.13463899981758
            ],
            [
              -60.53180599984529,
              46.13977799976671
            ],
            [
              -60.527943999606734,
              46.13963899976989
            ],
            [
              -60.527527999680125,
              46.138278000258545
            ],
            [
              -60.53144400034535,
              46.13344400022191
            ],
            [
              -60.537556000096274,
              46.12927799985858
            ],
            [
              -60.545861000356446,
              46.12733300020749
            ],
            [
              -60.56663899964046,
              46.11819400019183
            ],
            [
              -60.5792220000658,
              46.10891699993243
            ],
            [
              -60.584860999988685,
              46.10172200029671
            ],
            [
              -60.593943999675396,
              46.097332999929385
            ],
            [
              -60.59613899983448,
              46.092110999770554
            ],
            [
              -60.601222000088676,
              46.08849999978523
            ],
            [
              -60.61397200002028,
              46.08422199971786
            ],
            [
              -60.62944400036566,
              46.08172200003359
            ],
            [
              -60.635332999635494,
              46.076082999704
            ],
            [
              -60.650444000305846,
              46.07066699980824
            ],
            [
              -60.662832999664104,
              46.07069399976789
            ],
            [
              -60.66761100031978,
              46.074389000043894
            ],
            [
              -60.66733299958712,
              46.07680599997166
            ],
            [
              -60.660277999654916,
              46.08636100010116
            ],
            [
              -60.6618610000688,
              46.089833000109905
            ],
            [
              -60.65508300014603,
              46.09472199998792
            ],
            [
              -60.65605599956624,
              46.09725000028205
            ],
            [
              -60.6547500000601,
              46.09883300008663
            ],
            [
              -60.649805999723064,
              46.099194000090115
            ],
            [
              -60.62880599978289,
              46.1154439998876
            ],
            [
              -60.617639000265164,
              46.11908300015865
            ],
            [
              -60.6143889997718,
              46.1223329999409
            ],
            [
              -60.60949999968636,
              46.1231389998522
            ],
            [
              -60.60730600025049,
              46.12613900011882
            ],
            [
              -60.59844399959841,
              46.12994400024871
            ],
            [
              -60.59450000024241,
              46.133471999718324
            ],
            [
              -60.59097199991469,
              46.14072200009778
            ],
            [
              -60.58305599981695,
              46.14688899976787
            ],
            [
              -60.58058299982352,
              46.15230600015
            ],
            [
              -60.578611000145514,
              46.15255600019237
            ],
            [
              -60.56763899972318,
              46.17174999991502
            ],
            [
              -60.55950000004266,
              46.175805999896305
            ],
            [
              -60.5593059998739,
              46.1780559999141
            ],
            [
              -60.55050000019663,
              46.18955600008336
            ],
            [
              -60.52952799984553,
              46.19655599993235
            ],
            [
              -60.51680600040134,
              46.20488900024282
            ],
            [
              -60.513110999669045,
              46.20447200019051
            ],
            [
              -60.51352800031888,
              46.20647200006708
            ],
            [
              -60.511194000242625,
              46.20894400030628
            ],
            [
              -60.5077499995805,
              46.210527999749296
            ],
            [
              -60.50599999966034,
              46.21427799979767
            ],
            [
              -60.501277999979486,
              46.2170279997021
            ],
            [
              -60.498500000387516,
              46.221528000032855
            ],
            [
              -60.477749999794284,
              46.24130600012804
            ],
            [
              -60.458110999611826,
              46.2509999998449
            ],
            [
              -60.439055999585456,
              46.26411100005929
            ],
            [
              -60.43455599966245,
              46.268694000030465
            ],
            [
              -60.4323060001501,
              46.276250000250116
            ],
            [
              -60.4261669997367,
              46.279028000077965
            ],
            [
              -60.42180599973084,
              46.28566700028153
            ],
            [
              -60.409556000289754,
              46.295500000039965
            ],
            [
              -60.39808299955198,
              46.30077800027089
            ],
            [
              -60.394750000116254,
              46.305528000075796
            ],
            [
              -60.381583000433125,
              46.308361000152644
            ],
            [
              -60.37869399961478,
              46.3113889997
            ],
            [
              -60.3750559996822,
              46.3116939999716
            ],
            [
              -60.37033300017642,
              46.315583000296655
            ],
            [
              -60.36277799975371,
              46.318722000180315
            ],
            [
              -60.36105600032096,
              46.32141699973713
            ],
            [
              -60.36319399968032,
              46.32547200005783
            ],
            [
              -60.350888999987646,
              46.32736100018068
            ],
            [
              -60.34650000039271,
              46.32263899979919
            ],
            [
              -60.33986100038711,
              46.32494400009581
            ],
            [
              -60.32786100029297,
              46.32408300009735
            ],
            [
              -60.31969400012505,
              46.325722000188975
            ],
            [
              -60.31608299995665,
              46.32730600009885
            ],
            [
              -60.31355600043487,
              46.331471999869656
            ],
            [
              -60.30508299994521,
              46.33252800017292
            ],
            [
              -60.30097200018463,
              46.33558300007089
            ],
            [
              -60.29330600033214,
              46.337388999906416
            ],
            [
              -60.29161099976525,
              46.33991700029743
            ],
            [
              -60.29233300001361,
              46.34172199993588
            ],
            [
              -60.289916999921594,
              46.34238900030046
            ],
            [
              -60.288278000329534,
              46.33897200020937
            ],
            [
              -60.291028000332375,
              46.333388999984216
            ],
            [
              -60.28736100008749,
              46.33055599973695
            ],
            [
              -60.28572199959711,
              46.325610999787926
            ],
            [
              -60.28591699959078,
              46.32155599984414
            ],
            [
              -60.28997200017318,
              46.31650000003583
            ],
            [
              -60.28527800008142,
              46.31108299995732
            ],
            [
              -60.278083000407115,
              46.3149720002672
            ],
            [
              -60.268138999656564,
              46.309083000177274
            ],
            [
              -60.26655600014097,
              46.30436099977914
            ],
            [
              -60.268471999742495,
              46.30050000027233
            ],
            [
              -60.26488900006151,
              46.298417000015704
            ],
            [
              -60.26555600005828,
              46.29299999971742
            ],
            [
              -60.25411099980791,
              46.284332999905956
            ],
            [
              -60.25558299989371,
              46.27813900004896
            ],
            [
              -60.25063899955669,
              46.27480600023182
            ],
            [
              -60.25063899955669,
              46.271388999949714
            ],
            [
              -60.24055599978726,
              46.26902800013817
            ],
            [
              -60.23980599994982,
              46.26730600027004
            ],
            [
              -60.24113900011845,
              46.26522200023841
            ],
            [
              -60.233388999702065,
              46.262528000072
            ],
            [
              -60.22488900034655,
              46.264082999981916
            ],
            [
              -60.214556000331875,
              46.26000000015029
            ],
            [
              -60.21049999992456,
              46.2600829998207
            ],
            [
              -60.20774999992169,
              46.26258300004041
            ],
            [
              -60.204471999839235,
              46.262167000196975
            ],
            [
              -60.20569399967979,
              46.258971999841584
            ],
            [
              -60.203193999922185,
              46.249943999931325
            ],
            [
              -60.210056000408855,
              46.24925000003824
            ],
            [
              -60.208360999841965,
              46.24224999974592
            ],
            [
              -60.211750000252515,
              46.240666999880254
            ],
            [
              -60.21513899976475,
              46.23549999991352
            ],
            [
              -60.21583300042401,
              46.23138900019367
            ],
            [
              -60.22375000034668,
              46.228055999779336
            ],
            [
              -60.225805999690266,
              46.223138999983796
            ],
            [
              -60.235805999619,
              46.214221999716955
            ],
            [
              -60.23680599970171,
              46.209111000108955
            ],
            [
              -60.24074999995602,
              46.21091699996386
            ],
            [
              -60.24416699995566,
              46.21002800016524
            ],
            [
              -60.245916999875824,
              46.20647200006708
            ],
            [
              -60.254139000295304,
              46.20158299992512
            ],
            [
              -60.26322199998202,
              46.19069400000086
            ],
            [
              -60.2674440000707,
              46.19058300016559
            ],
            [
              -60.27894399967434,
              46.180860999861515
            ],
            [
              -60.289278000412224,
              46.1781939997385
            ],
            [
              -60.29663899976788,
              46.170805999815464
            ],
            [
              -60.30075000042677,
              46.16908300020769
            ],
            [
              -60.30222199961427,
              46.170832999892475
            ],
            [
              -60.30786100043549,
              46.16805599973564
            ],
            [
              -60.30436099969685,
              46.16602799990406
            ],
            [
              -60.30113899969089,
              46.16086100029381
            ],
            [
              -60.30527799993887,
              46.153638999694024
            ],
            [
              -60.310889000272695,
              46.148582999950484
            ],
            [
              -60.29886099969114,
              46.155555999862585
            ],
            [
              -60.29672199960854,
              46.155778000113465
            ],
            [
              -60.294693999854054,
              46.153556000207054
            ],
            [
              -60.284333000250285,
              46.16324999996562
            ],
            [
              -60.2790829995915,
              46.163305999738164
            ],
            [
              -60.278556000235135,
              46.16186099996597
            ],
            [
              -60.276278000235365,
              46.164667000169274
            ],
            [
              -60.2715280000671,
              46.164388999837925
            ],
            [
              -60.27344399966861,
              46.16558299991429
            ],
            [
              -60.271056000064,
              46.170666999785176
            ],
            [
              -60.26583300006771,
              46.173333000164234
            ],
            [
              -60.260360999651084,
              46.17891700017588
            ],
            [
              -60.252832999890856,
              46.17988899990238
            ],
            [
              -60.24419399971984,
              46.18480599986404
            ],
            [
              -60.237805999784406,
              46.1856939997748
            ],
            [
              -60.23350000003014,
              46.18816700019839
            ],
            [
              -60.22905600018363,
              46.18816700019839
            ],
            [
              -60.22572200002468,
              46.18574999970856
            ],
            [
              -60.2239999996936,
              46.18191699992255
            ],
            [
              -60.22597200026992,
              46.17586099971582
            ],
            [
              -60.21852800017529,
              46.166888999978724
            ],
            [
              -60.217444000426994,
              46.161999999850444
            ],
            [
              -60.21836099977071,
              46.15830600009946
            ],
            [
              -60.22194400035001,
              46.160611000024666
            ],
            [
              -60.2235560001779,
              46.16008300017323
            ],
            [
              -60.220638999770465,
              46.158999999931225
            ],
            [
              -60.218333000181616,
              46.155555999862585
            ],
            [
              -60.21877800042054,
              46.15186099994067
            ],
            [
              -60.22233299961413,
              46.1501669998252
            ],
            [
              -60.217861000178516,
              46.149139000237774
            ],
            [
              -60.20391699999544,
              46.138221999913895
            ],
            [
              -60.20419400000489,
              46.13327799998037
            ],
            [
              -60.21847200009879,
              46.11744399990683
            ],
            [
              -60.21902799976748,
              46.11419400006693
            ],
            [
              -60.217221999770835,
              46.114167000221805
            ],
            [
              -60.210806000246315,
              46.12244399992818
            ],
            [
              -60.20152799966761,
              46.12583299977499
            ],
            [
              -60.19736099983053,
              46.13177800020562
            ],
            [
              -60.19808300007889,
              46.13974999974186
            ],
            [
              -60.20338899991585,
              46.14249999991842
            ],
            [
              -60.20588899967344,
              46.148332999909414
            ],
            [
              -60.20497200032975,
              46.149860999802215
            ],
            [
              -60.200556000072304,
              46.14980600012213
            ],
            [
              -60.199472000324015,
              46.148360999925664
            ],
            [
              -60.19758299958838,
              46.149860999802215
            ],
            [
              -60.20152799966761,
              46.151333000139175
            ],
            [
              -60.2016389999957,
              46.15411100003475
            ],
            [
              -60.19922200007876,
              46.15641700017557
            ],
            [
              -60.198777999664756,
              46.16691699988643
            ],
            [
              -60.195610999910365,
              46.17099999982088
            ],
            [
              -60.20386099991895,
              46.18349999982873
            ],
            [
              -60.205917000160866,
              46.191721999907834
            ],
            [
              -60.20341700040326,
              46.20333299984932
            ],
            [
              -60.1994439998366,
              46.208889000014445
            ],
            [
              -60.20255600023773,
              46.20900000017383
            ],
            [
              -60.20488899959075,
              46.205082999984434
            ],
            [
              -60.21049999992456,
              46.20344400004504
            ],
            [
              -60.21369400034142,
              46.2035559997463
            ],
            [
              -60.21411100009295,
              46.20511099971753
            ],
            [
              -60.20486100000166,
              46.21077800001019
            ],
            [
              -60.195888999744724,
              46.21250000012992
            ],
            [
              -60.18927800022654,
              46.217722000057826
            ],
            [
              -60.1877219995768,
              46.22213900028449
            ],
            [
              -60.18183300030698,
              46.228055999779336
            ],
            [
              -60.18091699988986,
              46.23158300016394
            ],
            [
              -60.16977799996125,
              46.24283300009672
            ],
            [
              -60.154305999615865,
              46.25075000009635
            ],
            [
              -60.13655600016906,
              46.25602800009786
            ],
            [
              -60.13455600000365,
              46.26305599972693
            ],
            [
              -60.125139000406094,
              46.26830599978191
            ],
            [
              -60.11836099958499,
              46.2635000000458
            ],
            [
              -60.09313899955615,
              46.26074999990581
            ],
            [
              -60.08386099987577,
              46.2582779999043
            ],
            [
              -60.077082999953014,
              46.25416699991299
            ],
            [
              -60.0582780001719,
              46.25327799974229
            ],
            [
              -60.05536099976445,
              46.250917000091995
            ],
            [
              -60.045917000402724,
              46.25000000022547
            ],
            [
              -60.026833000064045,
              46.241944000115495
            ],
            [
              -60.03174999973857,
              46.23938900004696
            ],
            [
              -60.03591699957567,
              46.233888999832345
            ],
            [
              -60.03400000014925,
              46.22980600018274
            ],
            [
              -60.034806000063206,
              46.22833300021343
            ],
            [
              -60.05627800000649,
              46.227388999803225
            ],
            [
              -60.055971999684736,
              46.225389000295934
            ],
            [
              -60.05836100001257,
              46.22408300014499
            ],
            [
              -60.06988900010361,
              46.22244399972115
            ],
            [
              -60.07894400020124,
              46.21597199980069
            ],
            [
              -60.08283300020397,
              46.21591699970918
            ],
            [
              -60.08399999979295,
              46.212444000101016
            ],
            [
              -60.07991699962145,
              46.214861000198546
            ],
            [
              -60.072138999615966,
              46.21230599985279
            ],
            [
              -60.06988900010361,
              46.209972000102454
            ],
            [
              -60.058110999767315,
              46.21161099984547
            ],
            [
              -60.05705600033134,
              46.20827800027941
            ],
            [
              -60.05327799975838,
              46.21247199981182
            ],
            [
              -60.0470279999152,
              46.21086100018582
            ],
            [
              -60.04497199967328,
              46.21247199981182
            ],
            [
              -60.04052799982678,
              46.21258300018973
            ],
            [
              -60.037889000151985,
              46.215444000004595
            ],
            [
              -60.04244400032659,
              46.218111000285724
            ],
            [
              -60.04502799974979,
              46.22366699974644
            ],
            [
              -60.04255599958127,
              46.226638999982065
            ],
            [
              -60.03533300031789,
              46.21850000024404
            ],
            [
              -60.028361000226354,
              46.215082999775404
            ],
            [
              -60.02172200022075,
              46.21488899992024
            ],
            [
              -60.00816700020012,
              46.22163900013032
            ],
            [
              -60.00311099971009,
              46.220749999865326
            ],
            [
              -60.00000000003221,
              46.2182780001852
            ],
            [
              -59.97938900025446,
              46.22172200005098
            ],
            [
              -59.96697200040879,
              46.22097199987401
            ],
            [
              -59.960832999995375,
              46.21838900001601
            ],
            [
              -59.952833000232054,
              46.21813900021498
            ],
            [
              -59.95116699997749,
              46.21644399981313
            ],
            [
              -59.94830599964654,
              46.20886099972036
            ],
            [
              -59.94824999957004,
              46.19869400007477
            ],
            [
              -59.94002800004886,
              46.197500000068935
            ],
            [
              -59.93891699963808,
              46.195222000083426
            ],
            [
              -59.939916999720786,
              46.19233299971129
            ],
            [
              -59.92930599987177,
              46.181582999931145
            ],
            [
              -59.9133330001093,
              46.180972000047916
            ],
            [
              -59.90733299961307,
              46.182778000055166
            ],
            [
              -59.90325000033989,
              46.18786100005909
            ],
            [
              -59.89586099959851,
              46.190028000114154
            ],
            [
              -59.88430599974328,
              46.192722000050054
            ],
            [
              -59.866527999809065,
              46.192500000262775
            ],
            [
              -59.85674999963818,
              46.18947200006937
            ],
            [
              -59.85827799980048,
              46.18577799996501
            ],
            [
              -59.84933300020604,
              46.18313899988327
            ],
            [
              -59.84469400036584,
              46.17927799985384
            ],
            [
              -59.83536100043387,
              46.18344400009074
            ],
            [
              -59.829083000103296,
              46.18427800026092
            ],
            [
              -59.8153609996781,
              46.181582999931145
            ],
            [
              -59.811278000404904,
              46.175805999896305
            ],
            [
              -59.8102499998348,
              46.17194399970111
            ],
            [
              -59.815749999840506,
              46.168443999797944
            ],
            [
              -59.83800000010866,
              46.16755599999353
            ],
            [
              -59.84686100003753,
              46.16411099996827
            ],
            [
              -59.84991700036213,
              46.16077799987741
            ],
            [
              -59.85141700003703,
              46.15491699975885
            ],
            [
              -59.86080600004549,
              46.14902799990266
            ],
            [
              -59.86055599980025,
              46.142582999895275
            ],
            [
              -59.862721999647,
              46.139555999711945
            ],
            [
              -59.865138999563925,
              46.1389719999366
            ],
            [
              -59.870443999576,
              46.13197200024717
            ],
            [
              -59.87400000039111,
              46.13041700001265
            ],
            [
              -59.87605599973471,
              46.12452800024873
            ],
            [
              -59.88424999966678,
              46.11894400023151
            ],
            [
              -59.883582999670004,
              46.10936100014984
            ],
            [
              -59.88766699966642,
              46.11211100009854
            ],
            [
              -59.88852799983195,
              46.11580600017748
            ],
            [
              -59.890306000239526,
              46.11558299992578
            ],
            [
              -59.8960280000031,
              46.11322199979911
            ],
            [
              -59.89622200017184,
              46.10927799992512
            ],
            [
              -59.90274999984936,
              46.10647199976546
            ],
            [
              -59.903111000422705,
              46.10247200027791
            ],
            [
              -59.8996390001715,
              46.10077799987508
            ],
            [
              -59.89369399992684,
              46.101555999763995
            ],
            [
              -59.89352800024548,
              46.09872199987968
            ],
            [
              -59.89577799975783,
              46.09755599989423
            ],
            [
              -59.893971999761185,
              46.0944170000685
            ],
            [
              -59.88911100016315,
              46.092833000080546
            ],
            [
              -59.889082999675736,
              46.08916700020651
            ],
            [
              -59.88241699990596,
              46.09155599986573
            ],
            [
              -59.88383299991526,
              46.09719399996157
            ],
            [
              -59.87891700006564,
              46.10347199995345
            ],
            [
              -59.8744439999068,
              46.10605600029679
            ],
            [
              -59.88130600039349,
              46.10844399991408
            ],
            [
              -59.88088899974364,
              46.11150000022185
            ],
            [
              -59.864972000057676,
              46.11000000029084
            ],
            [
              -59.840971999869375,
              46.113333000081724
            ],
            [
              -59.82583299960993,
              46.11766700009979
            ],
            [
              -59.81358300016884,
              46.127444000081965
            ],
            [
              -59.804056000068115,
              46.13083299987773
            ],
            [
              -59.798388999657824,
              46.130693999712626
            ],
            [
              -59.79641699997981,
              46.129250000097684
            ],
            [
              -59.79683299990643,
              46.12611100000745
            ],
            [
              -59.813610999757934,
              46.11802800006855
            ],
            [
              -59.81900000033389,
              46.10977799977758
            ],
            [
              -59.827638999606584,
              46.104943999744286
            ],
            [
              -59.82836099985495,
              46.10161100029979
            ],
            [
              -59.83133299961566,
              46.09838899978673
            ],
            [
              -59.84599999987198,
              46.08836099998207
            ],
            [
              -59.84897199963271,
              46.08827799991468
            ],
            [
              -59.84974999995755,
              46.08591699969466
            ],
            [
              -59.85688899955535,
              46.08413900027639
            ],
            [
              -59.85849999955833,
              46.080388999982404
            ],
            [
              -59.86666699972625,
              46.07333299994834
            ],
            [
              -59.874166999897376,
              46.07086099998658
            ],
            [
              -59.88586099966978,
              46.06974999984587
            ],
            [
              -59.88930600015682,
              46.06624999991832
            ],
            [
              -59.88819399992112,
              46.06422200028243
            ],
            [
              -59.89008299975844,
              46.05799999970833
            ],
            [
              -59.89663899992338,
              46.05261099974251
            ],
            [
              -59.906305999766175,
              46.05255600021969
            ],
            [
              -59.913528000102964,
              46.05063899999334
            ],
            [
              -59.92005599978047,
              46.04677800027193
            ],
            [
              -59.92391700019412,
              46.04713899988566
            ],
            [
              -59.92322199970994,
              46.049250000074736
            ],
            [
              -59.92700000028292,
              46.0508059997848
            ],
            [
              -59.93119399988419,
              46.051166999882085
            ],
            [
              -59.956360999661456,
              46.04727800003184
            ],
            [
              -59.9673890001603,
              46.035722000146436
            ],
            [
              -59.96424999999502,
              46.02327800004897
            ],
            [
              -59.96149999999215,
              46.020833000292484
            ],
            [
              -59.956971999581725,
              46.020556000016946
            ],
            [
              -59.95644400040045,
              46.01686099972531
            ],
            [
              -59.952332999741536,
              46.013305999775326
            ],
            [
              -59.94513899989215,
              46.01247199995347
            ],
            [
              -59.93924999972401,
              46.01416700027044
            ],
            [
              -59.930527999712325,
              46.00911099985901
            ],
            [
              -59.91133299994389,
              46.00916699972251
            ],
            [
              -59.89958300009498,
              46.00569399997904
            ],
            [
              -59.86341700013118,
              46.01494399987683
            ],
            [
              -59.84450000019708,
              46.01752800004156
            ],
            [
              -59.83827799994301,
              46.017444000134965
            ],
            [
              -59.82833300026586,
              46.01422199995526
            ],
            [
              -59.821972000094604,
              46.00975000013664
            ],
            [
              -59.82055600008529,
              46.00658300009707
            ],
            [
              -59.82638900017693,
              46.00500000020082
            ],
            [
              -59.828027999769006,
              46.00633299979807
            ],
            [
              -59.833972000188744,
              46.00399999980005
            ],
            [
              -59.83749999961816,
              46.00402800014209
            ],
            [
              -59.83886100027419,
              46.00663900002415
            ],
            [
              -59.841139000273955,
              46.00647200026352
            ],
            [
              -59.84705600003119,
              46.00000000027234
            ],
            [
              -59.846250000117244,
              45.994138999760644
            ],
            [
              -59.84172199970681,
              45.99044400015269
            ],
            [
              -59.82002800000568,
              45.98291699991864
            ],
            [
              -59.813749999675096,
              45.97747199988332
            ],
            [
              -59.809999999589536,
              45.97122200009757
            ],
            [
              -59.80377800023377,
              45.96827799972022
            ],
            [
              -59.80627799999138,
              45.962500000206504
            ],
            [
              -59.801694000402776,
              45.95786099994695
            ],
            [
              -59.79169399957573,
              45.957888999901485
            ],
            [
              -59.78713900029943,
              45.95330599973432
            ],
            [
              -59.78794400038847,
              45.951638999984176
            ],
            [
              -59.79755599997969,
              45.95036099973704
            ],
            [
              -59.80083300023723,
              45.95205600023168
            ],
            [
              -59.80544399959002,
              45.94750000006853
            ],
            [
              -59.802972000319826,
              45.94583299996167
            ],
            [
              -59.80505600015082,
              45.942861000228774
            ],
            [
              -59.81086099975506,
              45.94455600020232
            ],
            [
              -59.8117219999206,
              45.9420829996957
            ],
            [
              -59.81758299960135,
              45.942917000289135
            ],
            [
              -59.82002800000568,
              45.94124999979472
            ],
            [
              -59.82338899992882,
              45.94458299994839
            ],
            [
              -59.83336100026846,
              45.943721999903275
            ],
            [
              -59.8362779997776,
              45.9449719999666
            ],
            [
              -59.834222000434,
              45.947917000226035
            ],
            [
              -59.828806000093856,
              45.950806000017394
            ],
            [
              -59.83169400018899,
              45.9562219999901
            ],
            [
              -59.83505599993705,
              45.95458300026865
            ],
            [
              -59.83838900027109,
              45.94952799992492
            ],
            [
              -59.8408610004396,
              45.94952799992492
            ],
            [
              -59.843361000197206,
              45.95205600023168
            ],
            [
              -59.84922199987796,
              45.949555999717745
            ],
            [
              -59.854222000291486,
              45.949555999717745
            ],
            [
              -59.85752799996304,
              45.95044399973057
            ],
            [
              -59.85877800029099,
              45.95416700018535
            ],
            [
              -59.86505599972326,
              45.95791699984188
            ],
            [
              -59.85877800029099,
              45.94913900002316
            ],
            [
              -59.86755600037918,
              45.9412780000209
            ],
            [
              -59.87000000006028,
              45.94124999979472
            ],
            [
              -59.870917000302306,
              45.94288900026602
            ],
            [
              -59.87163899965236,
              45.941222000179046
            ],
            [
              -59.8749999995755,
              45.94124999979472
            ],
            [
              -59.877527999820515,
              45.937916999800734
            ],
            [
              -59.87916700031089,
              45.937888999751415
            ],
            [
              -59.88249999974664,
              45.9420829996957
            ],
            [
              -59.88713899958682,
              45.93830599973776
            ],
            [
              -59.88630599990871,
              45.93666699997739
            ],
            [
              -59.887556000236664,
              45.93538900002766
            ],
            [
              -59.89497199984389,
              45.93622199989381
            ],
            [
              -59.899222000419975,
              45.9345829997618
            ],
            [
              -59.90422199993517,
              45.93622199989381
            ],
            [
              -59.90622200010059,
              45.93497199997138
            ],
            [
              -59.908361000183184,
              45.92874999977582
            ],
            [
              -59.91838899970101,
              45.92791700014604
            ],
            [
              -59.92169400044596,
              45.930416999935225
            ],
            [
              -59.92588899987213,
              45.930416999935225
            ],
            [
              -59.927528000362514,
              45.93375000026643
            ],
            [
              -59.927110999712696,
              45.92911100017801
            ],
            [
              -59.917499999946386,
              45.92541700015231
            ],
            [
              -59.915416999940305,
              45.92163899999312
            ],
            [
              -59.920889000356915,
              45.91625000014219
            ],
            [
              -59.92336099962712,
              45.91538900014533
            ],
            [
              -59.929193999718784,
              45.91705599996245
            ],
            [
              -59.93336099955586,
              45.91541700030457
            ],
            [
              -59.94163900005184,
              45.9170829999748
            ],
            [
              -59.9449720003859,
              45.91036100010049
            ],
            [
              -59.95005599956669,
              45.91041699985325
            ],
            [
              -59.956666999983206,
              45.90538900004731
            ],
            [
              -59.960027999906345,
              45.90708300008169
            ],
            [
              -59.96416700015435,
              45.90622199975691
            ],
            [
              -59.967944000004096,
              45.908361000283364
            ],
            [
              -59.967971999593175,
              45.91166700000833
            ],
            [
              -59.958749999989294,
              45.92166700012319
            ],
            [
              -59.960056000393756,
              45.92288899984479
            ],
            [
              -59.96499999983247,
              45.92202799975342
            ],
            [
              -59.97333299968172,
              45.91705599996245
            ],
            [
              -59.97586099992674,
              45.91705599996245
            ],
            [
              -59.97797200042023,
              45.90916700029817
            ],
            [
              -59.98841699968958,
              45.90205599978484
            ],
            [
              -59.99208300010957,
              45.89749999994501
            ],
            [
              -59.99297199986418,
              45.89580600008439
            ],
            [
              -59.990861000269,
              45.894555999751844
            ],
            [
              -59.98416700001183,
              45.894555999751844
            ],
            [
              -59.98172199960748,
              45.8962219997818
            ],
            [
              -59.976666999840674,
              45.895444000231514
            ],
            [
              -59.97422200033467,
              45.89702799974403
            ],
            [
              -59.971721999678735,
              45.89625000023259
            ],
            [
              -59.971278000163046,
              45.89413899973426
            ],
            [
              -59.976306000165664,
              45.8916669999381
            ],
            [
              -59.974138999595674,
              45.88625000004631
            ],
            [
              -59.978306000331074,
              45.88625000004631
            ],
            [
              -59.9842220002634,
              45.88208299993345
            ],
            [
              -59.990861000269,
              45.8803609997758
            ],
            [
              -59.98961099994104,
              45.875777999884924
            ],
            [
              -59.992582999701746,
              45.87455599987808
            ],
            [
              -59.994193999704734,
              45.8754439998923
            ],
            [
              -59.99294400027509,
              45.87250000018923
            ],
            [
              -59.994193999704734,
              45.871194000273796
            ],
            [
              -59.99713899970128,
              45.87250000018923
            ],
            [
              -59.99541700026853,
              45.87413899981392
            ],
            [
              -59.996972000195,
              45.876888999886454
            ],
            [
              -60.00000000003221,
              45.87788900028482
            ],
            [
              -60.00422200012088,
              45.876222000032755
            ],
            [
              -60.01836100029761,
              45.876194000116975
            ],
            [
              -60.022555999723785,
              45.87288899971239
            ],
            [
              -60.025916999646924,
              45.87291700004253
            ],
            [
              -60.02830599997477,
              45.875388999944434
            ],
            [
              -60.03666700031143,
              45.87541700026583
            ],
            [
              -60.03999999974717,
              45.87705600016906
            ],
            [
              -60.05752800033444,
              45.87705600016906
            ],
            [
              -60.06122200034351,
              45.87497199987653
            ],
            [
              -60.06166699968413,
              45.87127800003093
            ],
            [
              -60.06755599985227,
              45.871250000126004
            ],
            [
              -60.087555999709764,
              45.87708300024999
            ],
            [
              -60.102527999564614,
              45.875388999944434
            ],
            [
              -60.1158330002383,
              45.88375000007186
            ],
            [
              -60.128361000412056,
              45.88377799993215
            ],
            [
              -60.139999999932876,
              45.87874999968839
            ],
            [
              -60.140832999611,
              45.87705600016906
            ],
            [
              -60.14916700018349,
              45.87708300024999
            ],
            [
              -60.15086100002714,
              45.87455599987808
            ],
            [
              -60.15502799986424,
              45.87455599987808
            ],
            [
              -60.16294399996197,
              45.86663899970423
            ],
            [
              -60.16461100004146,
              45.85997200007012
            ],
            [
              -60.16747200037239,
              45.859583000232774
            ],
            [
              -60.167916999713,
              45.857500000158275
            ],
            [
              -60.17166699979858,
              45.85622200002425
            ],
            [
              -60.17291700012654,
              45.85419400013063
            ],
            [
              -60.17047199972219,
              45.84577800007176
            ],
            [
              -60.16508300004456,
              45.839583000236395
            ],
            [
              -60.15502799986424,
              45.83791699972211
            ],
            [
              -60.15002800034902,
              45.83955600008929
            ],
            [
              -60.15038900002404,
              45.843333000188714
            ],
            [
              -60.14666700042588,
              45.84455600010107
            ],
            [
              -60.14088899968749,
              45.84208300012731
            ],
            [
              -60.138361000340794,
              45.83874999995614
            ],
            [
              -60.13716700008934,
              45.843360999761344
            ],
            [
              -60.132499999761734,
              45.84461099989417
            ],
            [
              -60.1313060004086,
              45.842527999721504
            ],
            [
              -60.13550000000986,
              45.83919399984169
            ],
            [
              -60.134611000255234,
              45.834138999805624
            ],
            [
              -60.13336099992728,
              45.832917000182746
            ],
            [
              -60.124193999676656,
              45.832917000182746
            ],
            [
              -60.122916999584525,
              45.82916699990494
            ],
            [
              -60.126305999995076,
              45.82666699998722
            ],
            [
              -60.12169399991905,
              45.82288900007926
            ],
            [
              -60.10916699957022,
              45.82291699992305
            ],
            [
              -60.10088899997254,
              45.820361000064764
            ],
            [
              -60.09416700012627,
              45.81624999971742
            ],
            [
              -60.07666700002639,
              45.8195830001608
            ],
            [
              -60.07547199995001,
              45.81577799993984
            ],
            [
              -60.078333000280956,
              45.81538899969454
            ],
            [
              -60.081278000277486,
              45.812499999878945
            ],
            [
              -60.079611000198014,
              45.81166699997436
            ],
            [
              -60.07875000003248,
              45.807472000039745
            ],
            [
              -60.081694000204095,
              45.80125000018975
            ],
            [
              -60.0949999998044,
              45.79708300017854
            ],
            [
              -60.104222000306585,
              45.78788899979984
            ],
            [
              -60.115055999738374,
              45.780443999764714
            ],
            [
              -60.125055999667104,
              45.78458300010346
            ],
            [
              -60.139999999932876,
              45.78461099978646
            ],
            [
              -60.155083000115816,
              45.78041699975304
            ],
            [
              -60.16999999971909,
              45.781250000195
            ],
            [
              -60.178892139747276,
              45.77705599981596
            ],
            [
              -59.69909800019999,
              44.933282999833786
            ],
            [
              -59.10717999976317,
              45.27150199978442
            ]
          ]
        ]
      }
    },
    {
      "type": "Feature",
      "properties": {
        "LFA": "28",
        "MLS": "84",
        "name": "LFA 28"
      },
      "geometry": {
        "type": "Polygon",
        "coordinates": [
          [
            [
              -60.84586100001524,
              45.671221999812744
            ],
            [
              -60.84088900008911,
              45.671249999882484
            ],
            [
              -60.839249999598735,
              45.67372200006122
            ],
            [
              -60.83341700040539,
              45.67286099972191
            ],
            [
              -60.83169400024942,
              45.670388999804224
            ],
            [
              -60.830889000160376,
              45.67294400001297
            ],
            [
              -60.82002800006611,
              45.671249999882484
            ],
            [
              -60.81966700039108,
              45.67413899998933
            ],
            [
              -60.826693999835896,
              45.67788899996771
            ],
            [
              -60.82705600023414,
              45.68080599971288
            ],
            [
              -60.818388999575724,
              45.68791700015333
            ],
            [
              -60.79833299964174,
              45.68791700015333
            ],
            [
              -60.793389000203035,
              45.68708299984626
            ],
            [
              -60.78919399987854,
              45.68375000024475
            ],
            [
              -60.79041700044232,
              45.68583299992843
            ],
            [
              -60.78919399987854,
              45.68791700015333
            ],
            [
              -60.776249999778166,
              45.69333300023217
            ],
            [
              -60.7808059997777,
              45.69375000020917
            ],
            [
              -60.783000000111855,
              45.698305999912044
            ],
            [
              -60.782944000035364,
              45.70166699974834
            ],
            [
              -60.7766940001922,
              45.70705600030926
            ],
            [
              -60.77169399977866,
              45.70541700025103
            ],
            [
              -60.76088899976089,
              45.70622199997237
            ],
            [
              -60.75583300016919,
              45.70458299992752
            ],
            [
              -60.749221999752685,
              45.69455599993156
            ],
            [
              -60.74586099982954,
              45.69455599993156
            ],
            [
              -60.743750000234364,
              45.69080600010113
            ],
            [
              -60.740082999989475,
              45.688722000205125
            ],
            [
              -60.743806000310855,
              45.693306000108414
            ],
            [
              -60.74047200015188,
              45.69502800024088
            ],
            [
              -60.739610999986375,
              45.698305999912044
            ],
            [
              -60.74872200016048,
              45.70666699972525
            ],
            [
              -60.74877800023697,
              45.71163899983699
            ],
            [
              -60.74630600006847,
              45.71833299976473
            ],
            [
              -60.742166999820455,
              45.72169399971129
            ],
            [
              -60.744999999664,
              45.722082999816756
            ],
            [
              -60.74630600006847,
              45.7241669999716
            ],
            [
              -60.74624999999197,
              45.731666999884595
            ],
            [
              -60.734999999735265,
              45.7295560003029
            ],
            [
              -60.73255600005415,
              45.7295560003029
            ],
            [
              -60.730806000133995,
              45.73208299974113
            ],
            [
              -60.72755599964063,
              45.73208299974113
            ],
            [
              -60.72588899956115,
              45.73038900030107
            ],
            [
              -60.72463900013151,
              45.73161100001693
            ],
            [
              -60.73755599956937,
              45.737082999877806
            ],
            [
              -60.73925000031135,
              45.73958300009476
            ],
            [
              -60.741305999654934,
              45.739167000306225
            ],
            [
              -60.738749999820826,
              45.73580600014195
            ],
            [
              -60.73922199982394,
              45.73374999981539
            ],
            [
              -60.7583890000033,
              45.73458299996398
            ],
            [
              -60.76044400042028,
              45.73833300018441
            ],
            [
              -60.756721999923805,
              45.73958300009476
            ],
            [
              -60.755028000080145,
              45.74291699987779
            ],
            [
              -60.757556000325174,
              45.74291699987779
            ],
            [
              -60.7583890000033,
              45.74041699972745
            ],
            [
              -60.77002800042241,
              45.739555999738336
            ],
            [
              -60.77583300002666,
              45.74291699987779
            ],
            [
              -60.77461100018611,
              45.74083300023392
            ],
            [
              -60.77580600026248,
              45.739555999738336
            ],
            [
              -60.780444000277775,
              45.74416699997624
            ],
            [
              -60.7813060002682,
              45.74913900013632
            ],
            [
              -60.77336099985814,
              45.752083000193586
            ],
            [
              -60.76919400002107,
              45.74958299993664
            ],
            [
              -60.7675279997665,
              45.75288899995577
            ],
            [
              -60.762499999763875,
              45.75374999990933
            ],
            [
              -60.7587499996783,
              45.75166700014972
            ],
            [
              -60.75916700032814,
              45.74955600002845
            ],
            [
              -60.75586099975827,
              45.74869400011187
            ],
            [
              -60.75083299975565,
              45.74374999994698
            ],
            [
              -60.74133300031743,
              45.74247199977786
            ],
            [
              -60.744999999664,
              45.74455600030589
            ],
            [
              -60.7491670003994,
              45.74458300012505
            ],
            [
              -60.751667000157006,
              45.74958299993664
            ],
            [
              -60.74669400040598,
              45.74708299990884
            ],
            [
              -60.744611000399885,
              45.74830600024228
            ],
            [
              -60.75586099975827,
              45.75294400004567
            ],
            [
              -60.757556000325174,
              45.7554169999747
            ],
            [
              -60.7675000001774,
              45.75538900004824
            ],
            [
              -60.76919400002107,
              45.76038900017599
            ],
            [
              -60.7720829999411,
              45.75913899984248
            ],
            [
              -60.772111000428495,
              45.76663899976258
            ],
            [
              -60.7700560000115,
              45.769556000013154
            ],
            [
              -60.764193999607535,
              45.772860999749575
            ],
            [
              -60.75922199968141,
              45.772889000306826
            ],
            [
              -60.757556000325174,
              45.769610999967426
            ],
            [
              -60.755028000080145,
              45.769556000013154
            ],
            [
              -60.7541939996788,
              45.767889000002725
            ],
            [
              -60.75041699982904,
              45.768306000158375
            ],
            [
              -60.75205600031944,
              45.77000000029454
            ],
            [
              -60.75211099967271,
              45.77669399978053
            ],
            [
              -60.74833299999804,
              45.77708300020211
            ],
            [
              -60.74622200040288,
              45.78080599988831
            ],
            [
              -60.75083299975565,
              45.782056000250286
            ],
            [
              -60.752139000160106,
              45.784139000028844
            ],
            [
              -60.74750000031994,
              45.78958300017166
            ],
            [
              -60.7420560003907,
              45.78083299971165
            ],
            [
              -60.74458299991249,
              45.7891109999172
            ],
            [
              -60.7471110001575,
              45.7916939998302
            ],
            [
              -60.74419399975005,
              45.794610999879374
            ],
            [
              -60.738749999820826,
              45.794139000239916
            ],
            [
              -60.742110999743964,
              45.7958059997334
            ],
            [
              -60.73919400023483,
              45.79958300009612
            ],
            [
              -60.731694000063705,
              45.80122200009734
            ],
            [
              -60.73083299989817,
              45.803694000198895
            ],
            [
              -60.7241670001284,
              45.805416999798204
            ],
            [
              -60.7220830002974,
              45.80999999975181
            ],
            [
              -60.71922199996646,
              45.81205599992066
            ],
            [
              -60.70922200003773,
              45.81458300017944
            ],
            [
              -60.704194000035095,
              45.81791700006613
            ],
            [
              -60.697499999777925,
              45.819555999701
            ],
            [
              -60.686722000422634,
              45.819555999701
            ],
            [
              -60.67419400024888,
              45.823721999895376
            ],
            [
              -60.665472000237195,
              45.830860999721786
            ],
            [
              -60.66047199982367,
              45.83916700013161
            ],
            [
              -60.650471999894926,
              45.84911099971097
            ],
            [
              -60.64797200013732,
              45.85416700019223
            ],
            [
              -60.64002799955217,
              45.860389000073695
            ],
            [
              -60.625860999786354,
              45.86622200028852
            ],
            [
              -60.61002799976597,
              45.87874999968839
            ],
            [
              -60.60791700017077,
              45.87830599972698
            ],
            [
              -60.60966700009094,
              45.872443999720126
            ],
            [
              -60.60750000041927,
              45.87291700004253
            ],
            [
              -60.60250000000573,
              45.87874999968839
            ],
            [
              -60.59705600007652,
              45.88161100002777
            ],
            [
              -60.5991669996717,
              45.88205599978069
            ],
            [
              -60.60422200033679,
              45.87874999968839
            ],
            [
              -60.6063060001678,
              45.87997200002387
            ],
            [
              -60.60502800025075,
              45.8812220002724
            ],
            [
              -60.59833300016865,
              45.88455599969706
            ],
            [
              -60.58830599957741,
              45.8853889999315
            ],
            [
              -60.5833060000622,
              45.892917000273634
            ],
            [
              -60.58166699957181,
              45.89125000011155
            ],
            [
              -60.58086099965788,
              45.89458300008133
            ],
            [
              -60.57749999973474,
              45.89127799994304
            ],
            [
              -60.57588899973174,
              45.894555999751844
            ],
            [
              -60.56419400013444,
              45.89625000023259
            ],
            [
              -60.55505600019614,
              45.90291699971174
            ],
            [
              -60.550028000193514,
              45.90377800003841
            ],
            [
              -60.542555999611494,
              45.90788899990194
            ],
            [
              -60.53544399977787,
              45.91333299975734
            ],
            [
              -60.53125000017661,
              45.919139000166304
            ],
            [
              -60.53125000017661,
              45.922499999872386
            ],
            [
              -60.52338900033044,
              45.93205600010629
            ],
            [
              -60.52086100008544,
              45.933777999906674
            ],
            [
              -60.51086100015668,
              45.93544399991337
            ],
            [
              -60.50297199982312,
              45.94166700011648
            ],
            [
              -60.50005600013892,
              45.94788900022983
            ],
            [
              -60.49333299956942,
              45.947917000226035
            ],
            [
              -60.490027999722784,
              45.95041699971619
            ],
            [
              -60.48750000037608,
              45.948694000100126
            ],
            [
              -60.482944000376555,
              45.951638999984176
            ],
            [
              -60.47916699962849,
              45.95874999971546
            ],
            [
              -60.47172199970896,
              45.960416999761186
            ],
            [
              -60.458333000268,
              45.9678890003089
            ],
            [
              -60.45499999993394,
              45.97125000016772
            ],
            [
              -60.446722000336266,
              45.97288900009939
            ],
            [
              -60.435056000152954,
              45.9787499997463
            ],
            [
              -60.4317499995831,
              45.98288900012942
            ],
            [
              -60.42336099965734,
              45.985388999779055
            ],
            [
              -60.42291700014164,
              45.98749999989979
            ],
            [
              -60.415832999897106,
              45.993749999768916
            ],
            [
              -60.413805999967515,
              45.993305999706536
            ],
            [
              -60.40905599979924,
              46.00000000027234
            ],
            [
              -60.409943999728966,
              46.00336099986341
            ],
            [
              -60.40763899996504,
              46.00569399997904
            ],
            [
              -60.4016109998797,
              46.00983299974623
            ],
            [
              -60.3996390002017,
              46.00975000013664
            ],
            [
              -60.39961099971429,
              46.008500000260575
            ],
            [
              -60.397444000042626,
              46.0092500002069
            ],
            [
              -60.392749999950844,
              46.01324999973534
            ],
            [
              -60.37952800001613,
              46.01866700017779
            ],
            [
              -60.37566699960248,
              46.02227800012516
            ],
            [
              -60.38772199994822,
              46.019082999899894
            ],
            [
              -60.39030600026973,
              46.01661099971684
            ],
            [
              -60.402389000204565,
              46.01408300024921
            ],
            [
              -60.40491699955126,
              46.010778000207395
            ],
            [
              -60.410138999722626,
              46.009861000255405
            ],
            [
              -60.41805599964527,
              46.00352800027996
            ],
            [
              -60.431721999994004,
              45.99786099979748
            ],
            [
              -60.43916699991353,
              45.99288899975237
            ],
            [
              -60.44502799959429,
              45.99038899991763
            ],
            [
              -60.44916699984229,
              45.99122200018805
            ],
            [
              -60.45419400001998,
              45.985388999779055
            ],
            [
              -60.46916699969977,
              45.98372200028803
            ],
            [
              -60.47294400044784,
              45.980000000074945
            ],
            [
              -60.47208300028229,
              45.977499999914976
            ],
            [
              -60.476693999635074,
              45.97538899991716
            ],
            [
              -60.48249999996255,
              45.97538899991716
            ],
            [
              -60.48341700020459,
              45.97708300011887
            ],
            [
              -60.48586099988569,
              45.975416999753506
            ],
            [
              -60.49758300014549,
              45.97372200024728
            ],
            [
              -60.49916700038429,
              45.97125000016772
            ],
            [
              -60.510056000067664,
              45.96622200029736
            ],
            [
              -60.52086100008544,
              45.96458299976717
            ],
            [
              -60.53672199969491,
              45.957888999901485
            ],
            [
              -60.54336099970051,
              45.95791699984188
            ],
            [
              -60.54380599993944,
              45.959139000229406
            ],
            [
              -60.54213899985997,
              45.959999999978784
            ],
            [
              -60.54463899961757,
              45.960805999812166
            ],
            [
              -60.54416699961447,
              45.96205599990167
            ],
            [
              -60.55338900011668,
              45.96294400007535
            ],
            [
              -60.5541940002057,
              45.96125000014307
            ],
            [
              -60.566749999968536,
              45.961222000013564
            ],
            [
              -60.575056000053614,
              45.95877799984527
            ],
            [
              -60.577056000219024,
              45.95749999997952
            ],
            [
              -60.56544399956408,
              45.95747199982842
            ],
            [
              -60.56711099964356,
              45.95500000022375
            ],
            [
              -60.564583000296864,
              45.954139000223705
            ],
            [
              -60.56544399956408,
              45.951638999984176
            ],
            [
              -60.56919399964965,
              45.95041699971619
            ],
            [
              -60.558417000119285,
              45.949555999717745
            ],
            [
              -60.555027999708734,
              45.94622199995335
            ],
            [
              -60.550028000193514,
              45.94622199995335
            ],
            [
              -60.54380599993944,
              45.94249999999897
            ],
            [
              -60.55005599978262,
              45.942055999981406
            ],
            [
              -60.553360999629255,
              45.93955600009632
            ],
            [
              -60.56500000004838,
              45.93958299977869
            ],
            [
              -60.566277999965436,
              45.94166700011648
            ],
            [
              -60.56419400013444,
              45.944527999757675
            ],
            [
              -60.55458300036812,
              45.9416390000867
            ],
            [
              -60.55800000036776,
              45.9441669997636
            ],
            [
              -60.559222000208315,
              45.947917000226035
            ],
            [
              -60.582527999737344,
              45.94711100030044
            ],
            [
              -60.590832999997524,
              45.94625000016701
            ],
            [
              -60.60338899976035,
              45.942055999981406
            ],
            [
              -60.608333000097396,
              45.94288900026602
            ],
            [
              -60.61505599976857,
              45.93955600009632
            ],
            [
              -60.62172200043666,
              45.93872200017092
            ],
            [
              -60.627556000353245,
              45.93455600014387
            ],
            [
              -60.63088899978897,
              45.93455600014387
            ],
            [
              -60.62627800043619,
              45.933332999756416
            ],
            [
              -60.628332999954864,
              45.92958300001719
            ],
            [
              -60.63961099980066,
              45.928277999721296
            ],
            [
              -60.633721999632506,
              45.9258329997954
            ],
            [
              -60.63422200012302,
              45.923721999993035
            ],
            [
              -60.630861000199864,
              45.92788900004618
            ],
            [
              -60.62955599962032,
              45.925861000308224
            ],
            [
              -60.63258299963264,
              45.92208299976611
            ],
            [
              -60.64922199956697,
              45.919555999902194
            ],
            [
              -60.65338900030236,
              45.912056000303544
            ],
            [
              -60.663360999743695,
              45.90705600020465
            ],
            [
              -60.672527999994315,
              45.90872200022488
            ],
            [
              -60.6950279996094,
              45.90125000029028
            ],
            [
              -60.71002799995168,
              45.89875000027683
            ],
            [
              -60.72088900004593,
              45.89958300020342
            ],
            [
              -60.7246109996441,
              45.90252799975386
            ],
            [
              -60.7220830002974,
              45.908305999795296
            ],
            [
              -60.719638999717986,
              45.90997199980094
            ],
            [
              -60.72166700037079,
              45.92458300003949
            ],
            [
              -60.723750000376874,
              45.92330600014188
            ],
            [
              -60.72291699980043,
              45.91413900007088
            ],
            [
              -60.72463900013151,
              45.90411100018198
            ],
            [
              -60.726666999886014,
              45.90205599978484
            ],
            [
              -60.730000000220045,
              45.90291699971174
            ],
            [
              -60.736277999652316,
              45.90749999977937
            ],
            [
              -60.73291699972918,
              45.91583299993481
            ],
            [
              -60.73713899981785,
              45.92666699986138
            ],
            [
              -60.7425280003938,
              45.93288900005479
            ],
            [
              -60.754166999914624,
              45.93705599993726
            ],
            [
              -60.75833299992678,
              45.937083000212226
            ],
            [
              -60.76416699984336,
              45.93291700012974
            ],
            [
              -60.78002800035115,
              45.93372199998731
            ],
            [
              -60.78163900035414,
              45.93211100017367
            ],
            [
              -60.78672199971002,
              45.932082999691794
            ],
            [
              -60.795861000371545,
              45.93461100023097
            ],
            [
              -60.80047199972434,
              45.93830599973776
            ],
            [
              -60.80133299988985,
              45.9416390000867
            ],
            [
              -60.79461100004358,
              45.95583300023147
            ],
            [
              -60.79627792017301,
              45.95747435982027
            ],
            [
              -60.80523138998227,
              45.9585192099628
            ],
            [
              -60.810444000063974,
              45.95330599973432
            ],
            [
              -60.81124999997793,
              45.94747199986169
            ],
            [
              -60.81333299998401,
              45.94455600020232
            ],
            [
              -60.820916999820724,
              45.943721999903275
            ],
            [
              -60.83669399976463,
              45.94625000016701
            ],
            [
              -60.84166700041398,
              45.942917000289135
            ],
            [
              -60.857500000434364,
              45.94041699987217
            ],
            [
              -60.86752799995219,
              45.941222000179046
            ],
            [
              -60.868805999869245,
              45.9400000001441
            ],
            [
              -60.868749999792755,
              45.93497199997138
            ],
            [
              -60.875833000212374,
              45.92961099988676
            ],
            [
              -60.89502799998081,
              45.922944000253736
            ],
            [
              -60.90586099958768,
              45.92455599992745
            ],
            [
              -60.910082999676334,
              45.91875000014856
            ],
            [
              -60.920055999840905,
              45.923749999696746
            ],
            [
              -60.942471999790406,
              45.92208299976611
            ],
            [
              -60.94338900003243,
              45.9236940002752
            ],
            [
              -60.95088900020356,
              45.92458300003949
            ],
            [
              -60.95047199955373,
              45.92244399981404
            ],
            [
              -60.95208299955671,
              45.92083299987727
            ],
            [
              -60.950443999964634,
              45.919139000166304
            ],
            [
              -60.951721999881684,
              45.91791699971763
            ],
            [
              -60.95755599979827,
              45.91702800000528
            ],
            [
              -60.959249999641905,
              45.92038900009969
            ],
            [
              -60.96172199981043,
              45.91958299994788
            ],
            [
              -60.9633889998899,
              45.921250000005024
            ],
            [
              -60.967528000137904,
              45.919555999902194
            ],
            [
              -60.9679440000645,
              45.917444000057735
            ],
            [
              -60.97088900006104,
              45.91538900014533
            ],
            [
              -60.97627799973867,
              45.91750000016317
            ],
            [
              -60.97502800030903,
              45.920443999862364
            ],
            [
              -60.97838900023217,
              45.92038900009969
            ],
            [
              -60.98002799982425,
              45.92291699996891
            ],
            [
              -60.9854170004002,
              45.92330600014188
            ],
            [
              -60.984249999912926,
              45.9262499998336
            ],
            [
              -60.97883299974786,
              45.92666699986138
            ],
            [
              -60.985916999992405,
              45.92788900004618
            ],
            [
              -60.98502800023778,
              45.93211100017367
            ],
            [
              -60.989166999587454,
              45.93291700012974
            ],
            [
              -60.99338899967613,
              45.92955599983951
            ],
            [
              -61.00000000009264,
              45.928722000096485
            ],
            [
              -60.99580599959306,
              45.92788900004618
            ],
            [
              -60.99124999959354,
              45.922499999872386
            ],
            [
              -60.99502800016653,
              45.92038900009969
            ],
            [
              -60.99538899984154,
              45.919139000166304
            ],
            [
              -60.995889000332035,
              45.91875000014856
            ],
            [
              -61.003777999767294,
              45.91580599993929
            ],
            [
              -61.002472000261164,
              45.91538900014533
            ],
            [
              -61.0017220004237,
              45.91622199977827
            ],
            [
              -60.99333299959962,
              45.91705599996245
            ],
            [
              -60.9924999999215,
              45.91788900019487
            ],
            [
              -60.988306000320236,
              45.91791699971763
            ],
            [
              -60.98625000007832,
              45.91583299993481
            ],
            [
              -60.98747199991888,
              45.91375000000075
            ],
            [
              -60.99002799975299,
              45.913722000250424
            ],
            [
              -60.99169400000756,
              45.910389000296455
            ],
            [
              -60.996250000007066,
              45.90916700029817
            ],
            [
              -60.960555800620384,
              45.87672251381533
            ],
            [
              -61.016008243458664,
              45.85309924954461
            ],
            [
              -61.144468717883186,
              45.86038309132918
            ],
            [
              -61.0789141456515,
              45.91799165462677
            ],
            [
              -61.017583000033184,
              45.90291699971174
            ],
            [
              -61.005853799776375,
              45.92742150151277
            ],
            [
              -60.96797199965361,
              45.89663899978788
            ],
            [
              -60.95782333034197,
              45.85304513221565
            ],
            [
              -60.98416700007223,
              45.90375000025817
            ],
            [
              -60.98258299983343,
              45.90455599971484
            ],
            [
              -60.973332999742155,
              45.9045830001828
            ],
            [
              -60.96919400039247,
              45.90125000029028
            ],
            [
              -60.96425000005544,
              45.90205599978484
            ],
            [
              -60.96383300030392,
              45.89999999997574
            ],
            [
              -60.96672200022396,
              45.89961100020977
            ],
            [
              -60.96797199965361,
              45.89663899978788
            ],
            [
              -60.96383300030392,
              45.89330600004308
            ],
            [
              -60.96047200038078,
              45.88416699992585
            ],
            [
              -60.958305999635705,
              45.8853889999315
            ],
            [
              -60.9450560001119,
              45.885443999986315
            ],
            [
              -60.941666999701376,
              45.88372200019746
            ],
            [
              -60.94377800019487,
              45.87997200002387
            ],
            [
              -60.941666999701376,
              45.87702800004805
            ],
            [
              -60.93627800002372,
              45.87663900010201
            ],
            [
              -60.93675000002683,
              45.871222000206934
            ],
            [
              -60.93294399986476,
              45.87166699997611
            ],
            [
              -60.93625000043463,
              45.87333299980085
            ],
            [
              -60.93258300018974,
              45.8754439998923
            ],
            [
              -60.9292220002666,
              45.86875000010114
            ],
            [
              -60.914221999924344,
              45.86955600027666
            ],
            [
              -60.917916999758326,
              45.87333299980085
            ],
            [
              -60.91669400009284,
              45.875388999944434
            ],
            [
              -60.910444000249676,
              45.86994400023534
            ],
            [
              -60.9150279998383,
              45.86538899981555
            ],
            [
              -60.927528000422946,
              45.863749999884625
            ],
            [
              -60.92880600034,
              45.86000000002578
            ],
            [
              -60.92541699992945,
              45.859194000176366
            ],
            [
              -60.92588899993256,
              45.85708299975946
            ],
            [
              -60.94086099978742,
              45.85708299975946
            ],
            [
              -60.94747200020393,
              45.859583000232774
            ],
            [
              -60.952556000283046,
              45.85955599978282
            ],
            [
              -60.95208299955671,
              45.863333000066596
            ],
            [
              -60.9537780001236,
              45.865805999850146
            ],
            [
              -60.9604170001292,
              45.868278000153616
            ],
            [
              -60.960055999555856,
              45.871250000126004
            ],
            [
              -60.953833000375184,
              45.87163900026716
            ],
            [
              -60.95922200005283,
              45.87624999993447
            ],
            [
              -60.96086099964489,
              45.876222000032755
            ],
            [
              -60.96208300038377,
              45.87413899981392
            ],
            [
              -60.962582999975965,
              45.873750000283856
            ],
            [
              -60.9633889998899,
              45.87377800018021
            ],
            [
              -60.96458300014136,
              45.87497199987653
            ],
            [
              -60.96463900021788,
              45.87583300007321
            ],
            [
              -60.966693999736556,
              45.8779440002599
            ],
            [
              -60.97086099957363,
              45.87788900028482
            ],
            [
              -60.973388999818646,
              45.880389000093345
            ],
            [
              -60.97841699982128,
              45.87705600016906
            ],
            [
              -60.98508299959105,
              45.88288899998052
            ],
            [
              -60.98797200040941,
              45.87997200002387
            ],
            [
              -60.98044399975086,
              45.87497199987653
            ],
            [
              -60.98422200032383,
              45.87294400025816
            ],
            [
              -60.99333299959962,
              45.87874999968839
            ],
            [
              -60.994666999593186,
              45.87580600001031
            ],
            [
              -60.99008300000456,
              45.87372199974799
            ],
            [
              -60.984999999750364,
              45.867055999744935
            ],
            [
              -60.98249999999277,
              45.86794400012276
            ],
            [
              -60.980056000311656,
              45.867889000258565
            ],
            [
              -60.979638999661816,
              45.868278000153616
            ],
            [
              -60.97966700014922,
              45.870000000096006
            ],
            [
              -60.979221999910294,
              45.87038900022911
            ],
            [
              -60.97086099957363,
              45.87372199974799
            ],
            [
              -60.96830599956445,
              45.873750000283856
            ],
            [
              -60.967528000137904,
              45.872860999993605
            ],
            [
              -60.96588899964752,
              45.87288899971239
            ],
            [
              -60.96461099973047,
              45.8700280000052
            ],
            [
              -60.967056000134804,
              45.867472000211684
            ],
            [
              -60.96755599972698,
              45.86544400027669
            ],
            [
              -60.97588899957626,
              45.86541700017085
            ],
            [
              -60.97797199958235,
              45.864138999968866
            ],
            [
              -60.971638999898495,
              45.86294399997271
            ],
            [
              -60.96341700037731,
              45.85788900017908
            ],
            [
              -60.95505600004065,
              45.85788900017908
            ],
            [
              -60.945832999713545,
              45.85538899987143
            ],
            [
              -60.94255600035431,
              45.85127799986579
            ],
            [
              -60.936667000186155,
              45.851221999916206
            ],
            [
              -60.93419400019273,
              45.849582999702996
            ],
            [
              -60.93130600009761,
              45.84580600029109
            ],
            [
              -60.93211100018664,
              45.844110999832196
            ],
            [
              -60.93586100027221,
              45.842055999941806
            ],
            [
              -60.940833000198324,
              45.8420279997124
            ],
            [
              -60.942111000115375,
              45.84330599998405
            ],
            [
              -60.939222000195336,
              45.843721999806
            ],
            [
              -60.93713900018926,
              45.8474439998586
            ],
            [
              -60.9425279998669,
              45.84955600002888
            ],
            [
              -60.94299999987,
              45.84586100009988
            ],
            [
              -60.94627799995246,
              45.843333000188714
            ],
            [
              -60.94541699978692,
              45.8375000001924
            ],
            [
              -60.947582999633696,
              45.834556000112364
            ],
            [
              -60.96083300005581,
              45.83622199986431
            ],
            [
              -60.966749999813054,
              45.840389000193646
            ],
            [
              -60.97294399957972,
              45.84083300014262
            ],
            [
              -60.972889000226466,
              45.8424999997296
            ],
            [
              -60.96591700013493,
              45.849582999702996
            ],
            [
              -60.96336100030082,
              45.847860999950214
            ],
            [
              -60.96130599988382,
              45.85080599986644
            ],
            [
              -60.96255600021179,
              45.854555999753885
            ],
            [
              -60.97169400015007,
              45.854583000129104
            ],
            [
              -60.97791700022907,
              45.85002799999892
            ],
            [
              -60.97297200006713,
              45.844167000057595
            ],
            [
              -60.97586099998717,
              45.839583000236395
            ],
            [
              -60.99422200025257,
              45.833722000129576
            ],
            [
              -60.995889000332035,
              45.830443999895536
            ],
            [
              -61.003000000340755,
              45.825833000096495
            ],
            [
              -61.00330599976418,
              45.823721999895376
            ],
            [
              -61.006249999935804,
              45.82416699984177
            ],
            [
              -61.00499999960786,
              45.82872199986633
            ],
            [
              -61.00833299994189,
              45.82708300026828
            ],
            [
              -61.01419399962265,
              45.8279170002102
            ],
            [
              -61.016222000275455,
              45.825833000096495
            ],
            [
              -61.01463899986156,
              45.824999999941454
            ],
            [
              -61.01838899994713,
              45.82288900007926
            ],
            [
              -61.01919400003616,
              45.82544399998527
            ],
            [
              -61.02208299995621,
              45.82666699998722
            ],
            [
              -61.01047200002448,
              45.831667000206046
            ],
            [
              -61.01255599985548,
              45.832917000182746
            ],
            [
              -61.02083299962824,
              45.832083000048456
            ],
            [
              -61.02383299987635,
              45.830833000117984
            ],
            [
              -61.02125000027808,
              45.82997200026147
            ],
            [
              -61.02252800019512,
              45.82788899975138
            ],
            [
              -61.02588900011825,
              45.82794399974506
            ],
            [
              -61.039138999642056,
              45.82291699992305
            ],
            [
              -61.0424999995652,
              45.81541700017958
            ],
            [
              -61.05583299982798,
              45.808749999873754
            ],
            [
              -61.06083300024151,
              45.80791700023969
            ],
            [
              -61.06419400016465,
              45.805388999921405
            ],
            [
              -61.06916699991568,
              45.805416999798204
            ],
            [
              -61.07666700008681,
              45.801278000268084
            ],
            [
              -61.086693999779726,
              45.799555999959914
            ],
            [
              -61.10336100020147,
              45.79291700011995
            ],
            [
              -61.1129719999678,
              45.78416699993484
            ],
            [
              -61.11413899955675,
              45.78038899984312
            ],
            [
              -61.12333299957155,
              45.77705599981596
            ],
            [
              -61.140805999907236,
              45.767055999863146
            ],
            [
              -61.148361000329956,
              45.76124999972969
            ],
            [
              -61.14919400000809,
              45.75788899970875
            ],
            [
              -61.152082999928126,
              45.75747200002807
            ],
            [
              -61.14088899974792,
              45.757917000261045
            ],
            [
              -61.13750000023569,
              45.761222000223285
            ],
            [
              -61.135055999656274,
              45.76124999972969
            ],
            [
              -61.13466700039214,
              45.75833300009605
            ],
            [
              -61.13669400032174,
              45.75625000029147
            ],
            [
              -61.14169399983696,
              45.7554169999747
            ],
            [
              -61.14505599958502,
              45.75288899995577
            ],
            [
              -61.14922199959718,
              45.75455600004154
            ],
            [
              -61.16125000017874,
              45.75413899989837
            ],
            [
              -61.1608889996054,
              45.75291699988296
            ],
            [
              -61.1562499997652,
              45.75250000002911
            ],
            [
              -61.15675000025571,
              45.74955600002845
            ],
            [
              -61.152499999679655,
              45.752056000241154
            ],
            [
              -61.148361000329956,
              45.74872200026306
            ],
            [
              -61.146721999839585,
              45.74874999977339
            ],
            [
              -61.14341699999294,
              45.75291699988296
            ],
            [
              -61.14130600039776,
              45.749972000135735
            ],
            [
              -61.14249999975091,
              45.746221999911704
            ],
            [
              -61.13630599998422,
              45.75080600002868
            ],
            [
              -61.13958300024178,
              45.752471999892705
            ],
            [
              -61.13833299991382,
              45.7554169999747
            ],
            [
              -61.13580600039203,
              45.75538900004824
            ],
            [
              -61.13252800030958,
              45.75875000023651
            ],
            [
              -61.128332999985076,
              45.75952799987014
            ],
            [
              -61.12419399973709,
              45.76375000000973
            ],
            [
              -61.121750000055975,
              45.763721999877895
            ],
            [
              -61.12130599964196,
              45.76166700000465
            ],
            [
              -61.12461100038691,
              45.75833300009605
            ],
            [
              -61.12038900029826,
              45.754999999997445
            ],
            [
              -61.13044399958026,
              45.749972000135735
            ],
            [
              -61.127111000144524,
              45.749111000194304
            ],
            [
              -61.12961099990213,
              45.743332999937444
            ],
            [
              -61.12255599996993,
              45.74208299997311
            ],
            [
              -61.11550000021281,
              45.73830599985054
            ],
            [
              -61.11669399956596,
              45.73625000002793
            ],
            [
              -61.12755600038345,
              45.73622199989086
            ],
            [
              -61.12630600005548,
              45.73247200024173
            ],
            [
              -61.12755600038345,
              45.731221999789895
            ],
            [
              -61.13252800030958,
              45.731194000267045
            ],
            [
              -61.13916700031517,
              45.72541700027934
            ],
            [
              -61.151722000253095,
              45.723749999833736
            ],
            [
              -61.14961099975962,
              45.7208060001549
            ],
            [
              -61.1583610002587,
              45.712944000032
            ],
            [
              -61.1624720000193,
              45.7120829998915
            ],
            [
              -61.16372200034725,
              45.71080600001172
            ],
            [
              -61.16255599968488,
              45.70958300006002
            ],
            [
              -61.15758299993385,
              45.70961099975097
            ],
            [
              -61.150917000164064,
              45.70372200022279
            ],
            [
              -61.13919400007936,
              45.700389000243845
            ],
            [
              -61.1283060002209,
              45.70124999983371
            ],
            [
              -61.12416699997291,
              45.70619399983846
            ],
            [
              -61.120000000135825,
              45.70625000009227
            ],
            [
              -61.1150280002097,
              45.70124999983371
            ],
            [
              -61.10922199988222,
              45.69874999984234
            ],
            [
              -61.10502800028095,
              45.697943999708414
            ],
            [
              -61.094999999864804,
              45.70205599999267
            ],
            [
              -61.09002799993869,
              45.70202800028155
            ],
            [
              -61.09002799993869,
              45.69958299989458
            ],
            [
              -61.09380599961336,
              45.69913900030476
            ],
            [
              -61.0899719998622,
              45.69872199973043
            ],
            [
              -61.08163900001295,
              45.70625000009227
            ],
            [
              -61.07797199976804,
              45.70663899981423
            ],
            [
              -61.082083000426955,
              45.70749999975927
            ],
            [
              -61.07833300034138,
              45.71041699980625
            ],
            [
              -61.06997200000472,
              45.71124999978372
            ],
            [
              -61.063360999588205,
              45.713694000053906
            ],
            [
              -61.063332999999126,
              45.717083000265575
            ],
            [
              -61.060889000318014,
              45.717083000265575
            ],
            [
              -61.06005599974157,
              45.715416999950584
            ],
            [
              -61.05419400023592,
              45.71702799996898
            ],
            [
              -61.046721999653876,
              45.72291699991548
            ],
            [
              -61.041693999651244,
              45.722082999816756
            ],
            [
              -61.040028000295,
              45.7253609997894
            ],
            [
              -61.030055999955344,
              45.72622199978616
            ],
            [
              -61.02750000012125,
              45.72874999974669
            ],
            [
              -61.02172200028118,
              45.73036099973356
            ],
            [
              -61.01424999969914,
              45.73458299996398
            ],
            [
              -61.00919400010743,
              45.74125000010846
            ],
            [
              -61.0058330001843,
              45.74125000010846
            ],
            [
              -61.0058330001843,
              45.74374999994698
            ],
            [
              -60.99672200001017,
              45.74541700029672
            ],
            [
              -60.989194000249945,
              45.75538900004824
            ],
            [
              -60.98711100024386,
              45.75416699982522
            ],
            [
              -60.98750000040629,
              45.75211099989831
            ],
            [
              -60.98497200016129,
              45.752056000241154
            ],
            [
              -60.98169400007882,
              45.75702800031084
            ],
            [
              -60.97502800030903,
              45.75875000023651
            ],
            [
              -60.97005600038292,
              45.762889000181694
            ],
            [
              -60.966693999736556,
              45.762889000181694
            ],
            [
              -60.965055999969394,
              45.76119400007607
            ],
            [
              -60.96463900021788,
              45.765832999949076
            ],
            [
              -60.96586100005841,
              45.763721999877895
            ],
            [
              -60.96800000014102,
              45.765832999949076
            ],
            [
              -60.965028000380286,
              45.76874999973741
            ],
            [
              -60.9558059998781,
              45.76622200030461
            ],
            [
              -60.94419400012146,
              45.766249999808345
            ],
            [
              -60.94208299962797,
              45.774971999831536
            ],
            [
              -60.940028000109294,
              45.7754440001309
            ],
            [
              -60.93963899994686,
              45.770806000052325
            ],
            [
              -60.936667000186155,
              45.76874999973741
            ],
            [
              -60.92916700001503,
              45.76872200023531
            ],
            [
              -60.91924999992695,
              45.76541700025955
            ],
            [
              -60.903333000240984,
              45.767055999863146
            ],
            [
              -60.90249999966454,
              45.76538899971109
            ],
            [
              -60.8991670002288,
              45.76544400001423
            ],
            [
              -60.89502799998081,
              45.76211099978406
            ],
            [
              -60.88252800029447,
              45.757917000261045
            ],
            [
              -60.86752799995219,
              45.75786099976921
            ],
            [
              -60.85088900001786,
              45.754583000038096
            ],
            [
              -60.842527999681195,
              45.74705600004511
            ],
            [
              -60.83666700000044,
              45.74455600030589
            ],
            [
              -60.82588899974685,
              45.73622199989086
            ],
            [
              -60.81166699972945,
              45.73702799983353
            ],
            [
              -60.808750000220314,
              45.73413899999119
            ],
            [
              -60.808806000296826,
              45.72663900028486
            ],
            [
              -60.810083000388964,
              45.72541700027934
            ],
            [
              -60.81336099957309,
              45.72455599979047
            ],
            [
              -60.81752800030849,
              45.72708300030847
            ],
            [
              -60.81958299982718,
              45.72661099971873
            ],
            [
              -60.81091699989199,
              45.72291699991548
            ],
            [
              -60.80374999980679,
              45.71580599985248
            ],
            [
              -60.8083610000579,
              45.712916999968975
            ],
            [
              -60.8108890003029,
              45.717083000265575
            ],
            [
              -60.81297200030899,
              45.71580599985248
            ],
            [
              -60.80336099964437,
              45.70538899971385
            ],
            [
              -60.80002800020862,
              45.70458299992752
            ],
            [
              -60.799582999969694,
              45.70166699974834
            ],
            [
              -60.802500000377144,
              45.700389000243845
            ],
            [
              -60.80999999964995,
              45.70619399983846
            ],
            [
              -60.81669399990715,
              45.70455600021685
            ],
            [
              -60.818417000063135,
              45.70625000009227
            ],
            [
              -60.81961100031459,
              45.70083299994582
            ],
            [
              -60.81752800030849,
              45.695360999805125
            ],
            [
              -60.82419400007828,
              45.700417000148335
            ],
            [
              -60.83002799999485,
              45.701221999718996
            ],
            [
              -60.82588899974685,
              45.69622200027199
            ],
            [
              -60.8199999995787,
              45.692916999853445
            ],
            [
              -60.81958299982718,
              45.69077799977646
            ],
            [
              -60.82588899974685,
              45.69038900013563
            ],
            [
              -60.82833300032629,
              45.68786099973509
            ],
            [
              -60.832583000004036,
              45.687889000264974
            ],
            [
              -60.83333299984149,
              45.689555999920714
            ],
            [
              -60.84086099960171,
              45.688722000205125
            ],
            [
              -60.841249999764145,
              45.6874719998882
            ],
            [
              -60.8358610000865,
              45.682916999691194
            ],
            [
              -60.830417000157276,
              45.68080599971288
            ],
            [
              -60.83044399992145,
              45.67749999981977
            ],
            [
              -60.83380599966951,
              45.67749999981977
            ],
            [
              -60.83333299984149,
              45.674582999707944
            ],
            [
              -60.847528000094734,
              45.67455599994864
            ],
            [
              -60.848749999935265,
              45.67663899986147
            ],
            [
              -60.85169400010689,
              45.67624999981104
            ],
            [
              -60.84961100010081,
              45.673277999788525
            ],
            [
              -60.850861000428765,
              45.670388999804224
            ],
            [
              -60.84586100001524,
              45.671221999812744
            ]
          ]
        ]
      }
    },
    {
      "type": "Feature",
      "properties": {
        "LFA": "29",
        "MLS": "84",
        "name": "LFA 29"
      },
      "geometry": {
        "type": "Polygon",
        "coordinates": [
          [
            [
              -60.682451999755074,
              45.566620999825155
            ],
            [
              -60.68268601986973,
              45.568750000015335
            ],
            [
              -60.685027999680656,
              45.56622199971834
            ],
            [
              -60.68922200018024,
              45.56711100020538
            ],
            [
              -60.68794400026319,
              45.57244400024229
            ],
            [
              -60.69088900025973,
              45.57541699994301
            ],
            [
              -60.697499999777925,
              45.57705600008797
            ],
            [
              -60.72502800029393,
              45.57458300028734
            ],
            [
              -60.73419399982131,
              45.57124999999778
            ],
            [
              -60.74005600022528,
              45.57372200024562
            ],
            [
              -60.74666699974347,
              45.572888999768274
            ],
            [
              -60.74708299967009,
              45.57500000009143
            ],
            [
              -60.743750000234364,
              45.57663899983161
            ],
            [
              -60.74544400007801,
              45.57913900012998
            ],
            [
              -60.73877800030825,
              45.583360999769944
            ],
            [
              -60.738805999897316,
              45.58833300020788
            ],
            [
              -60.74838900007455,
              45.597083000247125
            ],
            [
              -60.757500000248655,
              45.60122200014527
            ],
            [
              -60.76127799992332,
              45.60494400024058
            ],
            [
              -60.7587499996783,
              45.606611000306145
            ],
            [
              -60.76172200033733,
              45.60786100025254
            ],
            [
              -60.769250000097564,
              45.60711100023376
            ],
            [
              -60.77166700001449,
              45.60544399994371
            ],
            [
              -60.77588900010316,
              45.60625000005019
            ],
            [
              -60.777110999943716,
              45.60166699973787
            ],
            [
              -60.78002800035115,
              45.60038899975508
            ],
            [
              -60.78213899994633,
              45.6025000000085
            ],
            [
              -60.780444000277775,
              45.60583299982926
            ],
            [
              -60.78169399970741,
              45.60705599988799
            ],
            [
              -60.7883610002004,
              45.60788899995348
            ],
            [
              -60.78875000036284,
              45.60583299982926
            ],
            [
              -60.79088900044542,
              45.60541700015527
            ],
            [
              -60.79172200012354,
              45.607083000144414
            ],
            [
              -60.79630599971215,
              45.608305999972856
            ],
            [
              -60.794582999556184,
              45.61086099996378
            ],
            [
              -60.79583299988415,
              45.61208299997953
            ],
            [
              -60.801693999564876,
              45.61208299997953
            ],
            [
              -60.80916699997183,
              45.608722000217156
            ],
            [
              -60.81336099957309,
              45.61208299997953
            ],
            [
              -60.81586100022903,
              45.610417000191745
            ],
            [
              -60.82913900024022,
              45.61208299997953
            ],
            [
              -60.828777999666876,
              45.61580599987564
            ],
            [
              -60.82713900007482,
              45.61583299969017
            ],
            [
              -60.82916699982931,
              45.61791699992596
            ],
            [
              -60.834194000007024,
              45.616249999712245
            ],
            [
              -60.8312499998354,
              45.615000000102
            ],
            [
              -60.831638999997836,
              45.61294399985792
            ],
            [
              -60.834250000083514,
              45.61286099985782
            ],
            [
              -60.84005600041099,
              45.616249999712245
            ],
            [
              -60.85672200010952,
              45.61541700003497
            ],
            [
              -60.85547199978155,
              45.618306000017064
            ],
            [
              -60.859166999615525,
              45.61958299996658
            ],
            [
              -60.870832999798836,
              45.61869400028339
            ],
            [
              -60.872916999629844,
              45.61999999974697
            ],
            [
              -60.87127800003777,
              45.62413900012341
            ],
            [
              -60.87211099971589,
              45.6258060001285
            ],
            [
              -60.8695830003692,
              45.62827800024415
            ],
            [
              -60.86838900011774,
              45.63375000016584
            ],
            [
              -60.86497200011808,
              45.629583000020844
            ],
            [
              -60.85463900010342,
              45.62913900022736
            ],
            [
              -60.86041699994349,
              45.631666999892076
            ],
            [
              -60.857917000185886,
              45.63333300027182
            ],
            [
              -60.864611000443084,
              45.63916700008752
            ],
            [
              -60.86422200028065,
              45.64291700028126
            ],
            [
              -60.85669399962211,
              45.635417000150625
            ],
            [
              -60.85124999969288,
              45.63497200011441
            ],
            [
              -60.85958300044045,
              45.64077799991103
            ],
            [
              -60.85997199970457,
              45.645416999760975
            ],
            [
              -60.8675560004396,
              45.645388999958534
            ],
            [
              -60.87333299955644,
              45.647889000276805
            ],
            [
              -60.87169399996438,
              45.652111000116044
            ],
            [
              -60.8858609997302,
              45.65288900024969
            ],
            [
              -60.88836100038612,
              45.65119400010021
            ],
            [
              -60.89341699997783,
              45.65125000016731
            ],
            [
              -60.888778000137634,
              45.64830599986179
            ],
            [
              -60.895833000069835,
              45.6429440002282
            ],
            [
              -60.903806000069,
              45.64750000011663
            ],
            [
              -60.90252800015194,
              45.649583000255404
            ],
            [
              -60.8996390002319,
              45.64999999978835
            ],
            [
              -60.89958300015541,
              45.651639000030045
            ],
            [
              -60.90755600015456,
              45.65452800008835
            ],
            [
              -60.905417000071964,
              45.65250000027796
            ],
            [
              -60.905417000071964,
              45.64580599994231
            ],
            [
              -60.9037499999925,
              45.644972000010675
            ],
            [
              -60.90713900040305,
              45.64166699984227
            ],
            [
              -60.90252800015194,
              45.64288899985728
            ],
            [
              -60.892944000149804,
              45.63747199986468
            ],
            [
              -60.897167000063405,
              45.63583300027886
            ],
            [
              -60.89544399990742,
              45.63413899969785
            ],
            [
              -60.895833000069835,
              45.63208300021842
            ],
            [
              -60.90088899966155,
              45.634583000083204
            ],
            [
              -60.90583299999859,
              45.632889000033465
            ],
            [
              -60.90544399983615,
              45.62997200020774
            ],
            [
              -60.913333000169715,
              45.62372199971421
            ],
            [
              -60.920833000340856,
              45.62122199979297
            ],
            [
              -60.931722000024216,
              45.62205600014521
            ],
            [
              -60.93458300035516,
              45.624166999864975
            ],
            [
              -60.932527999938166,
              45.6270279998989
            ],
            [
              -60.927528000422946,
              45.6279169999897
            ],
            [
              -60.924194000263995,
              45.62538900018271
            ],
            [
              -60.91541700000071,
              45.626666999761
            ],
            [
              -60.93919399970793,
              45.6295559999174
            ],
            [
              -60.940500000112394,
              45.62747200008067
            ],
            [
              -60.93586100027221,
              45.6270279998989
            ],
            [
              -60.93630599961282,
              45.62413900012341
            ],
            [
              -60.9425279998669,
              45.62288899983551
            ],
            [
              -60.94627799995246,
              45.62500000022995
            ],
            [
              -60.945861000200956,
              45.6279169999897
            ],
            [
              -60.952972000209655,
              45.63163900012764
            ],
            [
              -60.951694000292605,
              45.63286100025135
            ],
            [
              -60.93672200043775,
              45.63208300021842
            ],
            [
              -60.93755599994077,
              45.63375000016584
            ],
            [
              -60.95922200005283,
              45.63619399979743
            ],
            [
              -60.97002799989551,
              45.635417000150625
            ],
            [
              -60.97752800006665,
              45.637055999969775
            ],
            [
              -60.97961100007273,
              45.63583300027886
            ],
            [
              -60.97916699965871,
              45.634555999875914
            ],
            [
              -60.95747200013267,
              45.63291699980153
            ],
            [
              -60.95755599979827,
              45.631194000243845
            ],
            [
              -60.95002800003803,
              45.629583000020844
            ],
            [
              -60.94713900011801,
              45.624166999864975
            ],
            [
              -60.95666700004362,
              45.621249999734836
            ],
            [
              -60.96336100030082,
              45.617083000210606
            ],
            [
              -60.97002799989551,
              45.617083000210606
            ],
            [
              -60.97749999957924,
              45.61291699990921
            ],
            [
              -60.98419399983642,
              45.61286099985782
            ],
            [
              -60.99002799975299,
              45.613778000179664
            ],
            [
              -60.99127800008095,
              45.61916699985735
            ],
            [
              -60.99375000024947,
              45.6208059999067
            ],
            [
              -60.992056000405796,
              45.62250000012669
            ],
            [
              -60.99791700008655,
              45.62494400030842
            ],
            [
              -60.99674999959927,
              45.62624999993777
            ],
            [
              -60.99252800040891,
              45.625360999794985
            ],
            [
              -60.98791700015781,
              45.626666999761
            ],
            [
              -60.996694000421094,
              45.6320560000629
            ],
            [
              -61.003777999767294,
              45.63163900012764
            ],
            [
              -60.99708299968519,
              45.63002800013184
            ],
            [
              -60.99833300001315,
              45.6270560000822
            ],
            [
              -61.00413900034062,
              45.62872199994775
            ],
            [
              -61.010027999610465,
              45.6279169999897
            ],
            [
              -61.00838900001838,
              45.626221999980146
            ],
            [
              -61.001693999936286,
              45.626221999980146
            ],
            [
              -61.00130599959878,
              45.623306000158195
            ],
            [
              -61.002528000337655,
              45.621278000291056
            ],
            [
              -61.00586099977337,
              45.62119399983708
            ],
            [
              -61.00838900001838,
              45.617083000210606
            ],
            [
              -61.01252800026639,
              45.61702800021827
            ],
            [
              -61.02333300028417,
              45.61791699992596
            ],
            [
              -61.025860999630865,
              45.624582999942774
            ],
            [
              -61.03169399972251,
              45.62794400025449
            ],
            [
              -61.038332999728105,
              45.62708300013349
            ],
            [
              -61.03791699980151,
              45.631666999892076
            ],
            [
              -61.04083300038404,
              45.634555999875914
            ],
            [
              -61.042528000052606,
              45.63294400017038
            ],
            [
              -61.04711099981631,
              45.632499999990905
            ],
            [
              -61.041693999651244,
              45.631250000203366
            ],
            [
              -61.039610999645156,
              45.627444000105164
            ],
            [
              -61.04549999981331,
              45.62497200027617
            ],
            [
              -61.0424999995652,
              45.62208300009167
            ],
            [
              -61.03086100004439,
              45.62369399975039
            ],
            [
              -61.02794399963694,
              45.620860999963014
            ],
            [
              -61.0291939999649,
              45.61788900020457
            ],
            [
              -61.032917000286304,
              45.61663900005785
            ],
            [
              -61.02963900020383,
              45.615000000102
            ],
            [
              -61.03252800012387,
              45.61372199973127
            ],
            [
              -61.034194000378434,
              45.61038899986753
            ],
            [
              -61.02422200003879,
              45.61124999998765
            ],
            [
              -61.01377799969604,
              45.60916700001939
            ],
            [
              -61.01502800002398,
              45.606222000159576
            ],
            [
              -61.02752799971033,
              45.602889000196825
            ],
            [
              -61.02622200020419,
              45.598361000107396
            ],
            [
              -61.02750000012125,
              45.59705600020609
            ],
            [
              -61.03505600036887,
              45.597083000247125
            ],
            [
              -61.03675000021254,
              45.59538899970376
            ],
            [
              -61.0399999998076,
              45.59538899970376
            ],
            [
              -61.043749999893144,
              45.59752799998254
            ],
            [
              -61.04336099973074,
              45.59955600019657
            ],
            [
              -61.049193999822386,
              45.600417000042995
            ],
            [
              -61.0512500000643,
              45.59999999983137
            ],
            [
              -61.04752799956781,
              45.59872200021787
            ],
            [
              -61.04549999981331,
              45.596639000157936
            ],
            [
              -61.046667000300594,
              45.59538899970376
            ],
            [
              -61.067528000323605,
              45.59541699997253
            ],
            [
              -61.06999999959381,
              45.59705600020609
            ],
            [
              -61.07294399976543,
              45.59419400012942
            ],
            [
              -61.06958299984229,
              45.59247199991189
            ],
            [
              -61.07086099975935,
              45.590361000177985
            ],
            [
              -61.07755599984144,
              45.590361000177985
            ],
            [
              -61.07913900025533,
              45.59377800026893
            ],
            [
              -61.09002799993869,
              45.58708300020164
            ],
            [
              -61.08788899985611,
              45.58500000002455
            ],
            [
              -61.09000000034961,
              45.582861000064305
            ],
            [
              -61.10005600035484,
              45.58205599999677
            ],
            [
              -61.1108889999617,
              45.57702800009081
            ],
            [
              -61.12505599972752,
              45.57452800012578
            ],
            [
              -61.12416699997291,
              45.57124999999778
            ],
            [
              -61.145860999674035,
              45.57041699995714
            ],
            [
              -61.152555999756146,
              45.567083000280796
            ],
            [
              -61.15752799968226,
              45.567056000272984
            ],
            [
              -61.1583610002587,
              45.568722000278925
            ],
            [
              -61.16255599968488,
              45.564555999776424
            ],
            [
              -61.188361000044914,
              45.56458299972806
            ],
            [
              -61.192556000369414,
              45.565444000255546
            ],
            [
              -61.192556000369414,
              45.56788899984929
            ],
            [
              -61.2016669996452,
              45.567861000312554
            ],
            [
              -61.202972000224754,
              45.57080599992611
            ],
            [
              -61.20169400030772,
              45.5721110002081
            ],
            [
              -61.19413899988498,
              45.5720560001409
            ],
            [
              -61.19086099980253,
              45.57038899979399
            ],
            [
              -61.178417000192674,
              45.572944000277346
            ],
            [
              -61.17883300011928,
              45.57500000009143
            ],
            [
              -61.174555999779024,
              45.57830600015193
            ],
            [
              -61.175027999782124,
              45.57958299971216
            ],
            [
              -61.17705600043496,
              45.57913900012998
            ],
            [
              -61.175027999782124,
              45.58208299970969
            ],
            [
              -61.16169399969443,
              45.58125000002594
            ],
            [
              -61.16291700025822,
              45.58333299977333
            ],
            [
              -61.15580600024951,
              45.58702799971038
            ],
            [
              -61.15500000033556,
              45.58958300003799
            ],
            [
              -61.16249999960837,
              45.591250000136014
            ],
            [
              -61.16505600034079,
              45.59541699997253
            ],
            [
              -61.16997200019043,
              45.59458300007544
            ],
            [
              -61.17666700027252,
              45.601250000017465
            ],
            [
              -61.18169399955192,
              45.60208300019448
            ],
            [
              -61.19916699988761,
              45.60294400022876
            ],
            [
              -61.194666999964596,
              45.5991389998712
            ],
            [
              -61.19502799963961,
              45.59788899979534
            ],
            [
              -61.22250000007913,
              45.59958300029169
            ],
            [
              -61.226306000241195,
              45.6025000000085
            ],
            [
              -61.22544400025075,
              45.60413900012245
            ],
            [
              -61.227082999842814,
              45.60583299982926
            ],
            [
              -61.220860999588744,
              45.61208299997953
            ],
            [
              -61.21791700031544,
              45.612471999696815
            ],
            [
              -61.22666699991622,
              45.614555999793666
            ],
            [
              -61.23002799983936,
              45.613750000276646
            ],
            [
              -61.232110999845446,
              45.615000000102
            ],
            [
              -61.232110999845446,
              45.617499999733845
            ],
            [
              -61.2221109999167,
              45.619110999764004
            ],
            [
              -61.22791700024418,
              45.62333300013089
            ],
            [
              -61.229194000336314,
              45.6270560000822
            ],
            [
              -61.23169400009393,
              45.62538900018271
            ],
            [
              -61.240806000092945,
              45.62541699992821
            ],
            [
              -61.24169400002267,
              45.62372199971421
            ],
            [
              -61.2354170004153,
              45.6208059999067
            ],
            [
              -61.23544400017948,
              45.612471999696815
            ],
            [
              -61.22794400000835,
              45.609943999705735
            ],
            [
              -61.23044399976597,
              45.603306000304926
            ],
            [
              -61.22713899991932,
              45.5991389998712
            ],
            [
              -61.23375000033583,
              45.59580600024092
            ],
            [
              -61.22922199992541,
              45.59538899970376
            ],
            [
              -61.22961100008784,
              45.59327799968637
            ],
            [
              -61.23169400009393,
              45.591250000136014
            ],
            [
              -61.23791700017292,
              45.59083299969022
            ],
            [
              -61.230889000004886,
              45.58874999973962
            ],
            [
              -61.22669399968039,
              45.5903889998123
            ],
            [
              -61.22544400025075,
              45.58830599972889
            ],
            [
              -61.22669399968039,
              45.58708300020164
            ],
            [
              -61.236722000096535,
              45.58705599975004
            ],
            [
              -61.247500000350136,
              45.58877800017758
            ],
            [
              -61.24877800026719,
              45.59499999968755
            ],
            [
              -61.25830600019283,
              45.59705600020609
            ],
            [
              -61.257556000355365,
              45.59544400017355
            ],
            [
              -61.2516939999514,
              45.59538899970376
            ],
            [
              -61.251221999948285,
              45.59413899969165
            ],
            [
              -61.257917000030396,
              45.5916669999981
            ],
            [
              -61.25633299979158,
              45.58747199977158
            ],
            [
              -61.26588900020463,
              45.57875000003349
            ],
            [
              -61.27086100013076,
              45.57791699994338
            ],
            [
              -61.27758299997703,
              45.57955600005448
            ],
            [
              -61.29002800031009,
              45.57375000000474
            ],
            [
              -61.295888999990844,
              45.57372200024562
            ],
            [
              -61.29627800015328,
              45.57497199969791
            ],
            [
              -61.29419400032228,
              45.5762779997778
            ],
            [
              -61.2991939998375,
              45.57536100018666
            ],
            [
              -61.29500000023623,
              45.57124999999778
            ],
            [
              -61.28419400039353,
              45.56788899984929
            ],
            [
              -61.2787780000534,
              45.561639000291734
            ],
            [
              -61.28336099981709,
              45.552888999736275
            ],
            [
              -61.28669400015114,
              45.55541699991643
            ],
            [
              -61.29374999990826,
              45.55333299989051
            ],
            [
              -61.29461100007379,
              45.5516390001339
            ],
            [
              -61.288777999982145,
              45.54830599978042
            ],
            [
              -61.292528000067705,
              45.547888999970816
            ],
            [
              -61.300082999592114,
              45.553721999905434
            ],
            [
              -61.33166699961713,
              45.56372199984066
            ],
            [
              -61.34088900011934,
              45.57124999999778
            ],
            [
              -61.343805999628444,
              45.57500000009143
            ],
            [
              -61.34374999955195,
              45.57911099991402
            ],
            [
              -61.35380599955719,
              45.586639000206894
            ],
            [
              -61.35377799996811,
              45.58999999971278
            ],
            [
              -61.352110999888616,
              45.59083299969022
            ],
            [
              -61.358360999731794,
              45.59458300007544
            ],
            [
              -61.3649999997374,
              45.596222000153766
            ],
            [
              -61.37205600039284,
              45.60500000002672
            ],
            [
              -61.37627799958318,
              45.60580600022804
            ],
            [
              -61.37422200023961,
              45.60955599985231
            ],
            [
              -61.35625000013662,
              45.608333000256046
            ],
            [
              -61.36583300031384,
              45.612056000244706
            ],
            [
              -61.37127800006799,
              45.618306000017064
            ],
            [
              -61.37124999958056,
              45.62163899994916
            ],
            [
              -61.369610999988495,
              45.62247200018077
            ],
            [
              -61.377943999837754,
              45.627444000105164
            ],
            [
              -61.37961099991724,
              45.63163900012764
            ],
            [
              -61.38422200016833,
              45.635417000150625
            ],
            [
              -61.3925559998425,
              45.637888999736894
            ],
            [
              -61.39800057020193,
              45.64337397974238
            ],
            [
              -61.415257549966306,
              45.638971439694075
            ],
            [
              -61.40163900042753,
              45.63291699980153
            ],
            [
              -61.390472000011506,
              45.61916699985735
            ],
            [
              -61.38963900033338,
              45.61663900005785
            ],
            [
              -61.39208300001448,
              45.614167000079085
            ],
            [
              -61.38958300025689,
              45.61080600015305
            ],
            [
              -61.39044400042243,
              45.60916700001939
            ],
            [
              -61.38883300041944,
              45.608333000256046
            ],
            [
              -61.38713899967746,
              45.596666999803006
            ],
            [
              -61.383806000241734,
              45.59083299969022
            ],
            [
              -61.384166999916744,
              45.583749999984235
            ],
            [
              -61.380027999668755,
              45.5862499998937
            ],
            [
              -61.37255599998504,
              45.58541699979813
            ],
            [
              -61.363388999734426,
              45.576250000021496
            ],
            [
              -61.35458300005714,
              45.57080599992611
            ],
            [
              -61.35458300005714,
              45.56830600030471
            ],
            [
              -61.341721999797464,
              45.55455599983246
            ],
            [
              -61.33505600002768,
              45.55122199988876
            ],
            [
              -61.334167000273055,
              45.54875000028216
            ],
            [
              -61.33000000043598,
              45.54872200001407
            ],
            [
              -61.32838900043299,
              45.54538899969396
            ],
            [
              -61.3216390000993,
              45.545416999734925
            ],
            [
              -61.31922200018238,
              45.542055999936274
            ],
            [
              -61.3150279996828,
              45.541249999729985
            ],
            [
              -61.313360999603304,
              45.53705599986112
            ],
            [
              -61.31252799992518,
              45.54041699969793
            ],
            [
              -61.30419400025103,
              45.53874999992722
            ],
            [
              -61.29080599973665,
              45.53202800028373
            ],
            [
              -61.285832999985615,
              45.527888999734024
            ],
            [
              -61.265028000039095,
              45.52124999997097
            ],
            [
              -61.252528000352754,
              45.52122199985387
            ],
            [
              -61.24586099985974,
              45.52374999984821
            ],
            [
              -61.23711100025897,
              45.50994399991049
            ],
            [
              -61.24297199993971,
              45.49919400027223
            ],
            [
              -61.24294400035063,
              45.49666700019844
            ],
            [
              -61.23669399960914,
              45.4887499999196
            ],
            [
              -61.23380600041232,
              45.48830599992988
            ],
            [
              -61.232527999596954,
              45.48455599996989
            ],
            [
              -61.22883299976297,
              45.483360999930134
            ],
            [
              -61.230000000250264,
              45.48205599987189
            ],
            [
              -61.2400279997681,
              45.48124999969017
            ],
            [
              -61.24424999985676,
              45.47372200020898
            ],
            [
              -61.24922199978289,
              45.47294400007817
            ],
            [
              -61.251221999948285,
              45.47086100010839
            ],
            [
              -61.253806000269805,
              45.46413900011959
            ],
            [
              -61.252139000190326,
              45.46252799977015
            ],
            [
              -61.25588900027589,
              45.45961100003504
            ],
            [
              -61.26000000003647,
              45.46041699972263
            ],
            [
              -61.26288899995651,
              45.45666699989407
            ],
            [
              -61.26211099963166,
              45.45494399973663
            ],
            [
              -61.265028000039095,
              45.45288900013737
            ],
            [
              -61.269221999640365,
              45.45375000003833
            ],
            [
              -61.2716670000447,
              45.45625000005771
            ],
            [
              -61.276694000222406,
              45.45619400005182
            ],
            [
              -61.283777999568606,
              45.450832999910396
            ],
            [
              -61.28463899973414,
              45.446666999945144
            ],
            [
              -61.28838899981972,
              45.44288900026993
            ],
            [
              -61.29583299991435,
              45.438777999805836
            ],
            [
              -61.298332999671956,
              45.4387500002753
            ],
            [
              -61.299167000073325,
              45.44122200001619
            ],
            [
              -61.30419400025103,
              45.4412500002109
            ],
            [
              -61.30916700000204,
              45.43794399977414
            ],
            [
              -61.31419400017975,
              45.437889000207925
            ],
            [
              -61.32086099977446,
              45.43205599994974
            ],
            [
              -61.327528000267456,
              45.43208299984089
            ],
            [
              -61.329222000111116,
              45.43538900011706
            ],
            [
              -61.33005599961415,
              45.43208299984089
            ],
            [
              -61.33499999995119,
              45.43202800023575
            ],
            [
              -61.342500000122314,
              45.42791700028627
            ],
            [
              -61.34841699987956,
              45.42874999985783
            ],
            [
              -61.358360999731794,
              45.427056000111044
            ],
            [
              -61.3700829999916,
              45.42041700009524
            ],
            [
              -61.37583300024259,
              45.41205599984402
            ],
            [
              -61.381050170172664,
              45.41107099022181
            ],
            [
              -60.6324529999363,
              45.411066000036776
            ],
            [
              -60.682451999755074,
              45.566620999825155
            ]
          ]
        ]
      }
    },
    {
      "type": "Feature",
      "properties": {
        "LFA": "30",
        "MLS": "82.5",
        "name": "LFA 30"
      },
      "geometry": {
        "type": "Polygon",
        "coordinates": [
          [
            [
              -60.0217890001679,
              44.748900000300246
            ],
            [
              -59.69909800019999,
              44.933282999833786
            ],
            [
              -60.178892139747276,
              45.77705599981596
            ],
            [
              -60.1908609997421,
              45.773749999927794
            ],
            [
              -60.199249999667856,
              45.769556000013154
            ],
            [
              -60.20794400009045,
              45.76080599999222
            ],
            [
              -60.211278000249415,
              45.752471999892705
            ],
            [
              -60.2204439997768,
              45.74583299990718
            ],
            [
              -60.219611000098666,
              45.742499999915466
            ],
            [
              -60.22124999969075,
              45.739167000306225
            ],
            [
              -60.22877800034929,
              45.73249999975088
            ],
            [
              -60.22758300027292,
              45.72372199970093
            ],
            [
              -60.23666699978453,
              45.72291699991548
            ],
            [
              -60.238306000274925,
              45.71958300015138
            ],
            [
              -60.245889000286745,
              45.717943999892476
            ],
            [
              -60.24833299996784,
              45.71788899981614
            ],
            [
              -60.24925000020987,
              45.719556000160054
            ],
            [
              -60.25336099997046,
              45.718750000194774
            ],
            [
              -60.2558060003748,
              45.72205599977925
            ],
            [
              -60.255471999565636,
              45.71913900010052
            ],
            [
              -60.2587780001355,
              45.71663899979275
            ],
            [
              -60.235860999870575,
              45.7179169997363
            ],
            [
              -60.235417000354886,
              45.71666699971205
            ],
            [
              -60.239250000281125,
              45.713722000194366
            ],
            [
              -60.25252800029233,
              45.7120829998915
            ],
            [
              -60.2558060003748,
              45.707083000067136
            ],
            [
              -60.26755600022369,
              45.70541700025103
            ],
            [
              -60.28002800032094,
              45.700417000148335
            ],
            [
              -60.282555999667636,
              45.700417000148335
            ],
            [
              -60.2841940003331,
              45.70377799981618
            ],
            [
              -60.29838899968803,
              45.70541700025103
            ],
            [
              -60.2979719999365,
              45.707527999866294
            ],
            [
              -60.30002800017843,
              45.70877799981084
            ],
            [
              -60.317528000278294,
              45.70786100026598
            ],
            [
              -60.332527999722245,
              45.69958299989458
            ],
            [
              -60.33419399997681,
              45.69375000020917
            ],
            [
              -60.33666699997023,
              45.69455599993156
            ],
            [
              -60.34083299998242,
              45.692916999853445
            ],
            [
              -60.34377799997893,
              45.689166999938685
            ],
            [
              -60.34463900014448,
              45.68330599983434
            ],
            [
              -60.34794399999112,
              45.68080599971288
            ],
            [
              -60.3479719995802,
              45.67833300006031
            ],
            [
              -60.351694000076684,
              45.67375000013564
            ],
            [
              -60.375889000258645,
              45.665388999810176
            ],
            [
              -60.37750000026164,
              45.66205599992835
            ],
            [
              -60.38255599985335,
              45.658749999881366
            ],
            [
              -60.3949719998741,
              45.65622200019893
            ],
            [
              -60.39925000003927,
              45.652082999892
            ],
            [
              -60.40508300013093,
              45.65291700007077
            ],
            [
              -60.40752799963694,
              45.65622200019893
            ],
            [
              -60.41336099972859,
              45.6553889998749
            ],
            [
              -60.41708300022507,
              45.64500000002159
            ],
            [
              -60.4225279999792,
              45.64205600031307
            ],
            [
              -60.433360999586085,
              45.643778000206005
            ],
            [
              -60.43455599966245,
              45.64083299984209
            ],
            [
              -60.43833300041051,
              45.63875000030487
            ],
            [
              -60.48086100037048,
              45.64036100018467
            ],
            [
              -60.49172199956643,
              45.63622199979863
            ],
            [
              -60.49505599972539,
              45.63291699980153
            ],
            [
              -60.49666699972838,
              45.632889000033465
            ],
            [
              -60.496249999976854,
              45.6350000000981
            ],
            [
              -60.497639419735236,
              45.6354326899932
            ],
            [
              -60.498671539979235,
              45.63398784993483
            ],
            [
              -60.49708299965498,
              45.63083299992476
            ],
            [
              -60.498360999572036,
              45.62961100018422
            ],
            [
              -60.50333300039646,
              45.6295559999174
            ],
            [
              -60.510056000067664,
              45.6270560000822
            ],
            [
              -60.518361000327836,
              45.62708300013349
            ],
            [
              -60.5200280004073,
              45.624611000090844
            ],
            [
              -60.52338900033044,
              45.629583000020844
            ],
            [
              -60.53672199969491,
              45.630388999982294
            ],
            [
              -60.55172200003719,
              45.62624999993777
            ],
            [
              -60.56002800012225,
              45.62619400000848
            ],
            [
              -60.57336100038504,
              45.62122199979297
            ],
            [
              -60.57466699989119,
              45.623306000158195
            ],
            [
              -60.573388999974135,
              45.62624999993777
            ],
            [
              -60.5704719995667,
              45.627444000105164
            ],
            [
              -60.57169400030558,
              45.629527999726555
            ],
            [
              -60.575056000053614,
              45.6254440001407
            ],
            [
              -60.58086099965788,
              45.62288899983551
            ],
            [
              -60.58169400023432,
              45.620444000303266
            ],
            [
              -60.593361000242524,
              45.6162219997868
            ],
            [
              -60.595028000322,
              45.60791700026885
            ],
            [
              -60.5996389996748,
              45.608305999972856
            ],
            [
              -60.59791700024203,
              45.61083299986122
            ],
            [
              -60.59922199992327,
              45.61291699990921
            ],
            [
              -60.614193999778124,
              45.614610999697106
            ],
            [
              -60.61830600026195,
              45.61372199973127
            ],
            [
              -60.61913899994006,
              45.611222000079245
            ],
            [
              -60.62294400027722,
              45.6099720002521
            ],
            [
              -60.62211099970078,
              45.608305999972856
            ],
            [
              -60.6266669997003,
              45.60119400025904
            ],
            [
              -60.62838900003137,
              45.602889000196825
            ],
            [
              -60.63252800027936,
              45.60286099988559
            ],
            [
              -60.637556000281975,
              45.59794399970048
            ],
            [
              -60.64675000029676,
              45.59788899979534
            ],
            [
              -60.6609170000626,
              45.59208299979128
            ],
            [
              -60.67002800023672,
              45.59208299979128
            ],
            [
              -60.68425000025412,
              45.58872199991635
            ],
            [
              -60.68333051976359,
              45.57461350979717
            ],
            [
              -60.6791939997641,
              45.57541699994301
            ],
            [
              -60.67544399967853,
              45.57333299972224
            ],
            [
              -60.676694000006485,
              45.57038899979399
            ],
            [
              -60.68268601986973,
              45.568750000015335
            ],
            [
              -60.682451999755074,
              45.566620999825155
            ],
            [
              -60.640354450021384,
              45.43564867995227
            ],
            [
              -60.65791500016466,
              45.411066000036776
            ],
            [
              -60.64028383974509,
              45.435429019744866
            ],
            [
              -60.6324529999363,
              45.411066000036776
            ],
            [
              -60.16578400037652,
              44.666621999958814
            ],
            [
              -60.0217890001679,
              44.748900000300246
            ]
          ]
        ]
      }
    },
    {
      "type": "Feature",
      "properties": {
        "LFA": "32",
        "MLS": "82.5",
        "name": "LFA 32"
      },
      "geometry": {
        "type": "Polygon",
        "coordinates": [
          [
            [
              -62.28374400019217,
              43.940979999773944
            ],
            [
              -61.53249999966667,
              44.18330099974431
            ],
            [
              -62.09900024998771,
              44.890589490305054
            ],
            [
              -62.10674999977413,
              44.89124999979618
            ],
            [
              -62.10672200018504,
              44.89288900030877
            ],
            [
              -62.10419399994002,
              44.89374999996789
            ],
            [
              -62.100947539707185,
              44.8930207197712
            ],
            [
              -62.15123181032423,
              44.9559018298719
            ],
            [
              -62.15380600014452,
              44.955806000263394
            ],
            [
              -62.15460713029132,
              44.96062167992948
            ],
            [
              -62.161277999828236,
              44.96749999977061
            ],
            [
              -62.16163900040158,
              44.97041700004892
            ],
            [
              -62.1666389999168,
              44.97458300018893
            ],
            [
              -62.16794399959803,
              44.974138999904845
            ],
            [
              -62.16708300033082,
              44.972472000207965
            ],
            [
              -62.16880599958847,
              44.97083299982425
            ],
            [
              -62.16877799999939,
              44.96663899971107
            ],
            [
              -62.164611000162296,
              44.9649720000272
            ],
            [
              -62.164611000162296,
              44.959999999720495
            ],
            [
              -62.16125000023916,
              44.95830599977804
            ],
            [
              -62.16838899983696,
              44.954582999831224
            ],
            [
              -62.175417000004984,
              44.94830599987391
            ],
            [
              -62.177110999848644,
              44.94247200014927
            ],
            [
              -62.17463899968012,
              44.94086099989573
            ],
            [
              -62.173778000412916,
              44.93747200001895
            ],
            [
              -62.178388999765694,
              44.93122199982528
            ],
            [
              -62.18586100034774,
              44.93122199982528
            ],
            [
              -62.190417000347246,
              44.93330600001766
            ],
            [
              -62.18547200018531,
              44.93577800025516
            ],
            [
              -62.18877799985686,
              44.94250000009344
            ],
            [
              -62.185443999697895,
              44.945000000015234
            ],
            [
              -62.187083000188295,
              44.946667000128386
            ],
            [
              -62.18580600009616,
              44.95208300022781
            ],
            [
              -62.18838899969444,
              44.95211099993437
            ],
            [
              -62.189167000019296,
              44.95372199980153
            ],
            [
              -62.19127799961448,
              44.952471999945104
            ],
            [
              -62.1896110004333,
              44.95080599997924
            ],
            [
              -62.19336099962055,
              44.94869399968835
            ],
            [
              -62.195832999789076,
              44.94872199977669
            ],
            [
              -62.1966939999546,
              44.950388999880516
            ],
            [
              -62.201694000368136,
              44.949556000186945
            ],
            [
              -62.19963899995114,
              44.94830599987391
            ],
            [
              -62.19836100003409,
              44.94125000000141
            ],
            [
              -62.20166699970563,
              44.94041699994104
            ],
            [
              -62.20250000028207,
              44.945389000052344
            ],
            [
              -62.20419400012574,
              44.9436939997204
            ],
            [
              -62.20758299963796,
              44.944582999699136
            ],
            [
              -62.21169400029687,
              44.94288899990344
            ],
            [
              -62.21216700012487,
              44.9449440000086
            ],
            [
              -62.20955600003919,
              44.94663900030921
            ],
            [
              -62.21622199980898,
              44.952471999945104
            ],
            [
              -62.21499999996842,
              44.954582999831224
            ],
            [
              -62.21299999980301,
              44.95416699981578
            ],
            [
              -62.212943999726505,
              44.95747200001846
            ],
            [
              -62.215888999723035,
              44.96122199989783
            ],
            [
              -62.21961100021952,
              44.95833299972318
            ],
            [
              -62.22088900013657,
              44.954556000028724
            ],
            [
              -62.22669399974081,
              44.952889000167026
            ],
            [
              -62.23833300015995,
              44.954556000028724
            ],
            [
              -62.24674999967479,
              44.95872200030066
            ],
            [
              -62.25127800008521,
              44.9641389997173
            ],
            [
              -62.25208300017425,
              44.969166999713806
            ],
            [
              -62.25505599975987,
              44.96958300029337
            ],
            [
              -62.256722000014435,
              44.972056000245935
            ],
            [
              -62.25711100017687,
              44.965832999684594
            ],
            [
              -62.24874999984021,
              44.95913900023937
            ],
            [
              -62.250443999683874,
              44.95252800023639
            ],
            [
              -62.24627799967169,
              44.95083300027455
            ],
            [
              -62.24791700016208,
              44.94827800021842
            ],
            [
              -62.241667000318905,
              44.94788900004946
            ],
            [
              -62.24127800015647,
              44.94663900030921
            ],
            [
              -62.243332999675154,
              44.943721999704415
            ],
            [
              -62.24833300008869,
              44.94125000000141
            ],
            [
              -62.264999999612115,
              44.94125000000141
            ],
            [
              -62.26630600001657,
              44.94000000003627
            ],
            [
              -62.264611000348,
              44.93416699977652
            ],
            [
              -62.26583300018856,
              44.9329170001475
            ],
            [
              -62.2691940001117,
              44.934528000080064
            ],
            [
              -62.27291700043309,
              44.93330600001766
            ],
            [
              -62.272528000270654,
              44.93208300030188
            ],
            [
              -62.26794399978374,
              44.93166700002134
            ],
            [
              -62.2691940001117,
              44.92788899979779
            ],
            [
              -62.272110999620836,
              44.92750000012568
            ],
            [
              -62.2687499996977,
              44.925833000017384
            ],
            [
              -62.2691940001117,
              44.9212779999443
            ],
            [
              -62.27249999978324,
              44.92122199970019
            ],
            [
              -62.27624999986882,
              44.9241109997622
            ],
            [
              -62.27419399962691,
              44.92708299991086
            ],
            [
              -62.28249999971199,
              44.92541700026256
            ],
            [
              -62.28336099987752,
              44.92786099972464
            ],
            [
              -62.28500000036791,
              44.925361000236734
            ],
            [
              -62.29422199997179,
              44.92708299991086
            ],
            [
              -62.295000000296646,
              44.9245830002728
            ],
            [
              -62.29047199988623,
              44.92533300020335
            ],
            [
              -62.288805999631656,
              44.92333300004286
            ],
            [
              -62.29083299956124,
              44.92122199970019
            ],
            [
              -62.29502799988574,
              44.920388999802114
            ],
            [
              -62.29297199964384,
              44.91919399969733
            ],
            [
              -62.294194000382696,
              44.917889000189604
            ],
            [
              -62.29922200038533,
              44.919555999912625
            ],
            [
              -62.306667000304856,
              44.916249999834235
            ],
            [
              -62.307971999986094,
              44.915000000237455
            ],
            [
              -62.307971999986094,
              44.90916699997941
            ],
            [
              -62.31250000039652,
              44.90622199968725
            ],
            [
              -62.31669399999778,
              44.906250000126754
            ],
            [
              -62.31913900040212,
              44.90955599972583
            ],
            [
              -62.32130600007379,
              44.90413900016246
            ],
            [
              -62.320417000319175,
              44.90327800016912
            ],
            [
              -62.32294399984095,
              44.90163899988051
            ],
            [
              -62.319638999994325,
              44.900833000160716
            ],
            [
              -62.31958299991781,
              44.89830599976241
            ],
            [
              -62.321222000408206,
              44.897861000143436
            ],
            [
              -62.3258610002484,
              44.89875000008673
            ],
            [
              -62.33294399976969,
              44.90580599982185
            ],
            [
              -62.32752800032789,
              44.90875000030087
            ],
            [
              -62.32172200000041,
              44.90872199980674
            ],
            [
              -62.32291700007678,
              44.909999999694364
            ],
            [
              -62.321694000411306,
              44.912027999732956
            ],
            [
              -62.33336100041952,
              44.91038900016507
            ],
            [
              -62.336722000342675,
              44.904582999981365
            ],
            [
              -62.33880600017367,
              44.9074440001333
            ],
            [
              -62.339611000262714,
              44.91413900006852
            ],
            [
              -62.34499999994035,
              44.92122199970019
            ],
            [
              -62.34963899978054,
              44.92330600017081
            ],
            [
              -62.34961100019143,
              44.91747200018169
            ],
            [
              -62.3462779998574,
              44.91497200024352
            ],
            [
              -62.34711100043384,
              44.91166699988575
            ],
            [
              -62.350443999869576,
              44.90833300014191
            ],
            [
              -62.35080600026782,
              44.90455600020636
            ],
            [
              -62.356277999786144,
              44.904972000209995
            ],
            [
              -62.34461099977791,
              44.89827799990792
            ],
            [
              -62.34505600001684,
              44.89536099986817
            ],
            [
              -62.34836099986349,
              44.89452799993141
            ],
            [
              -62.342471999695334,
              44.894555999702774
            ],
            [
              -62.34127800034218,
              44.89327800011172
            ],
            [
              -62.346722000271406,
              44.882861000132465
            ],
            [
              -62.35383300028011,
              44.886666999883445
            ],
            [
              -62.355028000356484,
              44.89372199980409
            ],
            [
              -62.36002799987169,
              44.89288900030877
            ],
            [
              -62.3599719997952,
              44.89705599997627
            ],
            [
              -62.36127800019967,
              44.896667000274846
            ],
            [
              -62.36172199971537,
              44.89288900030877
            ],
            [
              -62.36922199988649,
              44.89208300012069
            ],
            [
              -62.369667000125425,
              44.894999999710144
            ],
            [
              -62.37166700029083,
              44.89622200006229
            ],
            [
              -62.37580599964051,
              44.8920560002031
            ],
            [
              -62.37961099997767,
              44.8958610002185
            ],
            [
              -62.3804169998916,
              44.90413900016246
            ],
            [
              -62.38208300014617,
              44.90580599982185
            ],
            [
              -62.381249999569725,
              44.90911100001996
            ],
            [
              -62.38330599981164,
              44.91124999989551
            ],
            [
              -62.39249999982643,
              44.901250000005454
            ],
            [
              -62.39672199991511,
              44.89875000008673
            ],
            [
              -62.39961099983515,
              44.899166999767225
            ],
            [
              -62.3983610004055,
              44.89625000028158
            ],
            [
              -62.40255599983166,
              44.89538899987033
            ],
            [
              -62.40505599958928,
              44.901250000005454
            ],
            [
              -62.410861000091835,
              44.90122200031204
            ],
            [
              -62.416667000419324,
              44.89872199981216
            ],
            [
              -62.41961099969263,
              44.89416700027154
            ],
            [
              -62.417943999613136,
              44.89080600011149
            ],
            [
              -62.41963900018001,
              44.88411099976273
            ],
            [
              -62.41752799968653,
              44.88375000027523
            ],
            [
              -62.41500000033983,
              44.88044399983935
            ],
            [
              -62.41336099984944,
              44.88288899985531
            ],
            [
              -62.4099999999263,
              44.881250000177225
            ],
            [
              -62.40419399959883,
              44.87541700018988
            ],
            [
              -62.39747199975257,
              44.872917000235304
            ],
            [
              -62.397111000077544,
              44.869139000046
            ],
            [
              -62.40252800024258,
              44.867055999979996
            ],
            [
              -62.41416699976339,
              44.86791699984829
            ],
            [
              -62.41541700009136,
              44.87169399989531
            ],
            [
              -62.41916700017691,
              44.87455599983715
            ],
            [
              -62.41963900018001,
              44.867472000038795
            ],
            [
              -62.42455599985457,
              44.865777999987614
            ],
            [
              -62.42086100002058,
              44.865361000171255
            ],
            [
              -62.42041699960656,
              44.86249999981443
            ],
            [
              -62.42338900026559,
              44.86205599982241
            ],
            [
              -62.425056000345066,
              44.86372199976462
            ],
            [
              -62.42588900002319,
              44.86208299981211
            ],
            [
              -62.43086099994932,
              44.86291699997999
            ],
            [
              -62.43208299978987,
              44.861667000286346
            ],
            [
              -62.42630599977472,
              44.85911100008971
            ],
            [
              -62.428361000191714,
              44.85619399997949
            ],
            [
              -62.43333300011783,
              44.85622199994203
            ],
            [
              -62.43497199970991,
              44.8596109996965
            ],
            [
              -62.4350279997864,
              44.856249999890956
            ],
            [
              -62.43830599986886,
              44.856249999890956
            ],
            [
              -62.441306000116974,
              44.85413899990322
            ],
            [
              -62.44083300028897,
              44.85288900004759
            ],
            [
              -62.44422199980119,
              44.85291699970664
            ],
            [
              -62.44666700020552,
              44.85538900000983
            ],
            [
              -62.45086099980679,
              44.85538900000983
            ],
            [
              -62.456693999898455,
              44.859556000219726
            ],
            [
              -62.45622199989535,
              44.85663899972885
            ],
            [
              -62.46169400031197,
              44.85538900000983
            ],
            [
              -62.463332999904054,
              44.852082999887045
            ],
            [
              -62.46663899957561,
              44.85124999994757
            ],
            [
              -62.469193999584796,
              44.853721999843735
            ],
            [
              -62.47419399999832,
              44.852944000160996
            ],
            [
              -62.474138999746735,
              44.847917000165396
            ],
            [
              -62.46666700006302,
              44.85038899982274
            ],
            [
              -62.46088900022293,
              44.849556000220204
            ],
            [
              -62.451694000383235,
              44.85288900004759
            ],
            [
              -62.449611000377146,
              44.851611000164375
            ],
            [
              -62.45211100013475,
              44.84997199999545
            ],
            [
              -62.45044400005527,
              44.84830600024585
            ],
            [
              -62.45166699972074,
              44.84619400018259
            ],
            [
              -62.45752800029979,
              44.84622199991191
            ],
            [
              -62.45963899989497,
              44.84411099985102
            ],
            [
              -62.45833300038885,
              44.83875000004325
            ],
            [
              -62.45038899980369,
              44.83744399968905
            ],
            [
              -62.45252799988628,
              44.83288899972776
            ],
            [
              -62.45541699980632,
              44.832500000021106
            ],
            [
              -62.45583299973291,
              44.82958300019238
            ],
            [
              -62.45833300038885,
              44.830388999822695
            ],
            [
              -62.45833300038885,
              44.82874999980714
            ],
            [
              -62.46124999989796,
              44.827500000095235
            ],
            [
              -62.457971999815506,
              44.82583300005089
            ],
            [
              -62.45752800029979,
              44.82038900026685
            ],
            [
              -62.46250000022593,
              44.82122199977475
            ],
            [
              -62.46833300031759,
              44.82622200015663
            ],
            [
              -62.47169400024072,
              44.82708300023393
            ],
            [
              -62.477528000157285,
              44.83958299985292
            ],
            [
              -62.481667000405274,
              44.84205599984064
            ],
            [
              -62.488832999767254,
              44.8424999999054
            ],
            [
              -62.48380599958955,
              44.84750000027408
            ],
            [
              -62.487138999923594,
              44.84997199999545
            ],
            [
              -62.487138999923594,
              44.8516389998079
            ],
            [
              -62.483417000325424,
              44.85538900000983
            ],
            [
              -62.47425000007481,
              44.85538900000983
            ],
            [
              -62.47213899958132,
              44.85663899972885
            ],
            [
              -62.476666999991735,
              44.862028000149834
            ],
            [
              -62.48047200032891,
              44.8608059999003
            ],
            [
              -62.480056000402286,
              44.86291699997999
            ],
            [
              -62.47544400032628,
              44.865000000196375
            ],
            [
              -62.480443999841484,
              44.87080600015915
            ],
            [
              -62.477944000083895,
              44.891666999771445
            ],
            [
              -62.484193999927065,
              44.89288900030877
            ],
            [
              -62.48752800008603,
              44.89791700024485
            ],
            [
              -62.49502800025716,
              44.90375000002355
            ],
            [
              -62.50419399978453,
              44.90622199968725
            ],
            [
              -62.51338899962425,
              44.91291700009336
            ],
            [
              -62.51580600043948,
              44.91038900016507
            ],
            [
              -62.52008299988143,
              44.91041699984716
            ],
            [
              -62.537471999653214,
              44.91791700003441
            ],
            [
              -62.5391389997327,
              44.921249999829065
            ],
            [
              -62.54500000031176,
              44.922916999993674
            ],
            [
              -62.54461100014934,
              44.92000000022889
            ],
            [
              -62.53797200014373,
              44.915000000237455
            ],
            [
              -62.537527999729704,
              44.912082999958265
            ],
            [
              -62.53002799955858,
              44.91205599988896
            ],
            [
              -62.52172200037181,
              44.90791700028434
            ],
            [
              -62.51583300020367,
              44.90788900002061
            ],
            [
              -62.51249999986961,
              44.90375000002355
            ],
            [
              -62.50672200002955,
              44.902082999918825
            ],
            [
              -62.50424999986104,
              44.89955599973659
            ],
            [
              -62.49919400026931,
              44.89872199981216
            ],
            [
              -62.48958299960469,
              44.89249999978383
            ],
            [
              -62.491278000171576,
              44.88497199971526
            ],
            [
              -62.49711100026324,
              44.876639000294496
            ],
            [
              -62.49625000009772,
              44.87500000017933
            ],
            [
              -62.49830600033962,
              44.87041699990447
            ],
            [
              -62.509639000436984,
              44.86247199972106
            ],
            [
              -62.50794399987011,
              44.8608059999003
            ],
            [
              -62.511693999955675,
              44.85538900000983
            ],
            [
              -62.52005600011724,
              44.854556000127296
            ],
            [
              -62.5217499999609,
              44.85622199994203
            ],
            [
              -62.523777999715406,
              44.851667000074634
            ],
            [
              -62.53422200005816,
              44.843778000040274
            ],
            [
              -62.538778000057675,
              44.84413899995586
            ],
            [
              -62.53833299981875,
              44.84205599984064
            ],
            [
              -62.53013899988666,
              44.84125000031841
            ],
            [
              -62.527916999963395,
              44.83830599974391
            ],
            [
              -62.53999999989822,
              44.83286099988897
            ],
            [
              -62.54419400039781,
              44.83288899972776
            ],
            [
              -62.54624999974139,
              44.83494399990095
            ],
            [
              -62.54502799990085,
              44.83786099975545
            ],
            [
              -62.542528000143236,
              44.83791700029373
            ],
            [
              -62.541250000226185,
              44.839167000212996
            ],
            [
              -62.5442219999869,
              44.8387219998672
            ],
            [
              -62.54875000039732,
              44.84330599977458
            ],
            [
              -62.548833000238,
              44.84583299976958
            ],
            [
              -62.546721999744506,
              44.84708299991151
            ],
            [
              -62.54211100039172,
              44.840832999936964
            ],
            [
              -62.54547200031486,
              44.8524999997144
            ],
            [
              -62.549222000400434,
              44.85536100027906
            ],
            [
              -62.553360999750105,
              44.851222000114916
            ],
            [
              -62.55672199967324,
              44.851222000114916
            ],
            [
              -62.562528000000725,
              44.86124999998121
            ],
            [
              -62.565888999923864,
              44.86208299981211
            ],
            [
              -62.56666700024871,
              44.86452800001712
            ],
            [
              -62.57133299985308,
              44.86666699984804
            ],
            [
              -62.568000000417356,
              44.86083299983951
            ],
            [
              -62.567944000340844,
              44.85663899972885
            ],
            [
              -62.56458300041771,
              44.85416700022815
            ],
            [
              -62.564555999755214,
              44.84750000027408
            ],
            [
              -62.5621110002492,
              44.84163900019716
            ],
            [
              -62.56672199960199,
              44.83702799989408
            ],
            [
              -62.57669399994164,
              44.83622200010571
            ],
            [
              -62.577110999693154,
              44.834167000276395
            ],
            [
              -62.574167000419834,
              44.82958300019238
            ],
            [
              -62.56830599984079,
              44.82788899978247
            ],
            [
              -62.55458299959067,
              44.818305999924796
            ],
            [
              -62.55999999975571,
              44.812889000044706
            ],
            [
              -62.56377800032868,
              44.81249999983157
            ],
            [
              -62.55924999991826,
              44.80705599983615
            ],
            [
              -62.552111000320465,
              44.80583299970532
            ],
            [
              -62.55294399999859,
              44.79999999982594
            ],
            [
              -62.54627800022881,
              44.79247199969525
            ],
            [
              -62.54461100014934,
              44.78830600018914
            ],
            [
              -62.54591699965547,
              44.78625000002955
            ],
            [
              -62.55838899975274,
              44.79122200019053
            ],
            [
              -62.56127799967276,
              44.79413899970251
            ],
            [
              -62.56083300033215,
              44.79705600030328
            ],
            [
              -62.56580600008317,
              44.797083000161415
            ],
            [
              -62.56877799984389,
              44.79999999982594
            ],
            [
              -62.56963900000944,
              44.802472000125555
            ],
            [
              -62.56791699967835,
              44.80749999995923
            ],
            [
              -62.572917000091884,
              44.812472000285105
            ],
            [
              -62.57297200034347,
              44.818305999924796
            ],
            [
              -62.5779169996071,
              44.821638999979996
            ],
            [
              -62.58586100019225,
              44.8362500002226
            ],
            [
              -62.59205599978384,
              44.83163899995228
            ],
            [
              -62.5912220002808,
              44.825806000268784
            ],
            [
              -62.59252799978694,
              44.82202799971378
            ],
            [
              -62.6049999998842,
              44.82122199977475
            ],
            [
              -62.61041700004924,
              44.82502800010056
            ],
            [
              -62.61288900021776,
              44.82999999980612
            ],
            [
              -62.612943999571016,
              44.834167000276395
            ],
            [
              -62.60874999996975,
              44.837471999849114
            ],
            [
              -62.61041700004924,
              44.8408060001748
            ],
            [
              -62.61922199990159,
              44.844582999890484
            ],
            [
              -62.621222000067014,
              44.843277999901815
            ],
            [
              -62.61794399998454,
              44.840832999936964
            ],
            [
              -62.618360999736055,
              44.83877800020568
            ],
            [
              -62.61666699989241,
              44.83955600014197
            ],
            [
              -62.61547199981603,
              44.83830599974391
            ],
            [
              -62.61541699956446,
              44.83663900009733
            ],
            [
              -62.61880599997498,
              44.83413899978448
            ],
            [
              -62.62044399974216,
              44.82830600018396
            ],
            [
              -62.62255600006056,
              44.82625000003515
            ],
            [
              -62.63083299983332,
              44.82291700021341
            ],
            [
              -62.633750000240774,
              44.82000000030682
            ],
            [
              -62.62713899982426,
              44.8124440000878
            ],
            [
              -62.62666699982115,
              44.8095829999696
            ],
            [
              -62.62916699957875,
              44.80872199984146
            ],
            [
              -62.63919400016999,
              44.81208299980842
            ],
            [
              -62.63630600007485,
              44.80916699983738
            ],
            [
              -62.6396109999215,
              44.8083059998726
            ],
            [
              -62.63874999975598,
              44.80577799987084
            ],
            [
              -62.64086100024946,
              44.8028890001597
            ],
            [
              -62.64294400025556,
              44.80333299984972
            ],
            [
              -62.641722000414994,
              44.8053890001355
            ],
            [
              -62.64499999959916,
              44.80627799968224
            ],
            [
              -62.65208300001876,
              44.80330599972931
            ],
            [
              -62.65083299969079,
              44.797083000161415
            ],
            [
              -62.6691939999562,
              44.80124999978229
            ],
            [
              -62.67336099979329,
              44.8029169998966
            ],
            [
              -62.674166999707246,
              44.8053890001355
            ],
            [
              -62.676332999554006,
              44.80497199968841
            ],
            [
              -62.67130600027461,
              44.7983330002069
            ],
            [
              -62.67213899995274,
              44.79497199971895
            ],
            [
              -62.66588900010955,
              44.791249999851594
            ],
            [
              -62.66002800042882,
              44.79208300013064
            ],
            [
              -62.65627800034324,
              44.78913900024319
            ],
            [
              -62.657167000097886,
              44.787500000105844
            ],
            [
              -62.65461100026378,
              44.78583300024633
            ],
            [
              -62.65294400018429,
              44.781638999914826
            ],
            [
              -62.65502800001529,
              44.78125000002882
            ],
            [
              -62.656694000269866,
              44.7828609998411
            ],
            [
              -62.657138999610474,
              44.77913900006811
            ],
            [
              -62.65922199961655,
              44.777056000252294
            ],
            [
              -62.65505599960439,
              44.77788900004254
            ],
            [
              -62.65333300034673,
              44.78038899981358
            ],
            [
              -62.647082999605246,
              44.77916699985163
            ],
            [
              -62.65080599992662,
              44.77627799987159
            ],
            [
              -62.65755600026029,
              44.77544399990081
            ],
            [
              -62.65538899969031,
              44.77330599989722
            ],
            [
              -62.659194000027455,
              44.771222000147446
            ],
            [
              -62.66255599977551,
              44.772082999944665
            ],
            [
              -62.660444000355426,
              44.77413900021603
            ],
            [
              -62.66708300036102,
              44.779111000270966
            ],
            [
              -62.66208299994749,
              44.78333300029388
            ],
            [
              -62.66416699977849,
              44.782888999732435
            ],
            [
              -62.6759169996274,
              44.79286099982545
            ],
            [
              -62.68922200030108,
              44.79541699996428
            ],
            [
              -62.6933060002975,
              44.79875000019753
            ],
            [
              -62.69916699997824,
              44.79705600030328
            ],
            [
              -62.707499999827505,
              44.8028890001597
            ],
            [
              -62.707499999827505,
              44.799582999945294
            ],
            [
              -62.712972000244136,
              44.79827800023391
            ],
            [
              -62.70875000015546,
              44.79416699986087
            ],
            [
              -62.71133299975374,
              44.79086099970064
            ],
            [
              -62.705056000146406,
              44.79208300013064
            ],
            [
              -62.70377800022935,
              44.790832999850856
            ],
            [
              -62.71425000016118,
              44.786221999855584
            ],
            [
              -62.72172199984491,
              44.78458299977641
            ],
            [
              -62.72380599967592,
              44.78577799983604
            ],
            [
              -62.723388999924396,
              44.78711100018308
            ],
            [
              -62.727555999761464,
              44.78705599971533
            ],
            [
              -62.72877799960203,
              44.78580600022536
            ],
            [
              -62.72541699967889,
              44.784138999902325
            ],
            [
              -62.72919400042695,
              44.7820279997303
            ],
            [
              -62.732083000347,
              44.78249999997977
            ],
            [
              -62.73047200034401,
              44.78494400000176
            ],
            [
              -62.73166700042039,
              44.78705599971533
            ],
            [
              -62.73752800010113,
              44.786221999855584
            ],
            [
              -62.74000000026964,
              44.78788899995729
            ],
            [
              -62.744167000106714,
              44.78788899995729
            ],
            [
              -62.748360999707984,
              44.783722000172126
            ],
            [
              -62.75333299963411,
              44.7853889997851
            ],
            [
              -62.76505599971883,
              44.78455599980834
            ],
            [
              -62.76130599963326,
              44.781638999914826
            ],
            [
              -62.75963899955378,
              44.775805999771066
            ],
            [
              -62.75794399988521,
              44.774999999889076
            ],
            [
              -62.75797200037263,
              44.77250000019674
            ],
            [
              -62.76044399964281,
              44.7716390002389
            ],
            [
              -62.75797200037263,
              44.77077800019994
            ],
            [
              -62.759167000449,
              44.76958300025125
            ],
            [
              -62.76663900013273,
              44.77038899984517
            ],
            [
              -62.7683060002122,
              44.775417000122495
            ],
            [
              -62.77169399989951,
              44.77286100008615
            ],
            [
              -62.78172200031567,
              44.77288899972538
            ],
            [
              -62.78836100032125,
              44.775417000122495
            ],
            [
              -62.795027999915966,
              44.775417000122495
            ],
            [
              -62.796721999759605,
              44.77372199968198
            ],
            [
              -62.80249999959968,
              44.77291699998872
            ],
            [
              -62.805056000332094,
              44.77702800008272
            ],
            [
              -62.816694000027994,
              44.77958300013744
            ],
            [
              -62.82291700010698,
              44.78747199990066
            ],
            [
              -62.82547200011617,
              44.79497199971895
            ],
            [
              -62.82458300036156,
              44.79583299981053
            ],
            [
              -62.82913900036108,
              44.8029169998966
            ],
            [
              -62.83669399988549,
              44.80452799986527
            ],
            [
              -62.8370830000479,
              44.80749999995923
            ],
            [
              -62.84002800004444,
              44.81036100015813
            ],
            [
              -62.844999999970554,
              44.81208299980842
            ],
            [
              -62.84669399981421,
              44.81036100015813
            ],
            [
              -62.858333000233344,
              44.81038900009215
            ],
            [
              -62.87922199984545,
              44.813722000206106
            ],
            [
              -62.8800279997594,
              44.81041700001253
            ],
            [
              -62.87336100016469,
              44.81041700001253
            ],
            [
              -62.86583300040447,
              44.80369400008076
            ],
            [
              -62.863332999748565,
              44.804556000081405
            ],
            [
              -62.859971999825426,
              44.80205599970044
            ],
            [
              -62.85586100006482,
              44.804556000081405
            ],
            [
              -62.84752800021557,
              44.8020829997685
            ],
            [
              -62.841694000299015,
              44.79286099982545
            ],
            [
              -62.835027999630924,
              44.79372200017616
            ],
            [
              -62.833749999713866,
              44.79247199969525
            ],
            [
              -62.833749999713866,
              44.78994400010759
            ],
            [
              -62.82958299987678,
              44.78583300024633
            ],
            [
              -62.830889000281225,
              44.783722000172126
            ],
            [
              -62.83255600036072,
              44.78458299977641
            ],
            [
              -62.83255600036072,
              44.78291700024786
            ],
            [
              -62.825832999791196,
              44.78125000002882
            ],
            [
              -62.81919399978561,
              44.776194000103466
            ],
            [
              -62.810028000258214,
              44.77538899979588
            ],
            [
              -62.8050000002556,
              44.76874999990752
            ],
            [
              -62.799639000167055,
              44.76583299999137
            ],
            [
              -62.79958300009056,
              44.75913899976973
            ],
            [
              -62.806667000335075,
              44.75372200022316
            ],
            [
              -62.81252800001583,
              44.75208300011149
            ],
            [
              -62.81333300010486,
              44.75041700010766
            ],
            [
              -62.810028000258214,
              44.752056000258015
            ],
            [
              -62.80955600025511,
              44.74994400013941
            ],
            [
              -62.81333300010486,
              44.74625000005208
            ],
            [
              -62.817499999941944,
              44.74619399981801
            ],
            [
              -62.82166699977904,
              44.74958299993435
            ],
            [
              -62.82208299970565,
              44.748305999795775
            ],
            [
              -62.81872199978251,
              44.74500000026076
            ],
            [
              -62.820889000352494,
              44.74208300011553
            ],
            [
              -62.824667000027155,
              44.74249999998377
            ],
            [
              -62.82416700043495,
              44.74705599980392
            ],
            [
              -62.829222000201746,
              44.74619399981801
            ],
            [
              -62.83252799987331,
              44.742056000057154
            ],
            [
              -62.835499999634024,
              44.743305999701995
            ],
            [
              -62.83330600019815,
              44.745417000143334
            ],
            [
              -62.8370830000479,
              44.7458329997983
            ],
            [
              -62.83547200004493,
              44.74497199986405
            ],
            [
              -62.8370830000479,
              44.74244399994527
            ],
            [
              -62.83213899971088,
              44.73500000010554
            ],
            [
              -62.82163900018993,
              44.7304170000636
            ],
            [
              -62.81997200011047,
              44.725389000256854
            ],
            [
              -62.81588899993897,
              44.727082999851184
            ],
            [
              -62.810028000258214,
              44.72541699992546
            ],
            [
              -62.80669400009925,
              44.71958300016726
            ],
            [
              -62.800444000256086,
              44.7199719997876
            ],
            [
              -62.80541700000712,
              44.71494399983112
            ],
            [
              -62.80005599991857,
              44.71374999973078
            ],
            [
              -62.79877800000151,
              44.71163899998924
            ],
            [
              -62.80336099976522,
              44.709583000088635
            ],
            [
              -62.80583299993373,
              44.709583000088635
            ],
            [
              -62.809193999856866,
              44.71369399993925
            ],
            [
              -62.81169399961447,
              44.712917000192675
            ],
            [
              -62.81505600026083,
              44.71544399988806
            ],
            [
              -62.81922200027301,
              44.70874999994681
            ],
            [
              -62.82669399995673,
              44.70874999994681
            ],
            [
              -62.83252799987331,
              44.71122199974778
            ],
            [
              -62.83583299971994,
              44.70705599984853
            ],
            [
              -62.83800000028993,
              44.707472000302076
            ],
            [
              -62.83752800028683,
              44.70288900031269
            ],
            [
              -62.83922200013049,
              44.70288900031269
            ],
            [
              -62.842556000289456,
              44.7087219998733
            ],
            [
              -62.84208299956312,
              44.707472000302076
            ],
            [
              -62.84666700005003,
              44.70369399992974
            ],
            [
              -62.85250000014168,
              44.70372199988152
            ],
            [
              -62.8549999998993,
              44.70038900000914
            ],
            [
              -62.8574999996569,
              44.70038900000914
            ],
            [
              -62.85877799957395,
              44.7016670002344
            ],
            [
              -62.85797199966,
              44.70497199998524
            ],
            [
              -62.85458300014777,
              44.70497199998524
            ],
            [
              -62.85963899973948,
              44.70830600010374
            ],
            [
              -62.85963899973948,
              44.71080600007109
            ],
            [
              -62.86497200023895,
              44.71955599981593
            ],
            [
              -62.87122200008213,
              44.720832999870886
            ],
            [
              -62.870916999585276,
              44.722083000014706
            ],
            [
              -62.865860999993565,
              44.722083000014706
            ],
            [
              -62.86000000031282,
              44.71955599981593
            ],
            [
              -62.858806000061364,
              44.72247200006005
            ],
            [
              -62.867528000073044,
              44.72955600029845
            ],
            [
              -62.87416700007864,
              44.73122199971669
            ],
            [
              -62.87916699959386,
              44.728721999757546
            ],
            [
              -62.88419399977157,
              44.73205599994679
            ],
            [
              -62.8870829996916,
              44.73083299979687
            ],
            [
              -62.87916699959386,
              44.72705599980892
            ],
            [
              -62.876277999673825,
              44.722499999864
            ],
            [
              -62.883417000169935,
              44.72455599976865
            ],
            [
              -62.88422200025898,
              44.72205600019179
            ],
            [
              -62.880056000246796,
              44.7203890001714
            ],
            [
              -62.87669399960045,
              44.721222000023154
            ],
            [
              -62.87419399984283,
              44.71791700000147
            ],
            [
              -62.868749999913604,
              44.718305999971086
            ],
            [
              -62.870027999830654,
              44.715389000118805
            ],
            [
              -62.875805999670725,
              44.71374999973078
            ],
            [
              -62.8775000004127,
              44.7103610002928
            ],
            [
              -62.88086100033584,
              44.7103890002119
            ],
            [
              -62.88124999959995,
              44.7158059996997
            ],
            [
              -62.89255599993313,
              44.72455599976865
            ],
            [
              -62.90836100036444,
              44.726222000238366
            ],
            [
              -62.91419399955779,
              44.72372199989668
            ],
            [
              -62.9166940002137,
              44.725389000256854
            ],
            [
              -62.9416939995864,
              44.725389000256854
            ],
            [
              -62.945000000156256,
              44.72374999973387
            ],
            [
              -62.94916699999335,
              44.72541699992546
            ],
            [
              -62.95005599974798,
              44.72288900029686
            ],
            [
              -62.95830599975654,
              44.722083000014706
            ],
            [
              -62.96336100042166,
              44.71872199999356
            ],
            [
              -62.96583299969187,
              44.71872199999356
            ],
            [
              -62.9662500003417,
              44.7158059996997
            ],
            [
              -62.972500000184866,
              44.709583000088635
            ],
            [
              -62.97755599977658,
              44.70705599984853
            ],
            [
              -62.981638999948075,
              44.702082999828434
            ],
            [
              -62.98669399971487,
              44.70036099972236
            ],
            [
              -62.988389000281764,
              44.69705599982261
            ],
            [
              -63.00000000021349,
              44.69544400019471
            ],
            [
              -63.007138999811275,
              44.70080599975841
            ],
            [
              -63.007917000136146,
              44.70333300020484
            ],
            [
              -63.007138999811275,
              44.70663899978677
            ],
            [
              -63.00216699988516,
              44.71080600007109
            ],
            [
              -62.9983890002105,
              44.71958300016726
            ],
            [
              -63.003361000136614,
              44.725389000256854
            ],
            [
              -63.0096109999798,
              44.7275000000384
            ],
            [
              -63.00872200022518,
              44.731666999892845
            ],
            [
              -63.01169399998588,
              44.73624999978959
            ],
            [
              -63.019555999656944,
              44.740027999683335
            ],
            [
              -63.018749999743,
              44.74666699984973
            ],
            [
              -63.01538899981986,
              44.75247199997935
            ],
            [
              -63.01627799957448,
              44.75413899970095
            ],
            [
              -63.00872200022518,
              44.75752800027101
            ],
            [
              -63.0096109999798,
              44.76163899989433
            ],
            [
              -63.00625000005666,
              44.76494399985498
            ],
            [
              -63.010416999893735,
              44.76997200029482
            ],
            [
              -63.0096109999798,
              44.775805999771066
            ],
            [
              -63.013305999813774,
              44.776194000103466
            ],
            [
              -63.02005600014746,
              44.77375000017916
            ],
            [
              -63.02838899999672,
              44.77375000017916
            ],
            [
              -63.03169399984337,
              44.77538899979588
            ],
            [
              -63.033360999922834,
              44.77375000017916
            ],
            [
              -63.04002800041586,
              44.777916999794606
            ],
            [
              -63.041722000259504,
              44.777056000252294
            ],
            [
              -63.03874999960048,
              44.774999999889076
            ],
            [
              -63.03963900025342,
              44.77250000019674
            ],
            [
              -63.03377799967436,
              44.76580600018436
            ],
            [
              -63.03624999984287,
              44.76163899989433
            ],
            [
              -63.03544399992893,
              44.759972000294184
            ],
            [
              -63.03874999960048,
              44.756666999761414
            ],
            [
              -63.0371389995975,
              44.75580599981855
            ],
            [
              -63.03833299984897,
              44.75372200022316
            ],
            [
              -63.040917000170474,
              44.75619399991237
            ],
            [
              -63.044194000428014,
              44.75619399991237
            ],
            [
              -63.05047199986029,
              44.761610999904065
            ],
            [
              -63.0503890000196,
              44.768306000089744
            ],
            [
              -63.05583299994884,
              44.770417000045114
            ],
            [
              -63.057527999617406,
              44.77372199968198
            ],
            [
              -63.06091700002795,
              44.77538899979588
            ],
            [
              -63.06250000044184,
              44.77294400029817
            ],
            [
              -63.06836100012259,
              44.77452800018339
            ],
            [
              -63.06916700003652,
              44.77291699998872
            ],
            [
              -63.07205599995656,
              44.77247199973118
            ],
            [
              -63.06955600019896,
              44.770000000059156
            ],
            [
              -63.07125000004263,
              44.768306000089744
            ],
            [
              -63.05999999978593,
              44.761278000027716
            ],
            [
              -63.059610999623494,
              44.75497200022271
            ],
            [
              -63.05750000002831,
              44.75208300011149
            ],
            [
              -63.043777999603094,
              44.74916699983367
            ],
            [
              -63.04041699967995,
              44.74333299981471
            ],
            [
              -63.04211100042193,
              44.73830599976221
            ],
            [
              -63.03961099976601,
              44.735777999981174
            ],
            [
              -63.03919400001449,
              44.732860999761044
            ],
            [
              -63.034166999836785,
              44.732860999761044
            ],
            [
              -63.03086100016524,
              44.728749999727455
            ],
            [
              -63.01499999965744,
              44.72625000014196
            ],
            [
              -63.013305999813774,
              44.72372199989668
            ],
            [
              -63.0054440001427,
              44.7199719997876
            ],
            [
              -63.0054440001427,
              44.718305999971086
            ],
            [
              -63.01297199990294,
              44.710000000009174
            ],
            [
              -63.013777999816874,
              44.70497199998524
            ],
            [
              -63.01794399982905,
              44.70247200024235
            ],
            [
              -63.015471999660555,
              44.699943999960674
            ],
            [
              -63.01794399982905,
              44.694110999714
            ],
            [
              -63.0325280002447,
              44.679527999891796
            ],
            [
              -63.04916700017906,
              44.67124999968734
            ],
            [
              -63.056249999700356,
              44.676610999867115
            ],
            [
              -63.05919399987198,
              44.684556000246225
            ],
            [
              -63.07002800020207,
              44.68541700028503
            ],
            [
              -63.07122199955521,
              44.68666700023738
            ],
            [
              -63.07044400012868,
              44.68997199977655
            ],
            [
              -63.07630599963433,
              44.69833300023019
            ],
            [
              -63.07549999972038,
              44.70163899992718
            ],
            [
              -63.07958299989188,
              44.704999999957366
            ],
            [
              -63.07502799971728,
              44.70622199991319
            ],
            [
              -63.07252799995966,
              44.70288900031269
            ],
            [
              -63.070860999880196,
              44.7054169996954
            ],
            [
              -63.06669400004311,
              44.704556000080814
            ],
            [
              -63.06797199996016,
              44.706610999968944
            ],
            [
              -63.06461100003702,
              44.71163899998924
            ],
            [
              -63.07166699979414,
              44.71374999973078
            ],
            [
              -63.07416699955174,
              44.71708300017299
            ],
            [
              -63.079999999643405,
              44.71622199982204
            ],
            [
              -63.08497199956952,
              44.71791700000147
            ],
            [
              -63.090028000059526,
              44.716194000171576
            ],
            [
              -63.09669399982932,
              44.71958300016726
            ],
            [
              -63.107138999996984,
              44.72916700002283
            ],
            [
              -63.10633300008303,
              44.73083299979687
            ],
            [
              -63.10874999999997,
              44.734139000286035
            ],
            [
              -63.1121109999231,
              44.73580599972579
            ],
            [
              -63.112166999999594,
              44.758305999993446
            ],
            [
              -63.109582999678096,
              44.762500000304925
            ],
            [
              -63.110472000331036,
              44.764139000272785
            ],
            [
              -63.10622199975496,
              44.767471999789706
            ],
            [
              -63.10455600039871,
              44.7716390002389
            ],
            [
              -63.10458300016288,
              44.78086100007232
            ],
            [
              -63.110860999595154,
              44.787082999789206
            ],
            [
              -63.1166939996868,
              44.78627800018991
            ],
            [
              -63.118306000413014,
              44.78786099994081
            ],
            [
              -63.12755599960599,
              44.78958299991198
            ],
            [
              -63.12208300026275,
              44.784138999902325
            ],
            [
              -63.12455600025619,
              44.78247199989971
            ],
            [
              -63.12544400018589,
              44.77916699985163
            ],
            [
              -63.12375000034224,
              44.771694000088935
            ],
            [
              -63.12541700042171,
              44.76663900025315
            ],
            [
              -63.12380600041873,
              44.763333000209194
            ],
            [
              -63.12627799968894,
              44.76002799993617
            ],
            [
              -63.12419399985793,
              44.757916999846955
            ],
            [
              -63.12330599992822,
              44.75955599970562
            ],
            [
              -63.11872200033961,
              44.758305999993446
            ],
            [
              -63.12127800017372,
              44.74333299981471
            ],
            [
              -63.11749999960075,
              44.742888999904984
            ],
            [
              -63.11627799976019,
              44.739971999802734
            ],
            [
              -63.122944000428284,
              44.736639000284555
            ],
            [
              -63.12086100042221,
              44.734582999748184
            ],
            [
              -63.11916699968022,
              44.73624999978959
            ],
            [
              -63.11797199960385,
              44.73333299976671
            ],
            [
              -63.12083299993479,
              44.72955600029845
            ],
            [
              -63.124610999609445,
              44.73080600022866
            ],
            [
              -63.12211099985184,
              44.7275000000384
            ],
            [
              -63.124583000020365,
              44.72166699990246
            ],
            [
              -63.12708299977797,
              44.719944000036826
            ],
            [
              -63.12705600001378,
              44.71750000031315
            ],
            [
              -63.13300000043352,
              44.71330599994107
            ],
            [
              -63.134999999700625,
              44.7087219998733
            ],
            [
              -63.145471999632456,
              44.70666700022945
            ],
            [
              -63.14419399971541,
              44.70461099992963
            ],
            [
              -63.141221999954695,
              44.70413899988688
            ],
            [
              -63.14211099970932,
              44.69916700016103
            ],
            [
              -63.13961099995172,
              44.69666700005584
            ],
            [
              -63.13961099995172,
              44.69413899983024
            ],
            [
              -63.14544400004337,
              44.68997199977655
            ],
            [
              -63.140000000114156,
              44.69208299972356
            ],
            [
              -63.1387780002736,
              44.68997199977655
            ],
            [
              -63.140472000117256,
              44.68744399979623
            ],
            [
              -63.14336100003729,
              44.6879170000397
            ],
            [
              -63.147500000285284,
              44.683722000020225
            ],
            [
              -63.155028000045505,
              44.6820559997874
            ],
            [
              -63.15838899996864,
              44.67622200011655
            ],
            [
              -63.16583300006328,
              44.67708300009083
            ],
            [
              -63.17122199974091,
              44.68163899978678
            ],
            [
              -63.16955600038467,
              44.687471999942495
            ],
            [
              -63.16330599964318,
              44.69291700026836
            ],
            [
              -63.16130600037608,
              44.69166699980639
            ],
            [
              -63.165472000388256,
              44.68913899972477
            ],
            [
              -63.164971999897745,
              44.68788900010854
            ],
            [
              -63.15752799980311,
              44.68955600002382
            ],
            [
              -63.15047200004599,
              44.68577799994299
            ],
            [
              -63.149610999880466,
              44.690028000166045
            ],
            [
              -63.1550559996346,
              44.6945279999762
            ],
            [
              -63.1616389995637,
              44.69538899993866
            ],
            [
              -63.16711099998033,
              44.70252800003747
            ],
            [
              -63.165443999900845,
              44.70663899978677
            ],
            [
              -63.16713899956942,
              44.71166699992843
            ],
            [
              -63.165472000388256,
              44.72000000016311
            ],
            [
              -63.16380600013368,
              44.724139000059075
            ],
            [
              -63.15708299956418,
              44.73083299979687
            ],
            [
              -63.15758300005469,
              44.73288900027987
            ],
            [
              -63.1616389995637,
              44.72791699977232
            ],
            [
              -63.16413900021962,
              44.72705599980892
            ],
            [
              -63.16752799973185,
              44.7304170000636
            ],
            [
              -63.16791699989429,
              44.72830600015798
            ],
            [
              -63.170389000062784,
              44.7275000000384
            ],
            [
              -63.170389000062784,
              44.72416699969444
            ],
            [
              -63.175417000065416,
              44.7208609998297
            ],
            [
              -63.17005599997685,
              44.72291699989895
            ],
            [
              -63.16708300039124,
              44.72166699990246
            ],
            [
              -63.17422199998904,
              44.71794399984097
            ],
            [
              -63.175889000068516,
              44.712917000192675
            ],
            [
              -63.17997200024001,
              44.71288900021991
            ],
            [
              -63.182917000236536,
              44.710777999715354
            ],
            [
              -63.18300000007723,
              44.70494399999956
            ],
            [
              -63.17544399982959,
              44.70163899992718
            ],
            [
              -63.177916999823005,
              44.69913899992178
            ],
            [
              -63.175417000065416,
              44.694166999932946
            ],
            [
              -63.176694000157546,
              44.69038899982609
            ],
            [
              -63.180055999905605,
              44.68958299968243
            ],
            [
              -63.182528000074115,
              44.68625000021553
            ],
            [
              -63.189167000079706,
              44.682082999748324
            ],
            [
              -63.195917000413395,
              44.683722000020225
            ],
            [
              -63.203333000020635,
              44.68038899992522
            ],
            [
              -63.20630599960626,
              44.678332999735346
            ],
            [
              -63.2066670001796,
              44.67124999968734
            ],
            [
              -63.20916699993719,
              44.67288899976859
            ],
            [
              -63.21341699961495,
              44.67288899976859
            ],
            [
              -63.217971999789555,
              44.670805999762514
            ],
            [
              -63.219166999865934,
              44.6671109998474
            ],
            [
              -63.2233329998781,
              44.6670830000827
            ],
            [
              -63.227110999552764,
              44.669999999938206
            ],
            [
              -63.22458300020607,
              44.6791389999225
            ],
            [
              -63.222083000448464,
              44.679944000123406
            ],
            [
              -63.22455600044188,
              44.673332999706204
            ],
            [
              -63.2233329998781,
              44.670417000014176
            ],
            [
              -63.216693999872504,
              44.67372199968589
            ],
            [
              -63.21544400044286,
              44.67663900013925
            ],
            [
              -63.220028000031455,
              44.68288900014408
            ],
            [
              -63.22377800011703,
              44.683333000106515
            ],
            [
              -63.22380599970612,
              44.685832999746495
            ],
            [
              -63.2208330001205,
              44.68874999978382
            ],
            [
              -63.21755599986296,
              44.6879170000397
            ],
            [
              -63.21500000002885,
              44.68958299968243
            ],
            [
              -63.21330600018519,
              44.6879170000397
            ],
            [
              -63.21708300003494,
              44.69333300014719
            ],
            [
              -63.214610999866416,
              44.69494399977713
            ],
            [
              -63.214610999866416,
              44.69666700005584
            ],
            [
              -63.2208330001205,
              44.70705599984853
            ],
            [
              -63.22508299979826,
              44.70372199988152
            ],
            [
              -63.230860999638324,
              44.70622199991319
            ],
            [
              -63.23422199956146,
              44.705361000141
            ],
            [
              -63.23622199972689,
              44.7091390002512
            ],
            [
              -63.234583000134805,
              44.71497200008642
            ],
            [
              -63.24044399981556,
              44.72077800011744
            ],
            [
              -63.24297200006056,
              44.7291390002548
            ],
            [
              -63.24794399998669,
              44.73250000008535
            ],
            [
              -63.24461099965263,
              44.73580599972579
            ],
            [
              -63.250861000394124,
              44.736194000078626
            ],
            [
              -63.253806000390654,
              44.72830600015798
            ],
            [
              -63.25627799966086,
              44.72663900025021
            ],
            [
              -63.26049999974953,
              44.719138999811655
            ],
            [
              -63.25541700039364,
              44.71419399994422
            ],
            [
              -63.25541700039364,
              44.71247200004753
            ],
            [
              -63.257888999663834,
              44.71080600007109
            ],
            [
              -63.25713899982639,
              44.70411100013674
            ],
            [
              -63.254972000154716,
              44.706249999919166
            ],
            [
              -63.25377799990324,
              44.704999999957366
            ],
            [
              -63.25297199998929,
              44.70247200024235
            ],
            [
              -63.254639000068785,
              44.70080599975841
            ],
            [
              -63.254610999581374,
              44.697499999749226
            ],
            [
              -63.252527999575285,
              44.69458299977283
            ],
            [
              -63.24747199998359,
              44.69705599982261
            ],
            [
              -63.2458609999806,
              44.69208299972356
            ],
            [
              -63.244193999901114,
              44.696249999870915
            ],
            [
              -63.242110999895026,
              44.69499999982914
            ],
            [
              -63.24208300030593,
              44.68997199977655
            ],
            [
              -63.239582999650025,
              44.68833300006843
            ],
            [
              -63.23966700021393,
              44.68413899971798
            ],
            [
              -63.2362500002143,
              44.67666699975905
            ],
            [
              -63.243305999971405,
              44.67538899972343
            ],
            [
              -63.24713899989766,
              44.672472000230165
            ],
            [
              -63.250861000394124,
              44.66377800006436
            ],
            [
              -63.25791700015123,
              44.662500000124055
            ],
            [
              -63.257888999663834,
              44.65913899999484
            ],
            [
              -63.254610999581374,
              44.65661099973849
            ],
            [
              -63.25586099990933,
              44.65369400031568
            ],
            [
              -63.26249999991494,
              44.65122199995763
            ],
            [
              -63.26747199984105,
              44.65294400009013
            ],
            [
              -63.26916700040795,
              44.65122199995763
            ],
            [
              -63.2734170000857,
              44.65372200015673
            ],
            [
              -63.27586099976681,
              44.64874999968172
            ],
            [
              -63.27963900033978,
              44.64913899975256
            ],
            [
              -63.28086100018034,
              44.654556000178864
            ],
            [
              -63.28372199961297,
              44.65249999990017
            ],
            [
              -63.28380600017687,
              44.649166999875526
            ],
            [
              -63.287943999701646,
              44.644999999870386
            ],
            [
              -63.28377799968946,
              44.64413900011515
            ],
            [
              -63.287111000023515,
              44.64002800018719
            ],
            [
              -63.281306000419264,
              44.62997200010754
            ],
            [
              -63.282472000183326,
              44.625388999748246
            ],
            [
              -63.28999999994355,
              44.62702799969783
            ],
            [
              -63.29130600034801,
              44.62913900001264
            ],
            [
              -63.28705599977192,
              44.62997200010754
            ],
            [
              -63.288361000351465,
              44.63208300011033
            ],
            [
              -63.29163900043394,
              44.63286099998398
            ],
            [
              -63.29252800018856,
              44.63458299991624
            ],
            [
              -63.29669400020073,
              44.63455600020139
            ],
            [
              -63.298306000028624,
              44.63794399969695
            ],
            [
              -63.30255599970638,
              44.6362219997801
            ],
            [
              -63.30675000020597,
              44.64122199976493
            ],
            [
              -63.31038899996345,
              44.63663899990216
            ],
            [
              -63.30877799996047,
              44.63500000031005
            ],
            [
              -63.30916700012289,
              44.630416999974315
            ],
            [
              -63.31252800004604,
              44.630416999974315
            ],
            [
              -63.31205600004294,
              44.63333299973124
            ],
            [
              -63.31416699963811,
              44.63538899989672
            ],
            [
              -63.3233609996529,
              44.63708300005378
            ],
            [
              -63.325861000308834,
              44.64122199976493
            ],
            [
              -63.33422199974718,
              44.64286100001797
            ],
            [
              -63.34916699983785,
              44.64122199976493
            ],
            [
              -63.352527999761,
              44.638694000206335
            ],
            [
              -63.35919400042908,
              44.644556000222835
            ],
            [
              -63.367499999615866,
              44.639555999924404
            ],
            [
              -63.37088900002639,
              44.64291699991984
            ],
            [
              -63.37883299971323,
              44.644972000292405
            ],
            [
              -63.376277999704044,
              44.6483329996854
            ],
            [
              -63.376306000191434,
              44.651666999827604
            ],
            [
              -63.37086100043731,
              44.652861000138785
            ],
            [
              -63.36880600002031,
              44.65580600003914
            ],
            [
              -63.368749999943816,
              44.66002800008154
            ],
            [
              -63.37252799961847,
              44.66291699984751
            ],
            [
              -63.372110999866955,
              44.65830600007688
            ],
            [
              -63.37872200028346,
              44.65330600021369
            ],
            [
              -63.377972000446,
              44.650000000066676
            ],
            [
              -63.38213900028309,
              44.647472000189566
            ],
            [
              -63.38041699995203,
              44.644944000061805
            ],
            [
              -63.38416700003761,
              44.642888999975646
            ],
            [
              -63.39249999988686,
              44.641249999874496
            ],
            [
              -63.4091670003086,
              44.64536100013507
            ],
            [
              -63.410389000149166,
              44.646667000173075
            ],
            [
              -63.40874999965877,
              44.6525280003177
            ],
            [
              -63.41044400040074,
              44.65416700001521
            ],
            [
              -63.41044400040074,
              44.66577800028889
            ],
            [
              -63.40627800038856,
              44.66663900018092
            ],
            [
              -63.40622200031207,
              44.670805999762514
            ],
            [
              -63.404249999735754,
              44.672944000309464
            ],
            [
              -63.39880599980652,
              44.673306000139476
            ],
            [
              -63.403305999729554,
              44.67791700007367
            ],
            [
              -63.410832999664855,
              44.67622200011655
            ],
            [
              -63.41336099990987,
              44.68038899992522
            ],
            [
              -63.415806000314205,
              44.67791700007367
            ],
            [
              -63.424194000415056,
              44.68286099969864
            ],
            [
              -63.424638999755665,
              44.677500000305216
            ],
            [
              -63.42213899999805,
              44.67663900013925
            ],
            [
              -63.4229170003229,
              44.67500000007391
            ],
            [
              -63.41961099975303,
              44.67083299985505
            ],
            [
              -63.423722000411956,
              44.66333299984655
            ],
            [
              -63.42916700016609,
              44.66125000016447
            ],
            [
              -63.43125000017217,
              44.664999999693265
            ],
            [
              -63.42830600000055,
              44.6670830000827
            ],
            [
              -63.42669400017266,
              44.66377800006436
            ],
            [
              -63.425443999844695,
              44.66827799968703
            ],
            [
              -63.43255599967831,
              44.675416999947224
            ],
            [
              -63.43919399985899,
              44.67538899972343
            ],
            [
              -63.44845654043166,
              44.67958195999997
            ],
            [
              -63.41879097983246,
              44.64961376978036
            ],
            [
              -63.42125000024343,
              44.65333300014998
            ],
            [
              -63.41919400000152,
              44.65624999983924
            ],
            [
              -63.41541700015177,
              44.65413899974996
            ],
            [
              -63.41586099966747,
              44.65122199995763
            ],
            [
              -63.412499999744334,
              44.65124999971405
            ],
            [
              -63.412944000158355,
              44.647472000189566
            ],
            [
              -63.415084990009284,
              44.64619400002123
            ],
            [
              -62.30752799957209,
              43.93330799996305
            ],
            [
              -62.28374400019217,
              43.940979999773944
            ]
          ]
        ]
      }
    },
    {
      "type": "Feature",
      "properties": {
        "LFA": "33",
        "MLS": "82.5",
        "name": "LFA 33"
      },
      "geometry": {
        "type": "Polygon",
        "coordinates": [
          [
            [
              -65.01097699988124,
              42.68825800001371
            ],
            [
              -62.999219000413895,
              43.71664799980595
            ],
            [
              -62.30752799957209,
              43.93330799996305
            ],
            [
              -63.415084990009284,
              44.64619400002123
            ],
            [
              -63.41750000015786,
              44.64538900016438
            ],
            [
              -63.41791699990939,
              44.64830599997772
            ],
            [
              -63.42124580960263,
              44.652093640210175
            ],
            [
              -63.416249999829894,
              44.6366670003058
            ],
            [
              -63.41383299991297,
              44.634138999813274
            ],
            [
              -63.41458299975043,
              44.629167000199246
            ],
            [
              -63.418805999664,
              44.624166999784016
            ],
            [
              -63.41877800007491,
              44.62080600007276
            ],
            [
              -63.41547200040336,
              44.61750000023307
            ],
            [
              -63.41633299967059,
              44.61413900016312
            ],
            [
              -63.4183889999125,
              44.61041700007334
            ],
            [
              -63.42252800016048,
              44.61038899979618
            ],
            [
              -63.4275279996757,
              44.61375000011806
            ],
            [
              -63.43583299993585,
              44.611250000226285
            ],
            [
              -63.442111000266436,
              44.60499999975413
            ],
            [
              -63.43877799993239,
              44.59911099980382
            ],
            [
              -63.44380599993501,
              44.5991669997043
            ],
            [
              -63.439556000257255,
              44.59666700027244
            ],
            [
              -63.44041700042279,
              44.593278000215854
            ],
            [
              -63.44422199986162,
              44.58875000004362
            ],
            [
              -63.44924999986422,
              44.58708300023048
            ],
            [
              -63.452138999784275,
              44.588333000110865
            ],
            [
              -63.45416700043708,
              44.592027999851034
            ],
            [
              -63.459222000203894,
              44.59372200002168
            ],
            [
              -63.46252799987544,
              44.59788900009492
            ],
            [
              -63.47086099972469,
              44.59791700000113
            ],
            [
              -63.47505600004919,
              44.602056000050524
            ],
            [
              -63.480833000064344,
              44.6045559997795
            ],
            [
              -63.49419399991623,
              44.60622200019865
            ],
            [
              -63.49294399958826,
              44.60833299984087
            ],
            [
              -63.49502800031759,
              44.60872199971645
            ],
            [
              -63.49833300016421,
              44.61288900029987
            ],
            [
              -63.500832999921826,
              44.61288900029987
            ],
            [
              -63.51249999993004,
              44.622083000008644
            ],
            [
              -63.519167000423046,
              44.62377799978419
            ],
            [
              -63.525806000428645,
              44.63122199980642
            ],
            [
              -63.53922199963381,
              44.63624999974571
            ],
            [
              -63.55374999997295,
              44.649166999875526
            ],
            [
              -63.55791699981004,
              44.65827799989322
            ],
            [
              -63.557972000061625,
              44.66252800018562
            ],
            [
              -63.560860999981664,
              44.66455599980949
            ],
            [
              -63.56294399998775,
              44.66413899973585
            ],
            [
              -63.56252800006114,
              44.661222000124596
            ],
            [
              -63.56500000022965,
              44.661222000124596
            ],
            [
              -63.57675000007856,
              44.66538900001849
            ],
            [
              -63.58169400041559,
              44.664583000257856
            ],
            [
              -63.59338900001289,
              44.67124999968734
            ],
            [
              -63.60091699977311,
              44.67955600003182
            ],
            [
              -63.60041700018093,
              44.678305999943156
            ],
            [
              -63.60336100035253,
              44.67622200011655
            ],
            [
              -63.60505600002112,
              44.677888999780315
            ],
            [
              -63.60752800018962,
              44.67708300009083
            ],
            [
              -63.61294399963145,
              44.6816670001841
            ],
            [
              -63.61711100036685,
              44.68913899972477
            ],
            [
              -63.615805999787305,
              44.69458299977283
            ],
            [
              -63.61330600002969,
              44.6937219999599
            ],
            [
              -63.611667000437635,
              44.69538899993866
            ],
            [
              -63.606667000024096,
              44.6937219999599
            ],
            [
              -63.605389000107046,
              44.694972000129205
            ],
            [
              -63.61047200036124,
              44.69747199998101
            ],
            [
              -63.610027999947235,
              44.70038900000914
            ],
            [
              -63.61666699995283,
              44.70038900000914
            ],
            [
              -63.61919400037293,
              44.703749999819806
            ],
            [
              -63.62502800028949,
              44.702056000250955
            ],
            [
              -63.63249999997323,
              44.704556000080814
            ],
            [
              -63.64502800014697,
              44.71288900021991
            ],
            [
              -63.64580599957352,
              44.71122199974778
            ],
            [
              -63.655860999753855,
              44.712917000192675
            ],
            [
              -63.662139000084416,
              44.71666699985702
            ],
            [
              -63.657916999995756,
              44.718305999971086
            ],
            [
              -63.65963900032681,
              44.720806000102876
            ],
            [
              -63.65794399975993,
              44.72166699990246
            ],
            [
              -63.66249999975943,
              44.72627800003207
            ],
            [
              -63.66916700025246,
              44.72124999979373
            ],
            [
              -63.67127799984764,
              44.71666699985702
            ],
            [
              -63.67630599985024,
              44.71333300001695
            ],
            [
              -63.66999999993058,
              44.7103890002119
            ],
            [
              -63.66583300009349,
              44.71041700011741
            ],
            [
              -63.66291700040928,
              44.707472000302076
            ],
            [
              -63.660472000004944,
              44.702500000146706
            ],
            [
              -63.65963900032681,
              44.69249999990071
            ],
            [
              -63.65799999983642,
              44.68913899972477
            ],
            [
              -63.6596109998394,
              44.68500000020638
            ],
            [
              -63.65880599975037,
              44.68244399974373
            ],
            [
              -63.64922199974824,
              44.679582999880346
            ],
            [
              -63.63336100013877,
              44.66372199985729
            ],
            [
              -63.62502800028949,
              44.664583000257856
            ],
            [
              -63.62294399956019,
              44.67166699971349
            ],
            [
              -63.61922199996202,
              44.675416999947224
            ],
            [
              -63.60166699961057,
              44.67372199968589
            ],
            [
              -63.5891939996884,
              44.66286100008657
            ],
            [
              -63.57913900040639,
              44.6578889997768
            ],
            [
              -63.57588899991301,
              44.65374999998427
            ],
            [
              -63.570417000394706,
              44.65077800000473
            ],
            [
              -63.56380599997819,
              44.63749999974136
            ],
            [
              -63.563778000389114,
              44.63419400004061
            ],
            [
              -63.56127799973318,
              44.63163900005851
            ],
            [
              -63.56294399998775,
              44.62997200010754
            ],
            [
              -63.55961099965371,
              44.62666699980359
            ],
            [
              -63.5637499999017,
              44.62413899974289
            ],
            [
              -63.562917000223564,
              44.61916700028999
            ],
            [
              -63.56752799957635,
              44.61622199979632
            ],
            [
              -63.58169400041559,
              44.624555999734646
            ],
            [
              -63.59172199993341,
              44.62788900020456
            ],
            [
              -63.605832999622734,
              44.637056000223645
            ],
            [
              -63.61713899995595,
              44.63911099982191
            ],
            [
              -63.61547199987646,
              44.63833300000281
            ],
            [
              -63.61502800036076,
              44.63455600020139
            ],
            [
              -63.61005600043463,
              44.63538899989672
            ],
            [
              -63.59583299969399,
              44.62958300001082
            ],
            [
              -63.594194000101936,
              44.6270560002635
            ],
            [
              -63.57919399975966,
              44.6220560002331
            ],
            [
              -63.57377800031783,
              44.61663899974313
            ],
            [
              -63.57380599990694,
              44.6116670000647
            ],
            [
              -63.57169399958853,
              44.60958299991728
            ],
            [
              -63.56586100039519,
              44.61038899979618
            ],
            [
              -63.56008299965682,
              44.60705600000876
            ],
            [
              -63.55377799956206,
              44.601667000306406
            ],
            [
              -63.55133300005602,
              44.595832999717956
            ],
            [
              -63.54713899955644,
              44.5924720002509
            ],
            [
              -63.54377799963331,
              44.584138999915666
            ],
            [
              -63.54877800004684,
              44.58080600031163
            ],
            [
              -63.54966699980145,
              44.572528000090635
            ],
            [
              -63.55130600029185,
              44.56999999973375
            ],
            [
              -63.55794399957421,
              44.568306000044025
            ],
            [
              -63.554638999727594,
              44.56666699984576
            ],
            [
              -63.557972000061625,
              44.56413900010675
            ],
            [
              -63.55705599964452,
              44.55997199993719
            ],
            [
              -63.55880599956466,
              44.55750000022106
            ],
            [
              -63.555472000304036,
              44.55247200001837
            ],
            [
              -63.547083000378265,
              44.5449720001916
            ],
            [
              -63.5429170003661,
              44.535861000027865
            ],
            [
              -63.53630599994957,
              44.52913900025145
            ],
            [
              -63.53375000011549,
              44.52166700022602
            ],
            [
              -63.530472000033015,
              44.519972000163094
            ],
            [
              -63.52955599961591,
              44.5166389999077
            ],
            [
              -63.5204169998527,
              44.50411099984945
            ],
            [
              -63.52047200010427,
              44.50080600020049
            ],
            [
              -63.52547199961949,
              44.49752800026048
            ],
            [
              -63.524582999864876,
              44.494999999730844
            ],
            [
              -63.526222000355254,
              44.49166699968427
            ],
            [
              -63.53002799961901,
              44.48955599974196
            ],
            [
              -63.53255599986402,
              44.48536099990928
            ],
            [
              -63.534638999870104,
              44.485000000015816
            ],
            [
              -63.53294400020154,
              44.483305999831096
            ],
            [
              -63.53497199995603,
              44.48038899990405
            ],
            [
              -63.547527999718874,
              44.482028000198405
            ],
            [
              -63.54961099972496,
              44.48997199987896
            ],
            [
              -63.552499999645,
              44.491221999789566
            ],
            [
              -63.55130600029185,
              44.483332999963686
            ],
            [
              -63.54877800004684,
              44.47916699988883
            ],
            [
              -63.55211100038088,
              44.46830599985362
            ],
            [
              -63.553305999558944,
              44.46708299993083
            ],
            [
              -63.55999999981613,
              44.467055999971585
            ],
            [
              -63.56088899957076,
              44.46869399968407
            ],
            [
              -63.573333000078925,
              44.45788899969429
            ],
            [
              -63.58336099959675,
              44.45624999980398
            ],
            [
              -63.58961100033824,
              44.4583329996941
            ],
            [
              -63.58541699983865,
              44.46830599985362
            ],
            [
              -63.57961100040949,
              44.471639000077
            ],
            [
              -63.581250000001575,
              44.474944000230046
            ],
            [
              -63.57586100032394,
              44.47955599982196
            ],
            [
              -63.58169400041559,
              44.47958299976719
            ],
            [
              -63.585861000252656,
              44.4828610002373
            ],
            [
              -63.59247199977085,
              44.48124999993678
            ],
            [
              -63.59500000001589,
              44.4770560000859
            ],
            [
              -63.599166999852955,
              44.47874999971501
            ],
            [
              -63.60172199986216,
              44.47794400001143
            ],
            [
              -63.60169400027306,
              44.47541699985627
            ],
            [
              -63.59625000034384,
              44.4749999998045
            ],
            [
              -63.60005599960759,
              44.47205599978615
            ],
            [
              -63.60747200011313,
              44.47205599978615
            ],
            [
              -63.61208300036423,
              44.47580599979128
            ],
            [
              -63.61169400020181,
              44.47788899996545
            ],
            [
              -63.61499999987335,
              44.474611000265554
            ],
            [
              -63.61836099979649,
              44.474582999977905
            ],
            [
              -63.61547199987646,
              44.471694000244554
            ],
            [
              -63.61711100036685,
              44.469166999963996
            ],
            [
              -63.61499999987335,
              44.467055999971585
            ],
            [
              -63.61333299979388,
              44.467055999971585
            ],
            [
              -63.610027999947235,
              44.47124999992961
            ],
            [
              -63.603388999941636,
              44.46958299997636
            ],
            [
              -63.60380599969315,
              44.46333299976566
            ],
            [
              -63.62005600036338,
              44.45952799974378
            ],
            [
              -63.621222000127425,
              44.4583329996941
            ],
            [
              -63.6204170000384,
              44.456610999955934
            ],
            [
              -63.6179170002808,
              44.45497200010172
            ],
            [
              -63.621332999557204,
              44.45250000017169
            ],
            [
              -63.61961100012445,
              44.45000000023423
            ],
            [
              -63.62038899955099,
              44.44747199991388
            ],
            [
              -63.63169400005928,
              44.43705600020342
            ],
            [
              -63.645860999825096,
              44.433722000020076
            ],
            [
              -63.64838900007011,
              44.431250000090536
            ],
            [
              -63.650861000238635,
              44.431250000090536
            ],
            [
              -63.65208300007919,
              44.433305999795174
            ],
            [
              -63.650416999824614,
              44.44249999969838
            ],
            [
              -63.646721999990646,
              44.44705600010093
            ],
            [
              -63.644582999908046,
              44.44749999973943
            ],
            [
              -63.64297199990507,
              44.453360999994565
            ],
            [
              -63.63872200022732,
              44.459943999845734
            ],
            [
              -63.63797200038985,
              44.46497200021912
            ],
            [
              -63.633806000377696,
              44.46919400022892
            ],
            [
              -63.63169400005928,
              44.47372200027872
            ],
            [
              -63.63499999973082,
              44.46958299997636
            ],
            [
              -63.64091700038638,
              44.46955599989139
            ],
            [
              -63.64502800014697,
              44.466194000027095
            ],
            [
              -63.649167000394975,
              44.466250000304505
            ],
            [
              -63.65249999983072,
              44.463749999833944
            ],
            [
              -63.65833299992235,
              44.463722000105584
            ],
            [
              -63.66049999959404,
              44.46497200021912
            ],
            [
              -63.65916700032371,
              44.46788900027647
            ],
            [
              -63.6816390003497,
              44.46536099989534
            ],
            [
              -63.6891939998741,
              44.46875000012732
            ],
            [
              -63.69838899971381,
              44.46869399968407
            ],
            [
              -63.708332999566046,
              44.472916999706094
            ],
            [
              -63.71749999981667,
              44.47286100005582
            ],
            [
              -63.71999999957427,
              44.47455600028297
            ],
            [
              -63.71880600022113,
              44.47330600028071
            ],
            [
              -63.71961100031016,
              44.46919400022892
            ],
            [
              -63.71502799964814,
              44.466250000304505
            ],
            [
              -63.711666999725004,
              44.46622199985196
            ],
            [
              -63.71083300022198,
              44.46202800021295
            ],
            [
              -63.706249999559965,
              44.45999999970708
            ],
            [
              -63.70708300013641,
              44.45663899988863
            ],
            [
              -63.71672200039012,
              44.45377800010947
            ],
            [
              -63.72247199974278,
              44.45538900025504
            ],
            [
              -63.72122200031313,
              44.45083300022338
            ],
            [
              -63.723361000395734,
              44.449555999719585
            ],
            [
              -63.72586100015333,
              44.45038900026973
            ],
            [
              -63.72541699973932,
              44.448277999738
            ],
            [
              -63.72708299999389,
              44.44747199991388
            ],
            [
              -63.724999999987794,
              44.44536099977401
            ],
            [
              -63.7366939997602,
              44.44375000006669
            ],
            [
              -63.738750000002106,
              44.44830599981843
            ],
            [
              -63.73172199983407,
              44.44788899975141
            ],
            [
              -63.730472000404426,
              44.44997199968335
            ],
            [
              -63.73130599990748,
              44.452472000178105
            ],
            [
              -63.72963899982798,
              44.45333299977248
            ],
            [
              -63.73127800031838,
              44.45580599999544
            ],
            [
              -63.72538900015023,
              44.45836100008346
            ],
            [
              -63.72711099958297,
              44.46166700021224
            ],
            [
              -63.72544400040181,
              44.46333299976566
            ],
            [
              -63.72794400015941,
              44.46502799974553
            ],
            [
              -63.73041700015283,
              44.47083300023096
            ],
            [
              -63.727971999748505,
              44.472443999688224
            ],
            [
              -63.73416700023841,
              44.4770560000859
            ],
            [
              -63.744250000007824,
              44.47788899996545
            ],
            [
              -63.748360999768416,
              44.48124999993678
            ],
            [
              -63.74588899959989,
              44.476221999915694
            ],
            [
              -63.73419400000258,
              44.47205599978615
            ],
            [
              -63.733749999588575,
              44.469943999746235
            ],
            [
              -63.73499999991653,
              44.46622199985196
            ],
            [
              -63.737944000088156,
              44.46580600024708
            ],
            [
              -63.73544400033054,
              44.46416700012914
            ],
            [
              -63.73544400033054,
              44.457472000081545
            ],
            [
              -63.737499999674135,
              44.45541700013252
            ],
            [
              -63.748306000415134,
              44.45288900022848
            ],
            [
              -63.75169400010246,
              44.455443999703924
            ],
            [
              -63.754583000022485,
              44.461639000125984
            ],
            [
              -63.753721999856964,
              44.46416700012914
            ],
            [
              -63.751721999691554,
              44.464582999874075
            ],
            [
              -63.750027999847894,
              44.462082999819934
            ],
            [
              -63.74499999984528,
              44.46205600011259
            ],
            [
              -63.744583000093755,
              44.46663899979852
            ],
            [
              -63.747555999679385,
              44.46786099996904
            ],
            [
              -63.74919400034486,
              44.466250000304505
            ],
            [
              -63.75836099969716,
              44.465389000119764
            ],
            [
              -63.76041699993907,
              44.469166999963996
            ],
            [
              -63.75922199986268,
              44.4703610000272
            ],
            [
              -63.754999999774014,
              44.46952799974262
            ],
            [
              -63.75375000034436,
              44.472443999688224
            ],
            [
              -63.75836099969716,
              44.476193999760056
            ],
            [
              -63.75672200010508,
              44.472888999887665
            ],
            [
              -63.765028000190156,
              44.473749999697475
            ],
            [
              -63.77377799979095,
              44.483305999831096
            ],
            [
              -63.77247200028479,
              44.48708300009125
            ],
            [
              -63.76461100043864,
              44.48999999983091
            ],
            [
              -63.76672200003382,
              44.49288899995988
            ],
            [
              -63.77086100028182,
              44.49291699979305
            ],
            [
              -63.772971999877,
              44.49497200025702
            ],
            [
              -63.77547199963459,
              44.50330600020846
            ],
            [
              -63.772971999877,
              44.514167000207394
            ],
            [
              -63.76877800027573,
              44.517472000103076
            ],
            [
              -63.76874999978833,
              44.52083299998428
            ],
            [
              -63.76541700035259,
              44.52244400018677
            ],
            [
              -63.76752799994776,
              44.52455599978937
            ],
            [
              -63.77047200011938,
              44.52327799978355
            ],
            [
              -63.77213900019887,
              44.5166389999077
            ],
            [
              -63.77624999995945,
              44.51330599989087
            ],
            [
              -63.780389000207464,
              44.5066390000088
            ],
            [
              -63.78122199988559,
              44.497471999882535
            ],
            [
              -63.7862220002991,
              44.494999999730844
            ],
            [
              -63.78544399997424,
              44.490833000102825
            ],
            [
              -63.78125000037297,
              44.48666699985708
            ],
            [
              -63.78127799996208,
              44.483305999831096
            ],
            [
              -63.78461100029611,
              44.480832999908664
            ],
            [
              -63.77919400013107,
              44.48205600011819
            ],
            [
              -63.77461100036738,
              44.4749999998045
            ],
            [
              -63.77508300037049,
              44.472888999887665
            ],
            [
              -63.77836099955463,
              44.47372200027872
            ],
            [
              -63.78297199980573,
              44.471694000244554
            ],
            [
              -63.78252800029003,
              44.46958299997636
            ],
            [
              -63.77791700003894,
              44.47000000027232
            ],
            [
              -63.77708299963758,
              44.46830599985362
            ],
            [
              -63.77833299996555,
              44.46622199985196
            ],
            [
              -63.78755600029265,
              44.46875000012732
            ],
            [
              -63.793389000384316,
              44.46875000012732
            ],
            [
              -63.79416699981085,
              44.46702799990566
            ],
            [
              -63.80086100006803,
              44.46791699992938
            ],
            [
              -63.81041699958274,
              44.476639000208834
            ],
            [
              -63.81047199983434,
              44.4799439998525
            ],
            [
              -63.81255599966535,
              44.48205600011819
            ],
            [
              -63.81500000024476,
              44.47872200013147
            ],
            [
              -63.81666700032425,
              44.47872200013147
            ],
            [
              -63.81880600040683,
              44.482471999907425
            ],
            [
              -63.81297199959196,
              44.49330600031815
            ],
            [
              -63.806249999745674,
              44.49913900016443
            ],
            [
              -63.80127799981954,
              44.50833300030249
            ],
            [
              -63.79708300039338,
              44.51247199976075
            ],
            [
              -63.79377799964841,
              44.52250000027406
            ],
            [
              -63.78916700029564,
              44.523721999914805
            ],
            [
              -63.78791699996768,
              44.52586100023421
            ],
            [
              -63.78791699996768,
              44.53169399976324
            ],
            [
              -63.79005600005026,
              44.53544399991121
            ],
            [
              -63.80086100006803,
              44.53125000019885
            ],
            [
              -63.80377799957715,
              44.528305999712984
            ],
            [
              -63.80377799957715,
              44.522471999916874
            ],
            [
              -63.80544399983172,
              44.52166700022602
            ],
            [
              -63.80211100039598,
              44.51752799984509
            ],
            [
              -63.810444000245255,
              44.508306000211576
            ],
            [
              -63.81455599983075,
              44.49913900016443
            ],
            [
              -63.817556000078866,
              44.497056000059494
            ],
            [
              -63.82713900025608,
              44.49663900024497
            ],
            [
              -63.8254720001766,
              44.50163899989399
            ],
            [
              -63.82127799967704,
              44.50577799995241
            ],
            [
              -63.82130600016445,
              44.51247199976075
            ],
            [
              -63.82627800009056,
              44.519972000163094
            ],
            [
              -63.82586100033904,
              44.52375000031164
            ],
            [
              -63.83502799969133,
              44.522889000046575
            ],
            [
              -63.83586100026777,
              44.52452799977994
            ],
            [
              -63.83836100002539,
              44.52125000031651
            ],
            [
              -63.840028000104866,
              44.52125000031651
            ],
            [
              -63.847528000276,
              44.52455599978937
            ],
            [
              -63.84461099986855,
              44.51750000030109
            ],
            [
              -63.84291700002489,
              44.5166389999077
            ],
            [
              -63.843805999779505,
              44.510000000105094
            ],
            [
              -63.84711099962615,
              44.50747200028283
            ],
            [
              -63.84291700002489,
              44.50577799995241
            ],
            [
              -63.84416700035285,
              44.50372200028787
            ],
            [
              -63.847139000113565,
              44.50330600020846
            ],
            [
              -63.84627799994803,
              44.49913900016443
            ],
            [
              -63.843306000187326,
              44.498750000104884
            ],
            [
              -63.84086099978299,
              44.50044400027118
            ],
            [
              -63.83713900018482,
              44.492443999777166
            ],
            [
              -63.84086099978299,
              44.48958300018593
            ],
            [
              -63.85422199963487,
              44.49211099972331
            ],
            [
              -63.854194000045766,
              44.48958300018593
            ],
            [
              -63.858360999882855,
              44.48955599974196
            ],
            [
              -63.86294399964656,
              44.49249999985732
            ],
            [
              -63.861694000216914,
              44.494555999899845
            ],
            [
              -63.85752800020473,
              44.49294399996272
            ],
            [
              -63.85669399980338,
              44.49625000016654
            ],
            [
              -63.86422199956361,
              44.497056000059494
            ],
            [
              -63.86755599972257,
              44.50124999985538
            ],
            [
              -63.869221999977135,
              44.50124999985538
            ],
            [
              -63.8708609995692,
              44.498721999868664
            ],
            [
              -63.87630600022165,
              44.49913900016443
            ],
            [
              -63.8749999998172,
              44.50291699976021
            ],
            [
              -63.87166700038146,
              44.50375000004492
            ],
            [
              -63.86963899972865,
              44.5025000002165
            ],
            [
              -63.87000000030199,
              44.50455600005332
            ],
            [
              -63.873361000225124,
              44.50538899998261
            ],
            [
              -63.874222000390674,
              44.50372200028787
            ],
            [
              -63.88211099982589,
              44.50247199985914
            ],
            [
              -63.8775559996513,
              44.49791700014292
            ],
            [
              -63.86627799980551,
              44.49166699968427
            ],
            [
              -63.87163899989406,
              44.48705599977169
            ],
            [
              -63.87838900022774,
              44.488722000093794
            ],
            [
              -63.88499999974593,
              44.48791700010367
            ],
            [
              -63.884582999994414,
              44.48666699985708
            ],
            [
              -63.88672200007701,
              44.48538900015203
            ],
            [
              -63.88916699958301,
              44.48875000000501
            ],
            [
              -63.893388999671686,
              44.48791700010367
            ],
            [
              -63.90163899968027,
              44.49041699969863
            ],
            [
              -63.90291699959733,
              44.494139000149424
            ],
            [
              -63.9000000000882,
              44.49791700014292
            ],
            [
              -63.9045829998519,
              44.49497200025702
            ],
            [
              -63.90502800009082,
              44.49124999978225
            ],
            [
              -63.90750000025933,
              44.492083000143985
            ],
            [
              -63.913389000427486,
              44.48958300018593
            ],
            [
              -63.9183329998662,
              44.48955599974196
            ],
            [
              -63.91963900027067,
              44.491638999891784
            ],
            [
              -63.917943999703766,
              44.49497200025702
            ],
            [
              -63.9204440003597,
              44.496611000276566
            ],
            [
              -63.91919400003174,
              44.498750000104884
            ],
            [
              -63.923333000279726,
              44.49791700014292
            ],
            [
              -63.92836100028236,
              44.5020279998999
            ],
            [
              -63.93877799996262,
              44.50497200018222
            ],
            [
              -63.936278000205,
              44.51249999979898
            ],
            [
              -63.937943999561256,
              44.513278000239886
            ],
            [
              -63.935417000039465,
              44.514971999750784
            ],
            [
              -63.937110999883124,
              44.51580599997458
            ],
            [
              -63.938750000373524,
              44.522471999916874
            ],
            [
              -63.943360999726295,
              44.52622200014385
            ],
            [
              -63.946305999722824,
              44.52499999978707
            ],
            [
              -63.944582999566855,
              44.5233329999402
            ],
            [
              -63.94502799980578,
              44.52122199999906
            ],
            [
              -63.94919399981796,
              44.52205599979623
            ],
            [
              -63.95213899981447,
              44.52499999978707
            ],
            [
              -63.94838899972892,
              44.52622200014385
            ],
            [
              -63.947055999560284,
              44.528305999712984
            ],
            [
              -63.946249999646334,
              44.532472000074286
            ],
            [
              -63.94797199997739,
              44.534110999764806
            ],
            [
              -63.946694000060354,
              44.535389000304065
            ],
            [
              -63.9408330003796,
              44.53291700017345
            ],
            [
              -63.94047199980626,
              44.535832999689745
            ],
            [
              -63.937139000370536,
              44.53747200019431
            ],
            [
              -63.94127799972021,
              44.541667000093426
            ],
            [
              -63.94038899996559,
              44.54583299989573
            ],
            [
              -63.94294399997477,
              44.54999999984534
            ],
            [
              -63.94130600020763,
              44.55750000022106
            ],
            [
              -63.937527999634646,
              44.562111000095726
            ],
            [
              -63.93544399980365,
              44.56166700014345
            ],
            [
              -63.93458299963811,
              44.55750000022106
            ],
            [
              -63.93291700028186,
              44.56247199993643
            ],
            [
              -63.93125000020238,
              44.56330599977383
            ],
            [
              -63.933749999959986,
              44.56499999979561
            ],
            [
              -63.93461100012552,
              44.56916700013343
            ],
            [
              -63.93002800036182,
              44.57205600010034
            ],
            [
              -63.92794399963251,
              44.57166699984016
            ],
            [
              -63.9295830001229,
              44.5741670002318
            ],
            [
              -63.92836100028236,
              44.57869399986204
            ],
            [
              -63.922555999779775,
              44.579555999815014
            ],
            [
              -63.92002800043308,
              44.57208300008106
            ],
            [
              -63.91755600026457,
              44.57205600010034
            ],
            [
              -63.91544399994616,
              44.57497199982034
            ],
            [
              -63.91669400027413,
              44.578750000241214
            ],
            [
              -63.91752799977717,
              44.5770829996829
            ],
            [
              -63.92002800043308,
              44.57705600010392
            ],
            [
              -63.922499999703284,
              44.581278000303925
            ],
            [
              -63.927527999705916,
              44.58208299998336
            ],
            [
              -63.92966699978849,
              44.58411099976888
            ],
            [
              -63.92755600019331,
              44.587916999685504
            ],
            [
              -63.92174999986584,
              44.5845829998007
            ],
            [
              -63.92008299978636,
              44.585388999765364
            ],
            [
              -63.91750000018808,
              44.579583000152724
            ],
            [
              -63.916666999611635,
              44.582056000166794
            ],
            [
              -63.91255599985106,
              44.580361000302915
            ],
            [
              -63.91211099961213,
              44.58249999996528
            ],
            [
              -63.91333300035098,
              44.5845829998007
            ],
            [
              -63.914193999618206,
              44.58286099995073
            ],
            [
              -63.917471999700666,
              44.58291700015527
            ],
            [
              -63.921639000436066,
              44.588693999700325
            ],
            [
              -63.92463899978586,
              44.58999999990037
            ],
            [
              -63.92416699978276,
              44.592056000022545
            ],
            [
              -63.92169399978934,
              44.591221999822544
            ],
            [
              -63.92091700018772,
              44.59294400020092
            ],
            [
              -63.93005599995093,
              44.59458299993631
            ],
            [
              -63.9317220002055,
              44.603721999892706
            ],
            [
              -63.937527999634646,
              44.60119399985937
            ],
            [
              -63.94044400021717,
              44.604167000145836
            ],
            [
              -63.93502799987704,
              44.610361000145005
            ],
            [
              -63.93005599995093,
              44.60869399990123
            ],
            [
              -63.926278000276255,
              44.61250000019513
            ],
            [
              -63.93338900028496,
              44.61205599999353
            ],
            [
              -63.93419400037399,
              44.617916999954176
            ],
            [
              -63.9388059995517,
              44.61663899974313
            ],
            [
              -63.938750000373524,
              44.62247199985733
            ],
            [
              -63.935889000042565,
              44.6237500001948
            ],
            [
              -63.92919399996047,
              44.621221999702215
            ],
            [
              -63.92174999986584,
              44.630361000154316
            ],
            [
              -63.913721999615106,
              44.634167000144764
            ],
            [
              -63.92213900002826,
              44.63500000031005
            ],
            [
              -63.91958300019415,
              44.64000000012708
            ],
            [
              -63.91963900027067,
              44.64411100012165
            ],
            [
              -63.922528000190695,
              44.644556000222835
            ],
            [
              -63.92377799962034,
              44.6424720000293
            ],
            [
              -63.92213900002826,
              44.639972000053454
            ],
            [
              -63.92836100028236,
              44.63375000015767
            ],
            [
              -63.935832999966074,
              44.630361000154316
            ],
            [
              -63.940888999557785,
              44.630388999751474
            ],
            [
              -63.94125000013111,
              44.633306000074036
            ],
            [
              -63.939999999803156,
              44.6353610001549
            ],
            [
              -63.9358060002019,
              44.63375000015767
            ],
            [
              -63.93544399980365,
              44.6358060002518
            ],
            [
              -63.92791699986834,
              44.64163899974758
            ],
            [
              -63.93044400028844,
              44.643333000237966
            ],
            [
              -63.930416999625955,
              44.646667000173075
            ],
            [
              -63.925000000359205,
              44.65452800010145
            ],
            [
              -63.916666999611635,
              44.6579170001483
            ],
            [
              -63.91255599985106,
              44.65622199994075
            ],
            [
              -63.91083299969508,
              44.65955600025081
            ],
            [
              -63.90666699968289,
              44.65958299983299
            ],
            [
              -63.90333300042226,
              44.66208299995695
            ],
            [
              -63.90163899968027,
              44.660389000101546
            ],
            [
              -63.897917000082124,
              44.66333299984655
            ],
            [
              -63.89833300000873,
              44.664583000257856
            ],
            [
              -63.90336100001134,
              44.66288899997378
            ],
            [
              -63.906249999931376,
              44.66833300013169
            ],
            [
              -63.90169399993187,
              44.6687219998118
            ],
            [
              -63.89877800024766,
              44.66669400026408
            ],
            [
              -63.89877800024766,
              44.67166699971349
            ],
            [
              -63.894193999760724,
              44.6820559997874
            ],
            [
              -63.892110999754635,
              44.6816670001841
            ],
            [
              -63.89380600032152,
              44.67163900023312
            ],
            [
              -63.892139000242054,
              44.67244399986104
            ],
            [
              -63.8887220002424,
              44.68083299988521
            ],
            [
              -63.88955599974545,
              44.68750000007528
            ],
            [
              -63.8883060003158,
              44.690443999721836
            ],
            [
              -63.89047200016257,
              44.68997199977655
            ],
            [
              -63.893332999595195,
              44.683693999977386
            ],
            [
              -63.89955599967419,
              44.68080599998049
            ],
            [
              -63.900389000250634,
              44.673306000139476
            ],
            [
              -63.90336100001134,
              44.67288899976859
            ],
            [
              -63.90499999960342,
              44.670417000014176
            ],
            [
              -63.9070829996095,
              44.67166699971349
            ],
            [
              -63.906249999931376,
              44.67827799983778
            ],
            [
              -63.909610999854515,
              44.67911100021972
            ],
            [
              -63.91000000001695,
              44.683750000049535
            ],
            [
              -63.9112500003449,
              44.68083299988521
            ],
            [
              -63.90836100042487,
              44.675416999947224
            ],
            [
              -63.914193999618206,
              44.6753610001249
            ],
            [
              -63.916666999611635,
              44.679582999880346
            ],
            [
              -63.918417000430104,
              44.67791700007367
            ],
            [
              -63.917138999614735,
              44.6741389998122
            ],
            [
              -63.91880599969423,
              44.672472000230165
            ],
            [
              -63.907943999775036,
              44.66919399976602
            ],
            [
              -63.908805999765484,
              44.66336100014474
            ],
            [
              -63.910861000182464,
              44.66208299995695
            ],
            [
              -63.91416699985403,
              44.66205600026105
            ],
            [
              -63.92002800043308,
              44.6687500000625
            ],
            [
              -63.922499999703284,
              44.6687219998118
            ],
            [
              -63.925417000110734,
              44.66413899973585
            ],
            [
              -63.92922200044788,
              44.662027999971535
            ],
            [
              -63.93838899980018,
              44.65955600025081
            ],
            [
              -63.9409170000452,
              44.65708299990008
            ],
            [
              -63.946721999649434,
              44.65538900029162
            ],
            [
              -63.948361000139826,
              44.65291699997274
            ],
            [
              -63.95505600022192,
              44.654556000178864
            ],
            [
              -63.957472000313956,
              44.652028000138955
            ],
            [
              -63.959556000144936,
              44.6616110002431
            ],
            [
              -63.9658610002397,
              44.669583000056384
            ],
            [
              -63.965443999589866,
              44.663277999769115
            ],
            [
              -63.96797199983487,
              44.655833000089515
            ],
            [
              -63.96711099966934,
              44.652472000108176
            ],
            [
              -63.97755599983701,
              44.64958300011
            ],
            [
              -63.9816669995976,
              44.64291699991984
            ],
            [
              -63.98461099976921,
              44.64580600023439
            ],
            [
              -63.98583299960977,
              44.65208300002455
            ],
            [
              -63.991694000188815,
              44.65208300002455
            ],
            [
              -63.994222000433844,
              44.65544400018481
            ],
            [
              -63.99166700042464,
              44.64624999990136
            ],
            [
              -64.00063899978328,
              44.65055600003177
            ],
            [
              -64.00069400003487,
              44.64558300017903
            ],
            [
              -64.00377799994857,
              44.641556000236704
            ],
            [
              -64.01422200029131,
              44.64072199991614
            ],
            [
              -64.01799999996597,
              44.63663899990216
            ],
            [
              -64.02427800029655,
              44.634000000296545
            ],
            [
              -64.0311109995726,
              44.63469399989066
            ],
            [
              -64.02961099989768,
              44.6327499996999
            ],
            [
              -64.03002799964923,
              44.62847199983913
            ],
            [
              -64.03524999982059,
              44.625611000129254
            ],
            [
              -64.03805599989995,
              44.624833000252124
            ],
            [
              -64.0403330000748,
              44.62652800029233
            ],
            [
              -64.0448890000743,
              44.626500000111314
            ],
            [
              -64.04861099967246,
              44.62902800028154
            ],
            [
              -64.05500000033113,
              44.628110999975
            ],
            [
              -64.06058300017753,
              44.63219399975236
            ],
            [
              -64.06088899960095,
              44.63555600022238
            ],
            [
              -64.06511099968964,
              44.634721999954316
            ],
            [
              -64.06291700025379,
              44.62780600020478
            ],
            [
              -64.05808300041993,
              44.62619400026685
            ],
            [
              -64.05650000000603,
              44.62313899992383
            ],
            [
              -64.05363899967509,
              44.623166999807886
            ],
            [
              -64.05286100024856,
              44.61991699985123
            ],
            [
              -64.05627800024818,
              44.61902800008469
            ],
            [
              -64.05699999959822,
              44.61111100025435
            ],
            [
              -64.0582780004136,
              44.61002800003845
            ],
            [
              -64.05605599959202,
              44.6068890001866
            ],
            [
              -64.05713900041373,
              44.60533299990641
            ],
            [
              -64.05344399968142,
              44.60016699980554
            ],
            [
              -64.05563899984051,
              44.59752800004975
            ],
            [
              -64.0627499998492,
              44.5960830000298
            ],
            [
              -64.0611940000978,
              44.59102799977695
            ],
            [
              -64.06208299985242,
              44.586138999825046
            ],
            [
              -64.0551390002483,
              44.58061099998653
            ],
            [
              -64.05119400016906,
              44.58074999999318
            ],
            [
              -64.04049999958106,
              44.57355599987093
            ],
            [
              -64.03533299966128,
              44.56741700014261
            ],
            [
              -64.03113900006001,
              44.55624999996385
            ],
            [
              -64.01944399956437,
              44.54491699998077
            ],
            [
              -64.01594399972406,
              44.53736100010774
            ],
            [
              -64.02066700012816,
              44.533027999766205
            ],
            [
              -64.01302800003985,
              44.526056000292925
            ],
            [
              -64.00961100004022,
              44.51750000030109
            ],
            [
              -64.00722199971237,
              44.517249999703914
            ],
            [
              -64.00719400012329,
              44.50672200010709
            ],
            [
              -64.01061100012292,
              44.50636099981451
            ],
            [
              -64.01833300005191,
              44.50930599974126
            ],
            [
              -64.02566699964338,
              44.51588899983001
            ],
            [
              -64.0296390003851,
              44.51647199976585
            ],
            [
              -64.03022199981797,
              44.513278000239886
            ],
            [
              -64.034721999741,
              44.5141940001455
            ],
            [
              -64.04750000016,
              44.52250000027406
            ],
            [
              -64.04633299967271,
              44.51991700003598
            ],
            [
              -64.0479720001631,
              44.51744399989161
            ],
            [
              -64.04605599966328,
              44.51305599987709
            ],
            [
              -64.04716700007407,
              44.50916700008374
            ],
            [
              -64.05852799976053,
              44.505749999888124
            ],
            [
              -64.06038900000877,
              44.50241699987304
            ],
            [
              -64.06630599976602,
              44.50197199999968
            ],
            [
              -64.0678890001799,
              44.49719400018498
            ],
            [
              -64.06505600033637,
              44.48586099993308
            ],
            [
              -64.07025000002035,
              44.47813900016464
            ],
            [
              -64.0745559997746,
              44.477194000103665
            ],
            [
              -64.07638900043375,
              44.47386099982511
            ],
            [
              -64.07580600010257,
              44.47186099981804
            ],
            [
              -64.0796110004397,
              44.47005600010361
            ],
            [
              -64.09116700011985,
              44.46925000019246
            ],
            [
              -64.09427799979773,
              44.472667000210855
            ],
            [
              -64.0923889999604,
              44.47427799968288
            ],
            [
              -64.10211100005479,
              44.47749999981499
            ],
            [
              -64.11252799973505,
              44.475694000212606
            ],
            [
              -64.11472200006921,
              44.47744400007577
            ],
            [
              -64.11547199990667,
              44.48669399971581
            ],
            [
              -64.11988899998902,
              44.48955599974196
            ],
            [
              -64.12049999990928,
              44.491611000085896
            ],
            [
              -64.11769399982994,
              44.49472199978206
            ],
            [
              -64.11199999965545,
              44.494332999731185
            ],
            [
              -64.11233299974138,
              44.49855599983988
            ],
            [
              -64.11669399974723,
              44.50233299992235
            ],
            [
              -64.1255830001635,
              44.50311100025058
            ],
            [
              -64.12797199959302,
              44.506333000030224
            ],
            [
              -64.12830600040218,
              44.511138999809425
            ],
            [
              -64.12833300016635,
              44.51297199988285
            ],
            [
              -64.1245000002401,
              44.516443999714404
            ],
            [
              -64.12199999958419,
              44.52366700012546
            ],
            [
              -64.12563900023999,
              44.52677799994115
            ],
            [
              -64.12580599974625,
              44.53083299972369
            ],
            [
              -64.11574999974101,
              44.53591700002339
            ],
            [
              -64.12366699966367,
              44.543888999876245
            ],
            [
              -64.12761099991799,
              44.54555599977202
            ],
            [
              -64.1276390004054,
              44.547389000286145
            ],
            [
              -64.13122200008638,
              44.55088900023117
            ],
            [
              -64.13666699984053,
              44.55386099975607
            ],
            [
              -64.14025000041983,
              44.55886100013957
            ],
            [
              -64.14027800000893,
              44.564305999904505
            ],
            [
              -64.14424999985233,
              44.56655599974829
            ],
            [
              -64.14630600009424,
              44.565777999854596
            ],
            [
              -64.15588900027146,
              44.57255600005643
            ],
            [
              -64.16919400004686,
              44.56999999973375
            ],
            [
              -64.17230600044795,
              44.574722000207096
            ],
            [
              -64.17049999955299,
              44.583500000246005
            ],
            [
              -64.17344399972461,
              44.58666699981582
            ],
            [
              -64.17647199956181,
              44.58588900024056
            ],
            [
              -64.17797200013503,
              44.58747199972706
            ],
            [
              -64.17961099972712,
              44.58316699972495
            ],
            [
              -64.17841700037395,
              44.58019399989229
            ],
            [
              -64.18697199998105,
              44.575666999945085
            ],
            [
              -64.19322199982422,
              44.575750000237996
            ],
            [
              -64.19777799982376,
              44.58005599991137
            ],
            [
              -64.19866699957836,
              44.57655599980467
            ],
            [
              -64.20066699974377,
              44.57591699997497
            ],
            [
              -64.20691699958695,
              44.57738899979414
            ],
            [
              -64.20902800008045,
              44.57427799988274
            ],
            [
              -64.20602799983234,
              44.568471999764135
            ],
            [
              -64.20730599974937,
              44.56486099990041
            ],
            [
              -64.2092220002492,
              44.564055999883294
            ],
            [
              -64.21199999984115,
              44.56744399971698
            ],
            [
              -64.21305600000035,
              44.56413900010675
            ],
            [
              -64.2173059996781,
              44.56058300026771
            ],
            [
              -64.21283300041759,
              44.54555599977202
            ],
            [
              -64.21377800024872,
              44.54205599991615
            ],
            [
              -64.20938899975546,
              44.53769399973268
            ],
            [
              -64.21549999968147,
              44.5355830002819
            ],
            [
              -64.21577800041413,
              44.53355599976082
            ],
            [
              -64.21830599976083,
              44.5323329999623
            ],
            [
              -64.22391700009462,
              44.53330600018301
            ],
            [
              -64.2291669998551,
              44.536443999893066
            ],
            [
              -64.2342500001093,
              44.534916999956124
            ],
            [
              -64.23658300036064,
              44.538999999863194
            ],
            [
              -64.23836099986988,
              44.53669400008674
            ],
            [
              -64.2429169998694,
              44.536527999985665
            ],
            [
              -64.24569399963644,
              44.53891700027747
            ],
            [
              -64.24936099988133,
              44.53919399997629
            ],
            [
              -64.24819400029236,
              44.54425000008589
            ],
            [
              -64.25055599995773,
              44.54249999968603
            ],
            [
              -64.25136100004676,
              44.53877800018176
            ],
            [
              -64.25327800037147,
              44.53819399983877
            ],
            [
              -64.25555600037123,
              44.53844400020266
            ],
            [
              -64.25716700037422,
              44.54066700017145
            ],
            [
              -64.26002799980684,
              44.53994399969348
            ],
            [
              -64.26363899997524,
              44.54386100019738
            ],
            [
              -64.26386099973308,
              44.54030600015356
            ],
            [
              -64.26255600005186,
              44.53911100002681
            ],
            [
              -64.26716700030296,
              44.53736100010774
            ],
            [
              -64.2679170001404,
              44.53916700009827
            ],
            [
              -64.27224999965885,
              44.540443999686836
            ],
            [
              -64.27113900014636,
              44.543999999682455
            ],
            [
              -64.27352799957589,
              44.54672199990611
            ],
            [
              -64.27725000007237,
              44.545639000136916
            ],
            [
              -64.27891700015185,
              44.547000000246676
            ],
            [
              -64.2801669995815,
              44.54411099991729
            ],
            [
              -64.28441700015759,
              44.54408299970496
            ],
            [
              -64.28833299992449,
              44.54774999991767
            ],
            [
              -64.28774999959332,
              44.55016699989581
            ],
            [
              -64.28308300016403,
              44.55261100006634
            ],
            [
              -64.28394400032956,
              44.554944000175354
            ],
            [
              -64.28769400041513,
              44.554721999841504
            ],
            [
              -64.28972200016963,
              44.55613899983352
            ],
            [
              -64.28994399992747,
              44.55877800006698
            ],
            [
              -64.29816700017187,
              44.55866700027843
            ],
            [
              -64.29799999976731,
              44.561693999826474
            ],
            [
              -64.30152800009502,
              44.56241700026136
            ],
            [
              -64.30569400010718,
              44.566193999976676
            ],
            [
              -64.30583300002436,
              44.56172199988748
            ],
            [
              -64.3078060004256,
              44.5601109999927
            ],
            [
              -64.3082780004287,
              44.55644400020224
            ],
            [
              -64.29558299985038,
              44.54308300030537
            ],
            [
              -64.30011100026078,
              44.5415559996805
            ],
            [
              -64.30069399969365,
              44.54338900001714
            ],
            [
              -64.31130600026592,
              44.54244400025928
            ],
            [
              -64.31727800027473,
              44.544778000124346
            ],
            [
              -64.30955600034576,
              44.535666999695486
            ],
            [
              -64.30980599969268,
              44.532472000074286
            ],
            [
              -64.30572199969627,
              44.52480599978029
            ],
            [
              -64.3055829997791,
              44.52152799994732
            ],
            [
              -64.30380600009477,
              44.52088899969857
            ],
            [
              -64.30466700026031,
              44.51636100000899
            ],
            [
              -64.30822200035222,
              44.51458300028564
            ],
            [
              -64.30697200002425,
              44.51330599989087
            ],
            [
              -64.30783300018977,
              44.511805999736225
            ],
            [
              -64.3014999996076,
              44.51163899983705
            ],
            [
              -64.30286100026366,
              44.51436099976959
            ],
            [
              -64.29908299969068,
              44.51755600001624
            ],
            [
              -64.29402799992388,
              44.51566699980537
            ],
            [
              -64.28763900016354,
              44.51580599997458
            ],
            [
              -64.28436100008108,
              44.512417000241335
            ],
            [
              -64.2858330001669,
              44.51061099968486
            ],
            [
              -64.2894440003353,
              44.51166700027547
            ],
            [
              -64.29413900025196,
              44.5097780000679
            ],
            [
              -64.3000560000092,
              44.51069399989271
            ],
            [
              -64.30052800001232,
              44.50713900020178
            ],
            [
              -64.3036389996902,
              44.5063060002942
            ],
            [
              -64.30622200018679,
              44.503194000246694
            ],
            [
              -64.30641700018046,
              44.49786100013857
            ],
            [
              -64.31033299994738,
              44.49530600024434
            ],
            [
              -64.2980559998438,
              44.489389000183294
            ],
            [
              -64.29799999976731,
              44.486805999969576
            ],
            [
              -64.29447200033789,
              44.48194399971743
            ],
            [
              -64.29772199993295,
              44.480750000129945
            ],
            [
              -64.30177800034026,
              44.484082999791134
            ],
            [
              -64.31005599993794,
              44.48666699985708
            ],
            [
              -64.31158300027535,
              44.49025000004189
            ],
            [
              -64.31713900035754,
              44.489055999989084
            ],
            [
              -64.3128059999408,
              44.484638999811
            ],
            [
              -64.31244400044088,
              44.48225000015483
            ],
            [
              -64.31455599986097,
              44.47983299975869
            ],
            [
              -64.31805599970127,
              44.48149999983567
            ],
            [
              -64.32077800011506,
              44.47991700007432
            ],
            [
              -64.31719399971082,
              44.47755600014144
            ],
            [
              -64.31844400003878,
              44.47252799974364
            ],
            [
              -64.32261099987586,
              44.47269400013868
            ],
            [
              -64.32663899979578,
              44.47041700015318
            ],
            [
              -64.32775000020658,
              44.46702799990566
            ],
            [
              -64.31866699962156,
              44.46822200013229
            ],
            [
              -64.31822200028094,
              44.469777999862984
            ],
            [
              -64.31261099994714,
              44.469083000199596
            ],
            [
              -64.31244400044088,
              44.471556000040664
            ],
            [
              -64.31069399962239,
              44.47249999973858
            ],
            [
              -64.30552800042585,
              44.46899999973371
            ],
            [
              -64.30488900001815,
              44.46530600017097
            ],
            [
              -64.30963900018642,
              44.46358300013344
            ],
            [
              -64.31194399995036,
              44.45972200030197
            ],
            [
              -64.31824999987003,
              44.45658300000976
            ],
            [
              -64.31963900011516,
              44.45402799971182
            ],
            [
              -64.32772199971916,
              44.452166999767535
            ],
            [
              -64.32558299963658,
              44.4485829999367
            ],
            [
              -64.32902800012363,
              44.44638900028069
            ],
            [
              -64.33397199956234,
              44.44649999985026
            ],
            [
              -64.33908300030394,
              44.449417000010065
            ],
            [
              -64.34063900005535,
              44.44727799970075
            ],
            [
              -64.3454720000643,
              44.446528000141676
            ],
            [
              -64.35266699973859,
              44.4467220002805
            ],
            [
              -64.35438900006966,
              44.449222000086124
            ],
            [
              -64.35555599965862,
              44.44738900014615
            ],
            [
              -64.36030599982689,
              44.44966699968369
            ],
            [
              -64.37338899984442,
              44.448778000070135
            ],
            [
              -64.35372200007289,
              44.44055600008316
            ],
            [
              -64.35066699957318,
              44.43680599979487
            ],
            [
              -64.3511109999872,
              44.435027999682596
            ],
            [
              -64.34536099973622,
              44.438416999847334
            ],
            [
              -64.34063900005535,
              44.43452799968625
            ],
            [
              -64.33838899964468,
              44.429306000167195
            ],
            [
              -64.33463899955912,
              44.42544399988895
            ],
            [
              -64.33608300005584,
              44.422528000147
            ],
            [
              -64.32419400028978,
              44.41986099987152
            ],
            [
              -64.3178609997076,
              44.42077799980752
            ],
            [
              -64.31366700010634,
              44.41608300032018
            ],
            [
              -64.3179169997841,
              44.4135829999938
            ],
            [
              -64.31547200027808,
              44.41138900028172
            ],
            [
              -64.31697199995298,
              44.40924999970331
            ],
            [
              -64.3209999998729,
              44.41233299985697
            ],
            [
              -64.32277800028046,
              44.4099719998341
            ],
            [
              -64.3256670002005,
              44.40983300028659
            ],
            [
              -64.33033299980487,
              44.41172200017807
            ],
            [
              -64.33158300013282,
              44.41458299985973
            ],
            [
              -64.33552800021207,
              44.416583000264666
            ],
            [
              -64.33344400038105,
              44.412888999891386
            ],
            [
              -64.33952799964456,
              44.40983300028659
            ],
            [
              -64.33569399989341,
              44.409889000060915
            ],
            [
              -64.33238900004676,
              44.407416999763306
            ],
            [
              -64.32516699970998,
              44.40555600012335
            ],
            [
              -64.29516699992377,
              44.408305999779316
            ],
            [
              -64.28252800032024,
              44.40644399969629
            ],
            [
              -64.27224999965885,
              44.41072200015955
            ],
            [
              -64.27025000039174,
              44.41069400003617
            ],
            [
              -64.26938900022621,
              44.408082999893466
            ],
            [
              -64.26563900014067,
              44.408221999749486
            ],
            [
              -64.26186099956767,
              44.410110999692954
            ],
            [
              -64.2607219995678,
              44.412499999793724
            ],
            [
              -64.25536100037756,
              44.41241699975799
            ],
            [
              -64.2550829996449,
              44.41016699984283
            ],
            [
              -64.25866700004913,
              44.406638999915614
            ],
            [
              -64.25547199980733,
              44.40572200029757
            ],
            [
              -64.25380599955275,
              44.403111000265184
            ],
            [
              -64.26122200005831,
              44.39883300026714
            ],
            [
              -64.2653610003063,
              44.4022780002381
            ],
            [
              -64.267888999653,
              44.40088900018805
            ],
            [
              -64.26822199973893,
              44.39841700015624
            ],
            [
              -64.27188899998383,
              44.39780600016706
            ],
            [
              -64.267972000392,
              44.39425000030373
            ],
            [
              -64.26927799989814,
              44.39149999978789
            ],
            [
              -64.26413899956742,
              44.39408300025489
            ],
            [
              -64.26341700021739,
              44.39663899990914
            ],
            [
              -64.26124999964739,
              44.396721999869065
            ],
            [
              -64.25897199964764,
              44.39413899970171
            ],
            [
              -64.2567220001353,
              44.39752800004658
            ],
            [
              -64.25133299955932,
              44.39477800016307
            ],
            [
              -64.24522199963334,
              44.39583299968165
            ],
            [
              -64.23725000035742,
              44.389111000302094
            ],
            [
              -64.22788899993805,
              44.387306000175705
            ],
            [
              -64.22766700018019,
              44.38508299994057
            ],
            [
              -64.23022200018939,
              44.38505599995681
            ],
            [
              -64.23091699977525,
              44.38344399997497
            ],
            [
              -64.22674999993816,
              44.383111000253955
            ],
            [
              -64.22649999969292,
              44.38166700027605
            ],
            [
              -64.21724999960162,
              44.382444000007325
            ],
            [
              -64.21316700032844,
              44.380556000091154
            ],
            [
              -64.21163900016613,
              44.37616699999524
            ],
            [
              -64.21888900009202,
              44.373361000024964
            ],
            [
              -64.22227799960423,
              44.370055999921355
            ],
            [
              -64.21669399993293,
              44.369999999909304
            ],
            [
              -64.21644399968768,
              44.36566700014508
            ],
            [
              -64.21366699992063,
              44.3631670000756
            ],
            [
              -64.21824999968432,
              44.36083300027213
            ],
            [
              -64.21869400009834,
              44.35905599968911
            ],
            [
              -64.22336100042594,
              44.357527999767164
            ],
            [
              -64.23705600018866,
              44.3573059997521
            ],
            [
              -64.23399999986404,
              44.35574999971782
            ],
            [
              -64.2409440003665,
              44.35236099970894
            ],
            [
              -64.24572200012385,
              44.352416999882486
            ],
            [
              -64.24916699971257,
              44.353916999805314
            ],
            [
              -64.24905600028279,
              44.35586099988764
            ],
            [
              -64.26155599996915,
              44.35916700001911
            ],
            [
              -64.27066700014326,
              44.36008300017663
            ],
            [
              -64.27516700006628,
              44.358277999811904
            ],
            [
              -64.282278000075,
              44.362361000064794
            ],
            [
              -64.28602800016056,
              44.36261100022018
            ],
            [
              -64.28663900008083,
              44.36500000026896
            ],
            [
              -64.29044400041798,
              44.364972000100366
            ],
            [
              -64.29755600025159,
              44.361500000066705
            ],
            [
              -64.29902800033742,
              44.36922200023405
            ],
            [
              -64.30519399961669,
              44.37541699973788
            ],
            [
              -64.31461100011255,
              44.3755000002579
            ],
            [
              -64.31558299970784,
              44.37244400028604
            ],
            [
              -64.30855600026304,
              44.37241700025262
            ],
            [
              -64.30663899993831,
              44.369305999742465
            ],
            [
              -64.30855600026304,
              44.36588899994828
            ],
            [
              -64.3205000002807,
              44.364611000306
            ],
            [
              -64.32036100036353,
              44.36200000023652
            ],
            [
              -64.31780600035435,
              44.35922200009893
            ],
            [
              -64.31905599978398,
              44.3573059997521
            ],
            [
              -64.3231110003664,
              44.35738900024677
            ],
            [
              -64.33161099972192,
              44.36277800014326
            ],
            [
              -64.33819399965101,
              44.36205600019022
            ],
            [
              -64.34330600021754,
              44.365555999927984
            ],
            [
              -64.33944399997897,
              44.360444000256415
            ],
            [
              -64.3388890001352,
              44.35702799997061
            ],
            [
              -64.3398609997305,
              44.351249999828966
            ],
            [
              -64.34211100014116,
              44.348582999894525
            ],
            [
              -64.33861100030084,
              44.347832999747475
            ],
            [
              -64.33708300013855,
              44.34511100001368
            ],
            [
              -64.33844399989627,
              44.34152799994535
            ],
            [
              -64.33638900037758,
              44.339971999891056
            ],
            [
              -64.33797199989317,
              44.3380000000647
            ],
            [
              -64.33700000029786,
              44.33680599979045
            ],
            [
              -64.33811099981034,
              44.33324999988302
            ],
            [
              -64.32855600012053,
              44.33758299970489
            ],
            [
              -64.32652800036601,
              44.332360999787134
            ],
            [
              -64.323555999707,
              44.334221999887696
            ],
            [
              -64.32319400020705,
              44.332471999915214
            ],
            [
              -64.31761100036067,
              44.332527999813294
            ],
            [
              -64.31716699994665,
              44.329832999909556
            ],
            [
              -64.31413900010944,
              44.32980600015902
            ],
            [
              -64.3132779999439,
              44.32752800012785
            ],
            [
              -64.31513900019215,
              44.32541700001847
            ],
            [
              -64.30794399961955,
              44.3198329997925
            ],
            [
              -64.29697200009551,
              44.31738899987052
            ],
            [
              -64.29227800000373,
              44.32424999971434
            ],
            [
              -64.29752799976418,
              44.32427800006065
            ],
            [
              -64.30802800018346,
              44.327443999847
            ],
            [
              -64.3097780001036,
              44.33061100018601
            ],
            [
              -64.31727800027473,
              44.33544400024644
            ],
            [
              -64.31755600010908,
              44.33999999979938
            ],
            [
              -64.30638899969306,
              44.33569400022445
            ],
            [
              -64.30805599977255,
              44.33880599977474
            ],
            [
              -64.31524999962193,
              44.340221999838455
            ],
            [
              -64.31569400003593,
              44.342556000179975
            ],
            [
              -64.31205600010337,
              44.34413899998455
            ],
            [
              -64.30258300042931,
              44.34074999994034
            ],
            [
              -64.29977800017487,
              44.335527999993
            ],
            [
              -64.28650000016367,
              44.333277999788535
            ],
            [
              -64.28030600039698,
              44.33055600024444
            ],
            [
              -64.27838900007227,
              44.32724999984027
            ],
            [
              -64.26313900038305,
              44.32758299969578
            ],
            [
              -64.25874999988979,
              44.32500000015196
            ],
            [
              -64.25788899972426,
              44.321888999971954
            ],
            [
              -64.25930599955849,
              44.31641699985397
            ],
            [
              -64.26847199998419,
              44.317361000092646
            ],
            [
              -64.27802800039724,
              44.31400000030757
            ],
            [
              -64.28997200041488,
              44.31386099977036
            ],
            [
              -64.29480600024876,
              44.31230599984908
            ],
            [
              -64.29636100017522,
              44.30372200020567
            ],
            [
              -64.30211100042621,
              44.300639000205535
            ],
            [
              -64.30300000018082,
              44.298388999721276
            ],
            [
              -64.30133300010134,
              44.29486100003654
            ],
            [
              -64.29311099968186,
              44.29319400007687
            ],
            [
              -64.29127799992102,
              44.289667000056056
            ],
            [
              -64.27947199999564,
              44.28475000026288
            ],
            [
              -64.26891700022311,
              44.28663900029433
            ],
            [
              -64.2684440003951,
              44.290666999697024
            ],
            [
              -64.25905600021153,
              44.29088899997254
            ],
            [
              -64.25480599963548,
              44.29333300004664
            ],
            [
              -64.23199999969864,
              44.29466700031739
            ],
            [
              -64.22972199969887,
              44.29233300014557
            ],
            [
              -64.23102800010334,
              44.29072199973632
            ],
            [
              -64.23533300003268,
              44.29033300005935
            ],
            [
              -64.24780599995485,
              44.28158299997803
            ],
            [
              -64.25455600028853,
              44.28058300003446
            ],
            [
              -64.257722000218,
              44.27533300022874
            ],
            [
              -64.2546669997183,
              44.27069400029737
            ],
            [
              -64.24650000044872,
              44.272389000110586
            ],
            [
              -64.24038899962439,
              44.266499999696705
            ],
            [
              -64.24386099987561,
              44.26452800003638
            ],
            [
              -64.24333299979601,
              44.26205600028702
            ],
            [
              -64.24541699962701,
              44.25908300000111
            ],
            [
              -64.25111099980148,
              44.25747200010827
            ],
            [
              -64.25130599979515,
              44.2633609998077
            ],
            [
              -64.25277799988096,
              44.26511100030399
            ],
            [
              -64.2586939998133,
              44.266693999811814
            ],
            [
              -64.27030599956993,
              44.26638900021828
            ],
            [
              -64.28433299959369,
              44.258139000085855
            ],
            [
              -64.28097199967053,
              44.24741699978433
            ],
            [
              -64.28341700007486,
              44.24322200012764
            ],
            [
              -64.28911100024935,
              44.241555999806614
            ],
            [
              -64.29074999984142,
              44.24302799978784
            ],
            [
              -64.29055599967268,
              44.24594400021392
            ],
            [
              -64.28694399967937,
              44.248193999872285
            ],
            [
              -64.2872779995902,
              44.25250000031121
            ],
            [
              -64.29163899959605,
              44.255250000035275
            ],
            [
              -64.2908610001695,
              44.25983299995787
            ],
            [
              -64.29402799992388,
              44.26275000010638
            ],
            [
              -64.30344399969653,
              44.264193999747484
            ],
            [
              -64.32505600028021,
              44.26319399980189
            ],
            [
              -64.33027799955327,
              44.265306000184495
            ],
            [
              -64.33080599963287,
              44.267193999803
            ],
            [
              -64.33302799955612,
              44.267388999849715
            ],
            [
              -64.34072199989602,
              44.27491699970057
            ],
            [
              -64.34350000038629,
              44.279444000081725
            ],
            [
              -64.34236100038642,
              44.28222199989612
            ],
            [
              -64.34636099981893,
              44.28644399981287
            ],
            [
              -64.34713900014378,
              44.29011100025431
            ],
            [
              -64.3449439999847,
              44.2907500000054
            ],
            [
              -64.33752800037747,
              44.287305999860074
            ],
            [
              -64.33611099964493,
              44.291360999913024
            ],
            [
              -64.33199999988433,
              44.29261099997382
            ],
            [
              -64.32922200029238,
              44.296610999995494
            ],
            [
              -64.3474439997423,
              44.296500000168685
            ],
            [
              -64.34683299982203,
              44.30055599972942
            ],
            [
              -64.3490830002327,
              44.30158300029167
            ],
            [
              -64.356638999582,
              44.30158300029167
            ],
            [
              -64.3679440000903,
              44.304193999860615
            ],
            [
              -64.36880600008074,
              44.3074439996807
            ],
            [
              -64.3751110001755,
              44.3108059997338
            ],
            [
              -64.37744400042683,
              44.309750000050805
            ],
            [
              -64.38338899977317,
              44.31077800002883
            ],
            [
              -64.38550000026666,
              44.31341699981649
            ],
            [
              -64.39350000002999,
              44.3147500000132
            ],
            [
              -64.39927799987007,
              44.3198329997925
            ],
            [
              -64.40802800036916,
              44.31972200016804
            ],
            [
              -64.41655600021208,
              44.32275000027834
            ],
            [
              -64.4194440003072,
              44.32694399981729
            ],
            [
              -64.4230560003005,
              44.32822199968187
            ],
            [
              -64.43249999966226,
              44.33650000014891
            ],
            [
              -64.4323060003918,
              44.33908300018591
            ],
            [
              -64.43819399983673,
              44.34536099988996
            ],
            [
              -64.4388330002444,
              44.34222200023197
            ],
            [
              -64.43636100007589,
              44.34172200026579
            ],
            [
              -64.43547200032127,
              44.33791699973795
            ],
            [
              -64.43827800040063,
              44.335193999845195
            ],
            [
              -64.4357219996682,
              44.33219399992805
            ],
            [
              -64.43174999982479,
              44.332360999787134
            ],
            [
              -64.42899999982193,
              44.32769399987013
            ],
            [
              -64.42313900014119,
              44.32552799979317
            ],
            [
              -64.41308300013594,
              44.313944000075274
            ],
            [
              -64.40552799971323,
              44.31147199975268
            ],
            [
              -64.40030600044017,
              44.313250000015536
            ],
            [
              -64.39263899986445,
              44.30888899989543
            ],
            [
              -64.39075000002714,
              44.305638999724245
            ],
            [
              -64.37272199984766,
              44.3014720002204
            ],
            [
              -64.3572500004006,
              44.29586099996949
            ],
            [
              -64.35138899982155,
              44.290610999709344
            ],
            [
              -64.35255600030882,
              44.28591700024273
            ],
            [
              -64.35544400040395,
              44.284277999928776
            ],
            [
              -64.35502799957904,
              44.276694000016846
            ],
            [
              -64.36102800007527,
              44.26986099983886
            ],
            [
              -64.36716699959035,
              44.26791699993534
            ],
            [
              -64.36738900024652,
              44.263972000235256
            ],
            [
              -64.36961100016977,
              44.263138999723076
            ],
            [
              -64.36916699975576,
              44.26091700021534
            ],
            [
              -64.37119399968535,
              44.25905599987058
            ],
            [
              -64.37411100009278,
              44.25891699986024
            ],
            [
              -64.37519400001617,
              44.257361000311406
            ],
            [
              -64.37905600025472,
              44.25880600021767
            ],
            [
              -64.37713899993,
              44.25566699999388
            ],
            [
              -64.37902799976733,
              44.254111000016515
            ],
            [
              -64.38619400002761,
              44.258306000296464
            ],
            [
              -64.38699999994157,
              44.25497199970686
            ],
            [
              -64.40077800044327,
              44.25230599968445
            ],
            [
              -64.40152800028073,
              44.25058299978142
            ],
            [
              -64.39538899986732,
              44.24977799988816
            ],
            [
              -64.39638899995002,
              44.24566700031585
            ],
            [
              -64.40149999979332,
              44.246000000302004
            ],
            [
              -64.40144399971683,
              44.24394400026954
            ],
            [
              -64.40533299971956,
              44.23988899981555
            ],
            [
              -64.41141699988137,
              44.23816699995159
            ],
            [
              -64.41291699955629,
              44.234082999943155
            ],
            [
              -64.41577799988723,
              44.23405599992046
            ],
            [
              -64.41941699964471,
              44.230639000054836
            ],
            [
              -64.42286100030684,
              44.23161099994073
            ],
            [
              -64.43416699974172,
              44.22827799975863
            ],
            [
              -64.43702800007266,
              44.22897199974581
            ],
            [
              -64.43763899999294,
              44.22783300004327
            ],
            [
              -64.43488899999008,
              44.2260279999414
            ],
            [
              -64.43352800023236,
              44.222332999989284
            ],
            [
              -64.43505600039465,
              44.21991700007258
            ],
            [
              -64.43411099966522,
              44.21705600009922
            ],
            [
              -64.43605599957905,
              44.21458299975571
            ],
            [
              -64.43494400024167,
              44.21191699992483
            ],
            [
              -64.43852799974756,
              44.2087219997459
            ],
            [
              -64.43652799958217,
              44.19858300010108
            ],
            [
              -64.44288899975341,
              44.19552800021272
            ],
            [
              -64.44497199975949,
              44.19216700017818
            ],
            [
              -64.44980599959335,
              44.19211099974993
            ],
            [
              -64.45186100001035,
              44.18797199995016
            ],
            [
              -64.45511099960541,
              44.187943999682105
            ],
            [
              -64.45511099960541,
              44.18524999980041
            ],
            [
              -64.45836100009878,
              44.18502799998756
            ],
            [
              -64.4602499999361,
              44.18380600014181
            ],
            [
              -64.45997200010177,
              44.18222199991871
            ],
            [
              -64.46330600026072,
              44.182332999737376
            ],
            [
              -64.46297200034988,
              44.17805600027025
            ],
            [
              -64.4659170003464,
              44.1781940000833
            ],
            [
              -64.46555599977307,
              44.179805999934096
            ],
            [
              -64.46761100019008,
              44.1800560002477
            ],
            [
              -64.47322199962555,
              44.17741699975478
            ],
            [
              -64.47972199971399,
              44.180749999711225
            ],
            [
              -64.47727800003287,
              44.17569399979417
            ],
            [
              -64.47705600027503,
              44.16997199984567
            ],
            [
              -64.47894400028744,
              44.16311100022998
            ],
            [
              -64.48341700044628,
              44.16058300009268
            ],
            [
              -64.48258300004493,
              44.15894399970356
            ],
            [
              -64.47988900011856,
              44.158805999957345
            ],
            [
              -64.47975000020139,
              44.153082999698256
            ],
            [
              -64.48283300029019,
              44.14999999992082
            ],
            [
              -64.48641699979608,
              44.14980599987912
            ],
            [
              -64.48788899988189,
              44.15166700005565
            ],
            [
              -64.49355600029219,
              44.14980599987912
            ],
            [
              -64.49413899972507,
              44.14833299975609
            ],
            [
              -64.49113900037526,
              44.142416999776074
            ],
            [
              -64.49163899996745,
              44.14030599985358
            ],
            [
              -64.49422199956574,
              44.13894400015575
            ],
            [
              -64.50611100023013,
              44.14433299985518
            ],
            [
              -64.51186099958278,
              44.141806000220306
            ],
            [
              -64.51958300041008,
              44.13422199969449
            ],
            [
              -64.52499999967681,
              44.13716700020676
            ],
            [
              -64.52499999967681,
              44.13500000031886
            ],
            [
              -64.52283300000514,
              44.133193999841986
            ],
            [
              -64.51827799983054,
              44.132638999844396
            ],
            [
              -64.51816700040077,
              44.128110999833396
            ],
            [
              -64.51977800040376,
              44.12619400003737
            ],
            [
              -64.526055999836,
              44.123500000074195
            ],
            [
              -64.5261110000876,
              44.12211099992449
            ],
            [
              -64.52136099991932,
              44.11983299975627
            ],
            [
              -64.52172199959435,
              44.11755599972226
            ],
            [
              -64.52591699991885,
              44.117444000285836
            ],
            [
              -64.52758300017342,
              44.12044400031796
            ],
            [
              -64.53036099976538,
              44.12074999994395
            ],
            [
              -64.5297499998451,
              44.12513900008081
            ],
            [
              -64.5373889999334,
              44.1320279996832
            ],
            [
              -64.53563900001323,
              44.13772200019946
            ],
            [
              -64.53358299977133,
              44.13797200030997
            ],
            [
              -64.53305600041494,
              44.13586100005559
            ],
            [
              -64.53044399960604,
              44.13658300006239
            ],
            [
              -64.5331939996089,
              44.138471999934275
            ],
            [
              -64.5302500003356,
              44.14408300024891
            ],
            [
              -64.52697200025314,
              44.14286100028981
            ],
            [
              -64.52655600032652,
              44.1453329999407
            ],
            [
              -64.52486099975964,
              44.14208300009555
            ],
            [
              -64.5276109997625,
              44.140721999999144
            ],
            [
              -64.52794399984843,
              44.138333000115495
            ],
            [
              -64.51874999983364,
              44.13908299982549
            ],
            [
              -64.5169999999135,
              44.14452800028286
            ],
            [
              -64.51566699974484,
              44.14249999980501
            ],
            [
              -64.50702799957384,
              44.14730599974109
            ],
            [
              -64.51130599973901,
              44.14872200023673
            ],
            [
              -64.51341700023251,
              44.14733300021435
            ],
            [
              -64.51366699957943,
              44.14491700005481
            ],
            [
              -64.52202799991609,
              44.14922199970553
            ],
            [
              -64.52205600040351,
              44.14669400009704
            ],
            [
              -64.52466699959088,
              44.1466669999761
            ],
            [
              -64.53086100025587,
              44.15566699987169
            ],
            [
              -64.53699999977096,
              44.15591700004211
            ],
            [
              -64.53658300001945,
              44.152500000035296
            ],
            [
              -64.54197199969708,
              44.152500000035296
            ],
            [
              -64.54719399986847,
              44.15458300024454
            ],
            [
              -64.54838899994483,
              44.158167000315785
            ],
            [
              -64.55711099995652,
              44.159943999718074
            ],
            [
              -64.56125000020452,
              44.157361000165196
            ],
            [
              -64.55980599970779,
              44.154139000244996
            ],
            [
              -64.56052799995615,
              44.148583000056135
            ],
            [
              -64.5577500003642,
              44.148916999701875
            ],
            [
              -64.55744400004245,
              44.14541700016933
            ],
            [
              -64.56019400004531,
              44.14155600022706
            ],
            [
              -64.56411099963715,
              44.14138900012148
            ],
            [
              -64.56530599971353,
              44.1432500000877
            ],
            [
              -64.57086099997082,
              44.14249999980501
            ],
            [
              -64.57538900038125,
              44.14619399984076
            ],
            [
              -64.57838899973105,
              44.15113899968618
            ],
            [
              -64.5771390003014,
              44.154471999752175
            ],
            [
              -64.58416699957111,
              44.15327800022378
            ],
            [
              -64.59338900007333,
              44.15988899980005
            ],
            [
              -64.59791699958544,
              44.15988899980005
            ],
            [
              -64.60108300041321,
              44.156638999687054
            ],
            [
              -64.60600000008775,
              44.155999999779404
            ],
            [
              -64.60833300033909,
              44.15747199973455
            ],
            [
              -64.61600000001648,
              44.15563899972994
            ],
            [
              -64.6158610000993,
              44.152500000035296
            ],
            [
              -64.61313899968555,
              44.15252799973288
            ],
            [
              -64.610305999842,
              44.14841700022772
            ],
            [
              -64.6026669997537,
              44.14999999992082
            ],
            [
              -64.60227799959127,
              44.14719399998569
            ],
            [
              -64.60580599991899,
              44.14625000004911
            ],
            [
              -64.60313899975681,
              44.14488899996959
            ],
            [
              -64.59891699966813,
              44.146388999922344
            ],
            [
              -64.59583299975442,
              44.14461099992235
            ],
            [
              -64.5954999996685,
              44.14122200018814
            ],
            [
              -64.5928889995828,
              44.14091700010593
            ],
            [
              -64.59538900023873,
              44.13650000009637
            ],
            [
              -64.59319400007965,
              44.13652800029211
            ],
            [
              -64.59130600006723,
              44.13300000001643
            ],
            [
              -64.59308299975156,
              44.130694000275376
            ],
            [
              -64.5964439996747,
              44.13480599997885
            ],
            [
              -64.60422199968019,
              44.134832999722036
            ],
            [
              -64.61530600025554,
              44.13963899974493
            ],
            [
              -64.61980600017856,
              44.135277999847986
            ],
            [
              -64.61613899993367,
              44.134832999722036
            ],
            [
              -64.61408299969176,
              44.1325560001376
            ],
            [
              -64.60994400034205,
              44.135027999936455
            ],
            [
              -64.60836099992818,
              44.13224999976801
            ],
            [
              -64.6026669997537,
              44.13325000013174
            ],
            [
              -64.59902799999621,
              44.13072200000023
            ],
            [
              -64.5954720000794,
              44.13083300002249
            ],
            [
              -64.58919399974882,
              44.124582999695356
            ],
            [
              -64.59150000023598,
              44.1215560002503
            ],
            [
              -64.58963899998774,
              44.11975000011073
            ],
            [
              -64.58905599965657,
              44.122971999913574
            ],
            [
              -64.58697199982555,
              44.12472200028233
            ],
            [
              -64.58866700039245,
              44.12622199996106
            ],
            [
              -64.58769400007392,
              44.12791700007567
            ],
            [
              -64.57933299973726,
              44.13008299997989
            ],
            [
              -64.58019399990279,
              44.132638999844396
            ],
            [
              -64.57627800013587,
              44.1345829998608
            ],
            [
              -64.56297199963727,
              44.12630600029737
            ],
            [
              -64.56008299971722,
              44.1285280002103
            ],
            [
              -64.55897200020476,
              44.12566700021823
            ],
            [
              -64.54744400011371,
              44.12513900008081
            ],
            [
              -64.54419399962035,
              44.121750000263184
            ],
            [
              -64.54494400035611,
              44.1170559997214
            ],
            [
              -64.5408889997737,
              44.11072200024983
            ],
            [
              -64.5408610001846,
              44.10613900022229
            ],
            [
              -64.53858300018486,
              44.10502800025412
            ],
            [
              -64.53963900034407,
              44.102444000179645
            ],
            [
              -64.5464719996201,
              44.099832999806395
            ],
            [
              -64.5460280001044,
              44.097778000040975
            ],
            [
              -64.5491389997823,
              44.09819399973838
            ],
            [
              -64.55266700011,
              44.09636099989379
            ],
            [
              -64.55533300044728,
              44.09827799992384
            ],
            [
              -64.55516699986761,
              44.101417000033614
            ],
            [
              -64.55763900003612,
              44.10191700010774
            ],
            [
              -64.55736100020178,
              44.103500000125216
            ],
            [
              -64.55430599970208,
              44.104694000051126
            ],
            [
              -64.55908299963453,
              44.104167000039574
            ],
            [
              -64.56058300020774,
              44.10833300007946
            ],
            [
              -64.56277800036683,
              44.107222000065924
            ],
            [
              -64.56288899979658,
              44.105666999723105
            ],
            [
              -64.56050000036707,
              44.10477800003261
            ],
            [
              -64.56108299979994,
              44.1026669997087
            ],
            [
              -64.56544399980578,
              44.10322200004825
            ],
            [
              -64.56833299972581,
              44.10147200024231
            ],
            [
              -64.56786099972271,
              44.098917000100435
            ],
            [
              -64.56491699955109,
              44.10158299974529
            ],
            [
              -64.56349999971687,
              44.10108300007188
            ],
            [
              -64.56363899963404,
              44.09816700002208
            ],
            [
              -64.55838899987357,
              44.096417000261326
            ],
            [
              -64.55461100019893,
              44.092582999972564
            ],
            [
              -64.55400000027865,
              44.09058299988604
            ],
            [
              -64.56050000036707,
              44.08694400032173
            ],
            [
              -64.56066699987333,
              44.083972000085375
            ],
            [
              -64.55691699978776,
              44.08041700009249
            ],
            [
              -64.55105600010702,
              44.078110999684995
            ],
            [
              -64.55019400011658,
              44.07469399969588
            ],
            [
              -64.55149999962272,
              44.07066700009535
            ],
            [
              -64.56144400037329,
              44.06847200021781
            ],
            [
              -64.56197199955456,
              44.070583000065206
            ],
            [
              -64.56572199964013,
              44.070972000132336
            ],
            [
              -64.56688900012742,
              44.067360999975755
            ],
            [
              -64.5719999999707,
              44.06608300021254
            ],
            [
              -64.57274999980817,
              44.06169399985615
            ],
            [
              -64.57513900013599,
              44.05902800001864
            ],
            [
              -64.58105599989324,
              44.06369399996691
            ],
            [
              -64.5833330000681,
              44.06902799983602
            ],
            [
              -64.5817220000651,
              44.07111100030282
            ],
            [
              -64.5843060003866,
              44.072499999812074
            ],
            [
              -64.59011099999084,
              44.073222000254255
            ],
            [
              -64.59172199999384,
              44.070694000102804
            ],
            [
              -64.59130600006723,
              44.064693999859195
            ],
            [
              -64.59386100007643,
              44.062416999687535
            ],
            [
              -64.6011670000788,
              44.06224999987946
            ],
            [
              -64.61013900033574,
              44.065556000152306
            ],
            [
              -64.612361000259,
              44.068777999741435
            ],
            [
              -64.61222200034183,
              44.072971999803734
            ],
            [
              -64.61822199993973,
              44.075111000108606
            ],
            [
              -64.62027800018166,
              44.07405600017014
            ],
            [
              -64.62077799977385,
              44.069583000260536
            ],
            [
              -64.62366699969388,
              44.064693999859195
            ],
            [
              -64.62633300003115,
              44.06383299980086
            ],
            [
              -64.62525000010777,
              44.06180599969102
            ],
            [
              -64.62711100035601,
              44.059943999689544
            ],
            [
              -64.63208300028212,
              44.05983300014998
            ],
            [
              -64.6347780000334,
              44.062472000015994
            ],
            [
              -64.64005600028128,
              44.05497200029335
            ],
            [
              -64.6408889999594,
              44.050778000003625
            ],
            [
              -64.65077799956006,
              44.04719399973238
            ],
            [
              -64.651667000213,
              44.04283299975767
            ],
            [
              -64.65558299997993,
              44.040721999691414
            ],
            [
              -64.65913899989674,
              44.04066699982467
            ],
            [
              -64.6623890003901,
              44.042860999776146
            ],
            [
              -64.66180600005892,
              44.04408300023627
            ],
            [
              -64.66555600014446,
              44.045778000086734
            ],
            [
              -64.6711110004018,
              44.043139000071925
            ],
            [
              -64.68436099992557,
              44.04402800026111
            ],
            [
              -64.68999999984848,
              44.04744399993429
            ],
            [
              -64.69069399960944,
              44.0543329998995
            ],
            [
              -64.69452800025891,
              44.049750000105675
            ],
            [
              -64.69891699985385,
              44.05158299995308
            ],
            [
              -64.69991699993653,
              44.050471999764945
            ],
            [
              -64.70994399962947,
              44.05141700001848
            ],
            [
              -64.71222199962921,
              44.047777999952245
            ],
            [
              -64.71502799970858,
              44.04672200016784
            ],
            [
              -64.71455599970547,
              44.04430600024633
            ],
            [
              -64.70700000035615,
              44.04569400025352
            ],
            [
              -64.70608300011412,
              44.044111000309684
            ],
            [
              -64.69522200001985,
              44.04141699983119
            ],
            [
              -64.68705599967686,
              44.035194000127795
            ],
            [
              -64.67566700040129,
              44.03072199984032
            ],
            [
              -64.67261100007669,
              44.02591699982361
            ],
            [
              -64.66347200031349,
              44.02261100029046
            ],
            [
              -64.6612219999028,
              44.0190280001219
            ],
            [
              -64.66222199998552,
              44.01450000013074
            ],
            [
              -64.66061099998252,
              44.01122199978479
            ],
            [
              -64.66233300031361,
              44.0070279997979
            ],
            [
              -64.66575000031324,
              44.00497199989944
            ],
            [
              -64.6618610003105,
              44.00136099985162
            ],
            [
              -64.66194400015118,
              43.989249999705436
            ],
            [
              -64.66355599997907,
              43.98766700007075
            ],
            [
              -64.67780599958557,
              43.9875829999611
            ],
            [
              -64.69011100017656,
              43.99175000017912
            ],
            [
              -64.70522199994859,
              43.985056000171426
            ],
            [
              -64.71522199987733,
              43.97491700030006
            ],
            [
              -64.71425000028205,
              43.9711389996799
            ],
            [
              -64.71572200036783,
              43.967694000291445
            ],
            [
              -64.73041700021327,
              43.96597199981576
            ],
            [
              -64.73266699972562,
              43.96761099993091
            ],
            [
              -64.73861100014535,
              43.9604720002855
            ],
            [
              -64.73419400006301,
              43.95466700019728
            ],
            [
              -64.73577800030182,
              43.952639000257406
            ],
            [
              -64.74352799981989,
              43.95463899991675
            ],
            [
              -64.75166700039871,
              43.954221999951
            ],
            [
              -64.76302800008519,
              43.9500559998197
            ],
            [
              -64.77350000001702,
              43.95172199980289
            ],
            [
              -64.79727800044748,
              43.94750000018296
            ],
            [
              -64.81397199973507,
              43.952639000257406
            ],
            [
              -64.81702800005968,
              43.951667000163
            ],
            [
              -64.82144400031711,
              43.94611100016249
            ],
            [
              -64.82438900031366,
              43.94611100016249
            ],
            [
              -64.8215559995718,
              43.94197199984572
            ],
            [
              -64.82119400007187,
              43.93725000031505
            ],
            [
              -64.83050000023965,
              43.93400000028669
            ],
            [
              -64.83613900016253,
              43.92500000031352
            ],
            [
              -64.84002800016529,
              43.925277999900906
            ],
            [
              -64.84469399976966,
              43.93297199983729
            ],
            [
              -64.84875000017698,
              43.92541700017792
            ],
            [
              -64.84744399977252,
              43.92188899998456
            ],
            [
              -64.84869400010047,
              43.91866700018657
            ],
            [
              -64.84508299993207,
              43.91913899981301
            ],
            [
              -64.83875000024824,
              43.914277999716624
            ],
            [
              -64.83166699982861,
              43.91563899995221
            ],
            [
              -64.8250830000746,
              43.910027999744536
            ],
            [
              -64.81172200022273,
              43.907333000145655
            ],
            [
              -64.80838899988869,
              43.90433299991872
            ],
            [
              -64.80772199989191,
              43.89777799992872
            ],
            [
              -64.79902800036763,
              43.8943610001393
            ],
            [
              -64.79077800035904,
              43.89411100013332
            ],
            [
              -64.78958300028268,
              43.891388999720974
            ],
            [
              -64.79166700011366,
              43.887443999888426
            ],
            [
              -64.7884169996203,
              43.88372199988313
            ],
            [
              -64.78844400028278,
              43.87733299985039
            ],
            [
              -64.783750000191,
              43.86808299984228
            ],
            [
              -64.78669400036263,
              43.8634719999026
            ],
            [
              -64.79113900003406,
              43.86408299970999
            ],
            [
              -64.79452800044461,
              43.86174999978186
            ],
            [
              -64.7981670002021,
              43.861638999825715
            ],
            [
              -64.8067500002966,
              43.868249999803275
            ],
            [
              -64.81538899956931,
              43.86883299997806
            ],
            [
              -64.81761100039087,
              43.86663900031965
            ],
            [
              -64.81974999957515,
              43.8671669999987
            ],
            [
              -64.8211110002312,
              43.86258300000594
            ],
            [
              -64.81716699997686,
              43.860417000202474
            ],
            [
              -64.80872199997462,
              43.86574999972486
            ],
            [
              -64.80413900021091,
              43.865639000092116
            ],
            [
              -64.80386100037659,
              43.86363899982838
            ],
            [
              -64.80894399973246,
              43.86230599973722
            ],
            [
              -64.81424999956941,
              43.857556000153984
            ],
            [
              -64.80772199989191,
              43.84569400015553
            ],
            [
              -64.81163900038206,
              43.844193999776934
            ],
            [
              -64.818444000069,
              43.84655600016667
            ],
            [
              -64.8220279995749,
              43.84586099998888
            ],
            [
              -64.83147199983496,
              43.83966700020668
            ],
            [
              -64.83669400000633,
              43.82927800019181
            ],
            [
              -64.83338900015968,
              43.824832999936895
            ],
            [
              -64.834917000322,
              43.820222000140845
            ],
            [
              -64.83336099967227,
              43.81652799989337
            ],
            [
              -64.83480599999392,
              43.814388999928
            ],
            [
              -64.84308299976668,
              43.81408300026158
            ],
            [
              -64.8517500004251,
              43.82327799971281
            ],
            [
              -64.86088900018831,
              43.82819400026488
            ],
            [
              -64.86263900010846,
              43.83349999992411
            ],
            [
              -64.86177799994292,
              43.836305999927646
            ],
            [
              -64.86511100027698,
              43.84144399971337
            ],
            [
              -64.86597200044248,
              43.84674999977929
            ],
            [
              -64.86194399962427,
              43.848777999953775
            ],
            [
              -64.86172199986643,
              43.854610999947084
            ],
            [
              -64.86722199987213,
              43.85588900032268
            ],
            [
              -64.8700830002031,
              43.8613330001368
            ],
            [
              -64.87230599995125,
              43.862138999963456
            ],
            [
              -64.87166700044189,
              43.864389000180445
            ],
            [
              -64.87338899987463,
              43.86658299975552
            ],
            [
              -64.87702799963213,
              43.86669400022107
            ],
            [
              -64.87822199988359,
              43.86891700022421
            ],
            [
              -64.88258299988944,
              43.86500000030427
            ],
            [
              -64.88433299980959,
              43.86516699983558
            ],
            [
              -64.90349999998894,
              43.87666700016586
            ],
            [
              -64.9180280003281,
              43.87808300013911
            ],
            [
              -64.91313900024265,
              43.86605600005785
            ],
            [
              -64.90763900023694,
              43.8648889999226
            ],
            [
              -64.89338899973212,
              43.85369400020778
            ],
            [
              -64.88197199996915,
              43.84758300030213
            ],
            [
              -64.87933300029437,
              43.844193999776934
            ],
            [
              -64.88100000037386,
              43.839721999719174
            ],
            [
              -64.87683299963847,
              43.834750000014296
            ],
            [
              -64.876082999801,
              43.83150000001284
            ],
            [
              -64.87674999979778,
              43.82999999983749
            ],
            [
              -64.87949999980063,
              43.829778000118765
            ],
            [
              -64.87897199972105,
              43.82516699990837
            ],
            [
              -64.88847200005758,
              43.82336099992907
            ],
            [
              -64.8935000000602,
              43.820250000160655
            ],
            [
              -64.89361100038828,
              43.818360999940744
            ],
            [
              -64.88597200029999,
              43.80808299994223
            ],
            [
              -64.88461099964393,
              43.803917000141816
            ],
            [
              -64.886805999803,
              43.79569399969323
            ],
            [
              -64.89672200006616,
              43.79755599996173
            ],
            [
              -64.90202799990313,
              43.79575000002586
            ],
            [
              -64.90655600031356,
              43.78852799977918
            ],
            [
              -64.9118610003256,
              43.789221999692785
            ],
            [
              -64.91927799975774,
              43.806610999939444
            ],
            [
              -64.92361100017449,
              43.81122200001044
            ],
            [
              -64.92680600041628,
              43.812249999835565
            ],
            [
              -64.93122199977539,
              43.82205600027373
            ],
            [
              -64.94013899978076,
              43.834193999741146
            ],
            [
              -64.94019400003233,
              43.836944000267486
            ],
            [
              -64.93744400002947,
              43.838889000223176
            ],
            [
              -64.94358300044289,
              43.84775000002984
            ],
            [
              -64.94238900019141,
              43.849667000322576
            ],
            [
              -64.9533060003622,
              43.85719399992189
            ],
            [
              -64.95341699979195,
              43.862861000309785
            ],
            [
              -64.95661100020885,
              43.861638999825715
            ],
            [
              -64.9593610002117,
              43.86411099987761
            ],
            [
              -64.95813900037113,
              43.86522199979987
            ],
            [
              -64.95905599971485,
              43.86647199973093
            ],
            [
              -64.97322199965576,
              43.87086099976985
            ],
            [
              -64.97586100022886,
              43.86830600009651
            ],
            [
              -64.97680600005998,
              43.863306000175896
            ],
            [
              -64.97174999956997,
              43.851721999727786
            ],
            [
              -64.96933299965302,
              43.84955599989864
            ],
            [
              -64.97061099957008,
              43.84569400015553
            ],
            [
              -64.9664720002204,
              43.846610999807005
            ],
            [
              -64.96641699996881,
              43.84283299993599
            ],
            [
              -64.96055600028807,
              43.84494399982183
            ],
            [
              -64.95125000012028,
              43.84305600004222
            ],
            [
              -64.94083300044002,
              43.826138999802595
            ],
            [
              -64.93755600018248,
              43.81236100030312
            ],
            [
              -64.93191700025957,
              43.81194400022889
            ],
            [
              -64.92938900001457,
              43.80933300006978
            ],
            [
              -64.92741700033656,
              43.8020560001058
            ],
            [
              -64.92424999968385,
              43.798972000192414
            ],
            [
              -64.92536100009467,
              43.79444400012146
            ],
            [
              -64.93225000034552,
              43.78277799998133
            ],
            [
              -64.93641700018259,
              43.78005600023433
            ],
            [
              -64.94288899978362,
              43.780028000180536
            ],
            [
              -64.94938899987206,
              43.7755560000072
            ],
            [
              -64.94666700035658,
              43.76950000028063
            ],
            [
              -64.94686099962705,
              43.76400000028124
            ],
            [
              -64.95088900044526,
              43.75930600029268
            ],
            [
              -64.95705600044775,
              43.756778000097476
            ],
            [
              -64.9517220001234,
              43.75566700029758
            ],
            [
              -64.95197200036866,
              43.75361100017065
            ],
            [
              -64.95422199988099,
              43.752555999887406
            ],
            [
              -64.95352800012004,
              43.750667000000426
            ],
            [
              -64.9633609996442,
              43.74502799976504
            ],
            [
              -64.96449999964408,
              43.74591699988614
            ],
            [
              -64.96397199956448,
              43.753527999723346
            ],
            [
              -64.9719439997387,
              43.758943999727066
            ],
            [
              -64.97019399981855,
              43.75383300009003
            ],
            [
              -64.9761669996523,
              43.75038900007236
            ],
            [
              -64.97627799998038,
              43.74444400026021
            ],
            [
              -64.98091699982058,
              43.744139000069886
            ],
            [
              -64.9889169995839,
              43.74697199973965
            ],
            [
              -64.99416700024268,
              43.7559170000526
            ],
            [
              -64.99172199983836,
              43.760361000305814
            ],
            [
              -64.99344400016942,
              43.762667000224816
            ],
            [
              -64.99263900008039,
              43.764528000016796
            ],
            [
              -64.99605600008002,
              43.76269400021455
            ],
            [
              -65.00463900017452,
              43.767472000077234
            ],
            [
              -65.00711100034304,
              43.77497200003158
            ],
            [
              -65.0062500001775,
              43.779972000033666
            ],
            [
              -65.00961100010063,
              43.78166699984678
            ],
            [
              -65.00622199969011,
              43.78413900007614
            ],
            [
              -65.0062779997666,
              43.785805999839575
            ],
            [
              -65.01049999985528,
              43.78663900011941
            ],
            [
              -65.00711100034304,
              43.78916699969272
            ],
            [
              -65.00708299985564,
              43.793333000226525
            ],
            [
              -65.01008300010375,
              43.79538900007472
            ],
            [
              -65.01252799960977,
              43.800443999756546
            ],
            [
              -65.01588900043123,
              43.80122199968098
            ],
            [
              -65.01625000010625,
              43.8033329997272
            ],
            [
              -65.01874999986387,
              43.804166999857586
            ],
            [
              -65.01874999986387,
              43.80666699976473
            ],
            [
              -65.01630600018274,
              43.80916700006455
            ],
            [
              -65.02377799986647,
              43.81749999978998
            ],
            [
              -65.02461100044292,
              43.82166699984891
            ],
            [
              -65.02583300028347,
              43.822889000120945
            ],
            [
              -65.02541700035687,
              43.81999999970416
            ],
            [
              -65.0308060000345,
              43.81788900014139
            ],
            [
              -65.03249999987815,
              43.821221999745305
            ],
            [
              -65.03833299996982,
              43.82124999994429
            ],
            [
              -65.04255599988339,
              43.82461099979522
            ],
            [
              -65.04372199964745,
              43.82166699984891
            ],
            [
              -65.04047200005239,
              43.816639000187706
            ],
            [
              -65.03627799955281,
              43.81413900021184
            ],
            [
              -65.03544400004978,
              43.809971999872644
            ],
            [
              -65.03086100028608,
              43.805417000247466
            ],
            [
              -65.026694000449,
              43.80874999973058
            ],
            [
              -65.02377799986647,
              43.80419399991211
            ],
            [
              -65.02716700027702,
              43.8033329997272
            ],
            [
              -65.02252800043682,
              43.79958299998936
            ],
            [
              -65.01880599994035,
              43.799138999799155
            ],
            [
              -65.01877800035125,
              43.79580600030607
            ],
            [
              -65.01377799993773,
              43.78583299976052
            ],
            [
              -65.01463900010326,
              43.77661100013702
            ],
            [
              -65.0179439999499,
              43.77330600003199
            ],
            [
              -65.0179439999499,
              43.76666699985694
            ],
            [
              -65.01127800018013,
              43.76752800025362
            ],
            [
              -65.01211099985825,
              43.7641389999325
            ],
            [
              -65.01422200035175,
              43.763749999913685
            ],
            [
              -65.01791700018573,
              43.75833299974781
            ],
            [
              -65.01711100027178,
              43.75336099986601
            ],
            [
              -65.0129169997722,
              43.750806000129145
            ],
            [
              -65.01461099961585,
              43.74744399973418
            ],
            [
              -65.01377799993773,
              43.74330600028632
            ],
            [
              -65.01166700034254,
              43.74122199991413
            ],
            [
              -65.00547199985265,
              43.740806000060836
            ],
            [
              -65.00713899993214,
              43.73580599992294
            ],
            [
              -65.00127800025139,
              43.73083299972742
            ],
            [
              -65.01169400010673,
              43.73291700015222
            ],
            [
              -65.01041700001458,
              43.725805999978576
            ],
            [
              -65.01252799960977,
              43.72291700017159
            ],
            [
              -65.02083299986994,
              43.725388999756966
            ],
            [
              -65.03000000012055,
              43.71711099977933
            ],
            [
              -65.03627799955281,
              43.71666700010101
            ],
            [
              -65.03711100012926,
              43.7133330001765
            ],
            [
              -65.0333059997921,
              43.71041700000694
            ],
            [
              -65.03002799970963,
              43.712888999776226
            ],
            [
              -65.02505599978352,
              43.71291700008587
            ],
            [
              -65.02336100011495,
              43.70955600004663
            ],
            [
              -65.02044399970751,
              43.70916699982202
            ],
            [
              -65.02791700011446,
              43.70000000024505
            ],
            [
              -65.02919400020662,
              43.69538900030567
            ],
            [
              -65.03413900036855,
              43.695416999697315
            ],
            [
              -65.04338899956151,
              43.70041699986516
            ],
            [
              -65.05505599956973,
              43.70041699986516
            ],
            [
              -65.06502799990939,
              43.697110999945465
            ],
            [
              -65.06586099958751,
              43.70125000001031
            ],
            [
              -65.06249999966437,
              43.69955599979298
            ],
            [
              -65.06091700014879,
              43.70125000001031
            ],
            [
              -65.04586099973004,
              43.70372199988992
            ],
            [
              -65.04380600021135,
              43.70583300020154
            ],
            [
              -65.04502800005191,
              43.70958299996852
            ],
            [
              -65.04747199973302,
              43.70958299996852
            ],
            [
              -65.04961099981558,
              43.711667000095446
            ],
            [
              -65.04794399973612,
              43.71583300003275
            ],
            [
              -65.049639000303,
              43.72002799997679
            ],
            [
              -65.04919400006408,
              43.72541700006829
            ],
            [
              -65.0516670000575,
              43.72124999990971
            ],
            [
              -65.05586099965878,
              43.71955600004763
            ],
            [
              -65.06249999966437,
              43.720416999822056
            ],
            [
              -65.06461100015787,
              43.717527999837344
            ],
            [
              -65.06463899974696,
              43.70916699982202
            ],
            [
              -65.06627800023736,
              43.70747199989636
            ],
            [
              -65.06461100015787,
              43.70586099991127
            ],
            [
              -65.06755600015438,
              43.702083000271614
            ],
            [
              -65.07044400024952,
              43.70163900030819
            ],
            [
              -65.06797200008101,
              43.69586100027227
            ],
            [
              -65.0653889995844,
              43.69416699978524
            ],
            [
              -65.06708300032639,
              43.688306000191815
            ],
            [
              -65.07086100000103,
              43.68624999970577
            ],
            [
              -65.07297199959622,
              43.687528000112245
            ],
            [
              -65.07380599999756,
              43.69163899989567
            ],
            [
              -65.07791699975816,
              43.696639000075656
            ],
            [
              -65.07797200000975,
              43.70000000024505
            ],
            [
              -65.08050000025474,
              43.70247199971068
            ],
            [
              -65.0787500003346,
              43.70663899983631
            ],
            [
              -65.08044400017826,
              43.70997200009055
            ],
            [
              -65.07791699975816,
              43.71419399976906
            ],
            [
              -65.08205600000615,
              43.71830600024801
            ],
            [
              -65.07961099960183,
              43.740806000060836
            ],
            [
              -65.07544399976474,
              43.748305999685016
            ],
            [
              -65.07997200017516,
              43.75377799997922
            ],
            [
              -65.08205600000615,
              43.752471999993574
            ],
            [
              -65.08044400017826,
              43.750860999726804
            ],
            [
              -65.08169399960791,
              43.74877800019208
            ],
            [
              -65.09250000034892,
              43.7487499997709
            ],
            [
              -65.09291700010043,
              43.74497199994391
            ],
            [
              -65.0971669997782,
              43.73997199984261
            ],
            [
              -65.0971109997017,
              43.73580599992294
            ],
            [
              -65.0996389999467,
              43.73163900002616
            ],
            [
              -65.09836100002964,
              43.72874999981534
            ],
            [
              -65.09666700018599,
              43.73208299974835
            ],
            [
              -65.09380599985505,
              43.73161100002694
            ],
            [
              -65.09713900018909,
              43.72749999969117
            ],
            [
              -65.09541699985802,
              43.72330600008611
            ],
            [
              -65.09625000043447,
              43.71830600024801
            ],
            [
              -65.09919399970778,
              43.7145560002137
            ],
            [
              -65.10255600035414,
              43.71538899997485
            ],
            [
              -65.10333299995577,
              43.71788899976103
            ],
            [
              -65.10583299971339,
              43.714582999830974
            ],
            [
              -65.11250000020638,
              43.716249999894615
            ],
            [
              -65.12124999980716,
              43.70916699982202
            ],
            [
              -65.12130599988366,
              43.697499999819435
            ],
            [
              -65.1179440001356,
              43.69836100018963
            ],
            [
              -65.11755599979809,
              43.70288900032134
            ],
            [
              -65.11416700028585,
              43.70288900032134
            ],
            [
              -65.11083300012692,
              43.69786100023139
            ],
            [
              -65.1083330003693,
              43.69872199996416
            ],
            [
              -65.10544399955096,
              43.69744399972094
            ],
            [
              -65.10547200003836,
              43.69080600003582
            ],
            [
              -65.10838900044578,
              43.688750000149604
            ],
            [
              -65.10916699987234,
              43.69119400023485
            ],
            [
              -65.1108890002034,
              43.690443999706126
            ],
            [
              -65.11380599971253,
              43.69249999998151
            ],
            [
              -65.11499999996398,
              43.69538900030567
            ],
            [
              -65.12374999956478,
              43.69333299969589
            ],
            [
              -65.12377800005218,
              43.687500000285276
            ],
            [
              -65.12716699956441,
              43.68499999971193
            ],
            [
              -65.12797199965345,
              43.679139000219436
            ],
            [
              -65.1267220002238,
              43.67711100014044
            ],
            [
              -65.12502800038014,
              43.68038900019965
            ],
            [
              -65.12374999956478,
              43.6799719996879
            ],
            [
              -65.12461099973031,
              43.6708059997622
            ],
            [
              -65.12797199965345,
              43.66747199979441
            ],
            [
              -65.12544400030676,
              43.66580600029617
            ],
            [
              -65.12544400030676,
              43.66330599968767
            ],
            [
              -65.12791700030017,
              43.659971999711644
            ],
            [
              -65.1270829998988,
              43.6558329997958
            ],
            [
              -65.12841699989238,
              43.65375000023811
            ],
            [
              -65.13044399982195,
              43.65497199992751
            ],
            [
              -65.13458300006995,
              43.66752799993535
            ],
            [
              -65.14169400007864,
              43.66791699998301
            ],
            [
              -65.14625000007817,
              43.67249999987429
            ],
            [
              -65.14794399992181,
              43.6783060002308
            ],
            [
              -65.14794399992181,
              43.69997199974611
            ],
            [
              -65.14630600015465,
              43.70247199971068
            ],
            [
              -65.14627799966728,
              43.71080599991081
            ],
            [
              -65.14291699974412,
              43.72002799997679
            ],
            [
              -65.13874999990703,
              43.723361000279056
            ],
            [
              -65.14213900031757,
              43.727471999704356
            ],
            [
              -65.13874999990703,
              43.729999999818446
            ],
            [
              -65.14294400040662,
              43.73911100010442
            ],
            [
              -65.14591699999224,
              43.74038899978138
            ],
            [
              -65.1495830004122,
              43.73744400007354
            ],
            [
              -65.15041699991525,
              43.73416700016536
            ],
            [
              -65.1542220002524,
              43.73205600022764
            ],
            [
              -65.15916700041434,
              43.73788899976792
            ],
            [
              -65.16624999993563,
              43.73330600003746
            ],
            [
              -65.16708299961377,
              43.72169400003655
            ],
            [
              -65.17049999961341,
              43.72002799997679
            ],
            [
              -65.16794399977931,
              43.71913899981993
            ],
            [
              -65.16794399977931,
              43.71252800024797
            ],
            [
              -65.16672199993874,
              43.71122199972012
            ],
            [
              -65.16375000017804,
              43.712499999756574
            ],
            [
              -65.1629169996016,
              43.70666699981895
            ],
            [
              -65.16586099977323,
              43.70288900032134
            ],
            [
              -65.16922199969636,
              43.702083000271614
            ],
            [
              -65.1716670001007,
              43.69791699994048
            ],
            [
              -65.17836100035787,
              43.69791699994048
            ],
            [
              -65.17958300019843,
              43.70333300011924
            ],
            [
              -65.18961099971627,
              43.70999999981497
            ],
            [
              -65.18958300012717,
              43.714166999976506
            ],
            [
              -65.19458299964239,
              43.725777999849136
            ],
            [
              -65.20211100030092,
              43.735028000246785
            ],
            [
              -65.2037220003039,
              43.740833000179585
            ],
            [
              -65.21050000022667,
              43.746638999988804
            ],
            [
              -65.210417000386,
              43.750806000129145
            ],
            [
              -65.21624999957933,
              43.75497200031831
            ],
            [
              -65.21872199974786,
              43.762472000081424
            ],
            [
              -65.22130600006936,
              43.7641389999325
            ],
            [
              -65.21966699957899,
              43.77002800012209
            ],
            [
              -65.22716699975011,
              43.77499999985845
            ],
            [
              -65.22961100032953,
              43.78330599998027
            ],
            [
              -65.23208299959974,
              43.78416700015023
            ],
            [
              -65.23041700024349,
              43.79249999985923
            ],
            [
              -65.23588899976181,
              43.792917000148506
            ],
            [
              -65.23752800025218,
              43.7971109997899
            ],
            [
              -65.2420830004268,
              43.79666700003404
            ],
            [
              -65.2404720004238,
              43.79499999971409
            ],
            [
              -65.24205599976428,
              43.79163899975006
            ],
            [
              -65.24050000001289,
              43.78333299973326
            ],
            [
              -65.23466699992125,
              43.77916700007127
            ],
            [
              -65.23463900033217,
              43.76583299991224
            ],
            [
              -65.23669399985084,
              43.763749999913685
            ],
            [
              -65.25005600042593,
              43.771250000168706
            ],
            [
              -65.25416700018653,
              43.77958299985898
            ],
            [
              -65.25880600002671,
              43.76999999991337
            ],
            [
              -65.25749999962225,
              43.76788899980803
            ],
            [
              -65.25336100027258,
              43.76872199997181
            ],
            [
              -65.24133299969102,
              43.754999999775144
            ],
            [
              -65.23955600000669,
              43.749943999843204
            ],
            [
              -65.2404720004238,
              43.74913899997615
            ],
            [
              -65.2262779999955,
              43.725805999978576
            ],
            [
              -65.22541699982995,
              43.71330599999604
            ],
            [
              -65.22794400025006,
              43.71086099989048
            ],
            [
              -65.22883300000468,
              43.70500000009368
            ],
            [
              -65.23461099984475,
              43.70163900030819
            ],
            [
              -65.23377800016662,
              43.68997199997444
            ],
            [
              -65.23958299977086,
              43.68919400006854
            ],
            [
              -65.24302800025791,
              43.67916700005091
            ],
            [
              -65.24252799976739,
              43.67705599973468
            ],
            [
              -65.23919399960843,
              43.67622200016131
            ],
            [
              -65.23880600016923,
              43.68080599976218
            ],
            [
              -65.23583299968529,
              43.68125000001313
            ],
            [
              -65.23291700000108,
              43.674971999782805
            ],
            [
              -65.2400000004207,
              43.66874999993448
            ],
            [
              -65.24330600009226,
              43.67286100002374
            ],
            [
              -65.24502800042332,
              43.668721999790776
            ],
            [
              -65.25166700042892,
              43.66705599989668
            ],
            [
              -65.25499999986465,
              43.658749999738355
            ],
            [
              -65.25925000044072,
              43.65877799998422
            ],
            [
              -65.26830600036327,
              43.665417000214305
            ],
            [
              -65.27338899971915,
              43.66455600000935
            ],
            [
              -65.2925559998985,
              43.67119400002036
            ],
            [
              -65.31091700016391,
              43.687943999713475
            ],
            [
              -65.31919399993667,
              43.687943999713475
            ],
            [
              -65.32458299961431,
              43.69080600003582
            ],
            [
              -65.32374999993617,
              43.70830600008715
            ],
            [
              -65.31872199993357,
              43.71663900024499
            ],
            [
              -65.31711099993058,
              43.744139000069886
            ],
            [
              -65.31541700008692,
              43.74580599994922
            ],
            [
              -65.31711099993058,
              43.750806000129145
            ],
            [
              -65.31627800025244,
              43.75333300029115
            ],
            [
              -65.3175560001695,
              43.756250000092244
            ],
            [
              -65.32044400026463,
              43.753305999970294
            ],
            [
              -65.32999999977935,
              43.769582999979654
            ],
            [
              -65.33669400003654,
              43.76955599985575
            ],
            [
              -65.33580600010683,
              43.767083000324185
            ],
            [
              -65.33208299978544,
              43.76663900002098
            ],
            [
              -65.33333300011341,
              43.763749999913685
            ],
            [
              -65.33705600043479,
              43.76252799974849
            ],
            [
              -65.33297200043839,
              43.754944000199465
            ],
            [
              -65.33291700018678,
              43.74327799990138
            ],
            [
              -65.33627800010993,
              43.73663900020941
            ],
            [
              -65.33666700027237,
              43.73041699974748
            ],
            [
              -65.34255600044052,
              43.72955600023317
            ],
            [
              -65.34580600003557,
              43.73205600022764
            ],
            [
              -65.3583330003844,
              43.73208299974835
            ],
            [
              -65.35916699988744,
              43.737082999857876
            ],
            [
              -65.36422199965425,
              43.737110999894945
            ],
            [
              -65.37049999998482,
              43.741667000086395
            ],
            [
              -65.37250000015024,
              43.74538900010104
            ],
            [
              -65.38002799991047,
              43.74374999981928
            ],
            [
              -65.38213900040394,
              43.73747199994175
            ],
            [
              -65.37838900031838,
              43.73291700015222
            ],
            [
              -65.37336100031575,
              43.731249999698804
            ],
            [
              -65.37127800030967,
              43.72830600005186
            ],
            [
              -65.3721389995769,
              43.72583299972008
            ],
            [
              -65.36666700005858,
              43.72286099979572
            ],
            [
              -65.36338899997611,
              43.717916999682224
            ],
            [
              -65.35211100013034,
              43.711667000095446
            ],
            [
              -65.34877799979627,
              43.70500000009368
            ],
            [
              -65.34208299971418,
              43.69747200010148
            ],
            [
              -65.3404440001221,
              43.69333299969589
            ],
            [
              -65.3429999999562,
              43.69002799990564
            ],
            [
              -65.34213899979068,
              43.68666700010472
            ],
            [
              -65.34377800028105,
              43.68583300030564
            ],
            [
              -65.34374999979367,
              43.683305999716744
            ],
            [
              -65.34127799962515,
              43.68080599976218
            ],
            [
              -65.34127799962515,
              43.67827799999754
            ],
            [
              -65.33916700002997,
              43.67705599973468
            ],
            [
              -65.33752800043789,
              43.68122199985445
            ],
            [
              -65.33169399962301,
              43.68122199985445
            ],
            [
              -65.32713900034672,
              43.677499999799345
            ],
            [
              -65.32791699977327,
              43.66327800025374
            ],
            [
              -65.32963900010432,
              43.658278000220065
            ],
            [
              -65.32877799993881,
              43.64830600022249
            ],
            [
              -65.33708300019896,
              43.641666999733665
            ],
            [
              -65.33669400003654,
              43.63955600024269
            ],
            [
              -65.33374999986493,
              43.63916699977391
            ],
            [
              -65.33294399995097,
              43.63413899984171
            ],
            [
              -65.3358610003584,
              43.63208299988804
            ],
            [
              -65.33919399979415,
              43.63711100021087
            ],
            [
              -65.34008300044708,
              43.63541700015807
            ],
            [
              -65.34422199979677,
              43.63705600021198
            ],
            [
              -65.34458300037011,
              43.63413899984171
            ],
            [
              -65.34122200044698,
              43.62666700019959
            ],
            [
              -65.34333300004212,
              43.626278000175425
            ],
            [
              -65.34672199955438,
              43.630444000089874
            ],
            [
              -65.34794400029324,
              43.62750000019051
            ],
            [
              -65.34169399955175,
              43.62041699993353
            ],
            [
              -65.33422199986803,
              43.61541700028023
            ],
            [
              -65.32088899960524,
              43.61541700028023
            ],
            [
              -65.3220829998567,
              43.607499999715984
            ],
            [
              -65.32505600034065,
              43.607083000302474
            ],
            [
              -65.32633300043278,
              43.610832999847204
            ],
            [
              -65.32922200035281,
              43.61124999992985
            ],
            [
              -65.335832999871,
              43.609556000127775
            ],
            [
              -65.33830599986443,
              43.606249999725925
            ],
            [
              -65.34752800036664,
              43.60211099976193
            ],
            [
              -65.35083300021329,
              43.60211099976193
            ],
            [
              -65.3542219997255,
              43.606249999725925
            ],
            [
              -65.3583609999735,
              43.60788900025479
            ],
            [
              -65.36666700005858,
              43.60874999974777
            ],
            [
              -65.36463900030407,
              43.603306000235996
            ],
            [
              -65.36588899973373,
              43.60122199982877
            ],
            [
              -65.367056000221,
              43.60497199983588
            ],
            [
              -65.36880600014115,
              43.604999999779295
            ],
            [
              -65.36877799965376,
              43.60247200021687
            ],
            [
              -65.3650560000556,
              43.59958299979833
            ],
            [
              -65.36166699964505,
              43.59958299979833
            ],
            [
              -65.35999999956556,
              43.60122199982877
            ],
            [
              -65.35083300021329,
              43.60038900005883
            ],
            [
              -65.34961100037272,
              43.593333000151674
            ],
            [
              -65.3471109997168,
              43.591667000312505
            ],
            [
              -65.3471109997168,
              43.58999999986131
            ],
            [
              -65.34255600044052,
              43.585417000307565
            ],
            [
              -65.33541699994439,
              43.58247200031116
            ],
            [
              -65.33544399970856,
              43.57497199998412
            ],
            [
              -65.33677799970214,
              43.57374999995129
            ],
            [
              -65.34088900036103,
              43.575389000018596
            ],
            [
              -65.34338900011865,
              43.574583000095444
            ],
            [
              -65.34880600028369,
              43.5683060002843
            ],
            [
              -65.34627800003867,
              43.55999999984262
            ],
            [
              -65.3471109997168,
              43.55500000012459
            ],
            [
              -65.3379440003645,
              43.54583300019894
            ],
            [
              -65.33880600035494,
              43.537500000306615
            ],
            [
              -65.34586100028714,
              43.53541700002207
            ],
            [
              -65.35083300021329,
              43.5420560002573
            ],
            [
              -65.35875000013593,
              43.5450000003146
            ],
            [
              -65.35541699980188,
              43.54833299988167
            ],
            [
              -65.35461099988794,
              43.55166700008009
            ],
            [
              -65.36044399997958,
              43.56166699971943
            ],
            [
              -65.36922200006777,
              43.572055999950415
            ],
            [
              -65.37336100031575,
              43.571222000298896
            ],
            [
              -65.37836099983097,
              43.56619400006038
            ],
            [
              -65.38211099991655,
              43.565833000043625
            ],
            [
              -65.38038899958549,
              43.55997199979332
            ],
            [
              -65.38544400025057,
              43.55250000028015
            ],
            [
              -65.38086099958859,
              43.55208299998337
            ],
            [
              -65.38000000032136,
              43.550389000036
            ],
            [
              -65.39169400009376,
              43.54705600021313
            ],
            [
              -65.39830600033518,
              43.54788899968349
            ],
            [
              -65.41041699985908,
              43.555805999748664
            ],
            [
              -65.41624999995075,
              43.565860999972685
            ],
            [
              -65.41627800043815,
              43.57083300026864
            ],
            [
              -65.42166700011579,
              43.57958300019068
            ],
            [
              -65.42666699963101,
              43.58038900021583
            ],
            [
              -65.43413900021305,
              43.58874999998085
            ],
            [
              -65.43916700021568,
              43.592082999877306
            ],
            [
              -65.44588900006195,
              43.59291700011866
            ],
            [
              -65.46416699958836,
              43.60125000021656
            ],
            [
              -65.46458300041328,
              43.59999999980975
            ],
            [
              -65.45877799991072,
              43.594971999974845
            ],
            [
              -65.45549999982826,
              43.58750000016726
            ],
            [
              -65.44794399958063,
              43.58166699971552
            ],
            [
              -65.45044400023656,
              43.57330600023672
            ],
            [
              -65.44711099990249,
              43.564972000266124
            ],
            [
              -65.44919399990859,
              43.5637220001584
            ],
            [
              -65.45088899957716,
              43.56541700002979
            ],
            [
              -65.4541940003221,
              43.56538899989435
            ],
            [
              -65.45627800015312,
              43.56413899997747
            ],
            [
              -65.45541699998758,
              43.56249999968952
            ],
            [
              -65.4516939996662,
              43.562083000242374
            ],
            [
              -65.44877799998198,
              43.56002799987896
            ],
            [
              -65.44838899981956,
              43.557916999686235
            ],
            [
              -65.44588900006195,
              43.557916999686235
            ],
            [
              -65.44544399982303,
              43.56083300007759
            ],
            [
              -65.44711099990249,
              43.56330599988704
            ],
            [
              -65.44422199998247,
              43.5637220001584
            ],
            [
              -65.43794399965188,
              43.558305999802776
            ],
            [
              -65.43958300014228,
              43.555805999748664
            ],
            [
              -65.43836100030173,
              43.55458300019963
            ],
            [
              -65.43505599955677,
              43.554556000212756
            ],
            [
              -65.43211099956025,
              43.55163900006488
            ],
            [
              -65.43663899997065,
              43.55124999987917
            ],
            [
              -65.4399999998938,
              43.548722000012845
            ],
            [
              -65.44580600022127,
              43.55036100007809
            ],
            [
              -65.44675000022747,
              43.552056000178496
            ],
            [
              -65.44836100023046,
              43.549555999957136
            ],
            [
              -65.45044400023656,
              43.549972000107665
            ],
            [
              -65.45083300039897,
              43.55208299998337
            ],
            [
              -65.45705599957965,
              43.550805999683455
            ],
            [
              -65.45297199958326,
              43.54661100026763
            ],
            [
              -65.45463899966272,
              43.54330599989357
            ],
            [
              -65.45294399999416,
              43.53997200021087
            ],
            [
              -65.44624999973698,
              43.53416700028742
            ],
            [
              -65.44838899981956,
              43.530416999975834
            ],
            [
              -65.45341699982218,
              43.530416999975834
            ],
            [
              -65.45461100007365,
              43.529139000114064
            ],
            [
              -65.45877799991072,
              43.51577800024479
            ],
            [
              -65.4654720001679,
              43.50997199998672
            ],
            [
              -65.46669400000845,
              43.50702800015623
            ],
            [
              -65.47330600024988,
              43.50791699972178
            ],
            [
              -65.47416700041542,
              43.5095560000968
            ],
            [
              -65.48247199977726,
              43.512861000009906
            ],
            [
              -65.48672200035334,
              43.51288899979327
            ],
            [
              -65.48749999977989,
              43.514582999978494
            ],
            [
              -65.49622199979157,
              43.514972000270895
            ],
            [
              -65.49169400027947,
              43.51369400022467
            ],
            [
              -65.48425000018484,
              43.50625000020501
            ],
            [
              -65.47747200026205,
              43.506221999947805
            ],
            [
              -65.47080599959398,
              43.4987220001409
            ],
            [
              -65.46877799983946,
              43.49836100003298
            ],
            [
              -65.47208299968611,
              43.49330600029939
            ],
            [
              -65.47002800016742,
              43.49288899990948
            ],
            [
              -65.46297200041032,
              43.48500000003207
            ],
            [
              -65.4695829999285,
              43.48163900018426
            ],
            [
              -65.46791699967393,
              43.47916700026608
            ],
            [
              -65.47133299984864,
              43.47830599995801
            ],
            [
              -65.47041700032985,
              43.47744399981556
            ],
            [
              -65.47216700025001,
              43.47580599989418
            ],
            [
              -65.47086099984554,
              43.47458299981242
            ],
            [
              -65.46044400016528,
              43.483332999990935
            ],
            [
              -65.46088900040421,
              43.48624999974228
            ],
            [
              -65.4583610001592,
              43.486221999986114
            ],
            [
              -65.4562499996657,
              43.484167000141014
            ],
            [
              -65.45755600007017,
              43.48127800029182
            ],
            [
              -65.46297200041032,
              43.47916700026608
            ],
            [
              -65.46877799983946,
              43.47166700004567
            ],
            [
              -65.46877799983946,
              43.46999999982044
            ],
            [
              -65.46374999983684,
              43.4658329999618
            ],
            [
              -65.46463899959147,
              43.462500000312275
            ],
            [
              -65.46708300017089,
              43.46083300025444
            ],
            [
              -65.46877799983946,
              43.45086099982807
            ],
            [
              -65.47255600041244,
              43.45041700029304
            ],
            [
              -65.47755599992765,
              43.455389000238696
            ],
            [
              -65.48500000002227,
              43.45791700025767
            ],
            [
              -65.48761100010796,
              43.461250000231395
            ],
            [
              -65.49211100003099,
              43.46252799997744
            ],
            [
              -65.48961100027338,
              43.474111000251604
            ],
            [
              -65.48633300019091,
              43.476666999972956
            ],
            [
              -65.48788899994231,
              43.484167000141014
            ],
            [
              -65.49041700018734,
              43.488332999860766
            ],
            [
              -65.49583299962914,
              43.493722000083835
            ],
            [
              -65.49919399955228,
              43.49375000027348
            ],
            [
              -65.50169400020822,
              43.497083000145395
            ],
            [
              -65.50833300021381,
              43.496250000064826
            ],
            [
              -65.51599716031659,
              43.4978969302934
            ],
            [
              -65.23266599993093,
              42.916782999821905
            ],
            [
              -65.22957835195885,
              42.79250127995324
            ],
            [
              -65.21599400038461,
              42.583454999806186
            ],
            [
              -65.01097699988124,
              42.68825800001371
            ]
          ]
        ]
      }
    },
    {
      "type": "Feature",
      "properties": {
        "LFA": "34",
        "MLS": "82.5",
        "name": "LFA 34"
      },
      "geometry": {
        "type": "Polygon",
        "coordinates": [
          [
            [
              -66.49937699991082,
              42.83333300004912
            ],
            [
              -66.49937899956065,
              42.91677699999856
            ],
            [
              -65.23266599993093,
              42.91678399979242
            ],
            [
              -65.51599716031659,
              43.4978969302934
            ],
            [
              -65.52000000022204,
              43.497083000145395
            ],
            [
              -65.52416700005911,
              43.50127799992366
            ],
            [
              -65.53005600022726,
              43.5029170000742
            ],
            [
              -65.53422200023942,
              43.507056000039555
            ],
            [
              -65.54080599999345,
              43.51038900032365
            ],
            [
              -65.54880599975678,
              43.51752799994524
            ],
            [
              -65.55249999976584,
              43.52877800020021
            ],
            [
              -65.55880599968552,
              43.53086099990063
            ],
            [
              -65.5583329998575,
              43.53291700004142
            ],
            [
              -65.54833299992876,
              43.53372200028351
            ],
            [
              -65.54711100008821,
              43.535000000067456
            ],
            [
              -65.55963900026197,
              43.54666699974791
            ],
            [
              -65.56127799985401,
              43.55000000024629
            ],
            [
              -65.56002800042438,
              43.55211099979235
            ],
            [
              -65.55544399993747,
              43.549972000107665
            ],
            [
              -65.55794399969507,
              43.55500000012459
            ],
            [
              -65.56127799985401,
              43.557499999766186
            ],
            [
              -65.56247200010549,
              43.562055999710374
            ],
            [
              -65.565056000427,
              43.56124999971425
            ],
            [
              -65.56583300002863,
              43.56294400030205
            ],
            [
              -65.57505600035574,
              43.567082999957776
            ],
            [
              -65.57797200003996,
              43.56580599989053
            ],
            [
              -65.57538900044167,
              43.564167000042985
            ],
            [
              -65.57672199971199,
              43.562055999710374
            ],
            [
              -65.58461100004556,
              43.56252799986587
            ],
            [
              -65.58300000004257,
              43.561638999793864
            ],
            [
              -65.58252800003946,
              43.55794400012014
            ],
            [
              -65.59172200005426,
              43.562083000242374
            ],
            [
              -65.59538900029915,
              43.55747199985706
            ],
            [
              -65.59297200038222,
              43.555805999748664
            ],
            [
              -65.59455599972272,
              43.5491390001253
            ],
            [
              -65.5904719997263,
              43.54336099967822
            ],
            [
              -65.59755599997082,
              43.54541700013147
            ],
            [
              -65.60005599972844,
              43.548722000012845
            ],
            [
              -65.603805999814,
              43.54663900001425
            ],
            [
              -65.60544399958115,
              43.52586099989981
            ],
            [
              -65.60830599973703,
              43.52538899981104
            ],
            [
              -65.61124999990865,
              43.52247199976853
            ],
            [
              -65.61002800006808,
              43.51958299996854
            ],
            [
              -65.62005599958592,
              43.518721999948525
            ],
            [
              -65.62419400000898,
              43.520389000235475
            ],
            [
              -65.62458300017143,
              43.51833299972772
            ],
            [
              -65.6266939997666,
              43.51788900008831
            ],
            [
              -65.62919400042253,
              43.519527999991894
            ],
            [
              -65.63044399985216,
              43.515861000089814
            ],
            [
              -65.62711100041643,
              43.51494400015109
            ],
            [
              -65.63005600041295,
              43.510416999950856
            ],
            [
              -65.64169400010886,
              43.508722000016384
            ],
            [
              -65.64419399986647,
              43.512110999814894
            ],
            [
              -65.64916699961749,
              43.51288899979327
            ],
            [
              -65.65333299962968,
              43.50708299979841
            ],
            [
              -65.6558330002856,
              43.50708299979841
            ],
            [
              -65.65630600011362,
              43.50163900018424
            ],
            [
              -65.65288900011397,
              43.497500000247314
            ],
            [
              -65.65625000003712,
              43.49330600029939
            ],
            [
              -65.65297199995467,
              43.48497199969646
            ],
            [
              -65.6541939997952,
              43.482082999887176
            ],
            [
              -65.67086100021697,
              43.487861000170454
            ],
            [
              -65.67041699980294,
              43.49583299980219
            ],
            [
              -65.67711100006014,
              43.500027999759126
            ],
            [
              -65.67461100030252,
              43.50166699996082
            ],
            [
              -65.6766940003086,
              43.50294399972956
            ],
            [
              -65.68505599957187,
              43.5020560000979
            ],
            [
              -65.68666699957485,
              43.50458300026101
            ],
            [
              -65.69088899966354,
              43.50038899967447
            ],
            [
              -65.69630599982858,
              43.499971999976
            ],
            [
              -65.69672199975517,
              43.493722000083835
            ],
            [
              -65.70338900024818,
              43.49538900015464
            ],
            [
              -65.71172200009744,
              43.49205599997587
            ],
            [
              -65.71749999993752,
              43.49288899990948
            ],
            [
              -65.72588899986327,
              43.491193999850964
            ],
            [
              -65.72919399970992,
              43.49288899990948
            ],
            [
              -65.72880600027072,
              43.4983330000265
            ],
            [
              -65.73544399955308,
              43.5058329999408
            ],
            [
              -65.7379719997981,
              43.514972000270895
            ],
            [
              -65.73791700044482,
              43.519166999883694
            ],
            [
              -65.73547200004049,
              43.52247199976853
            ],
            [
              -65.73458300028587,
              43.5274719999616
            ],
            [
              -65.73833300037144,
              43.532056000150554
            ],
            [
              -65.7399999995526,
              43.53202800014364
            ],
            [
              -65.74050000004311,
              43.53419400029031
            ],
            [
              -65.73544399955308,
              43.537444000125355
            ],
            [
              -65.73625000036536,
              43.54497199980663
            ],
            [
              -65.73377800019684,
              43.54916699999986
            ],
            [
              -65.73630600044184,
              43.55497199970482
            ],
            [
              -65.73966700036499,
              43.55747199985706
            ],
            [
              -65.73627799995444,
              43.56080600028732
            ],
            [
              -65.74124999988055,
              43.56663899990942
            ],
            [
              -65.74050000004311,
              43.57077800017036
            ],
            [
              -65.74672200029718,
              43.576222000268984
            ],
            [
              -65.75130599988579,
              43.57333300028209
            ],
            [
              -65.75291699988878,
              43.5674999999431
            ],
            [
              -65.75047200038276,
              43.556639000027005
            ],
            [
              -65.74672200029718,
              43.55536099995398
            ],
            [
              -65.7446109998037,
              43.55250000028015
            ],
            [
              -65.74622199980669,
              43.54663900001425
            ],
            [
              -65.74549999955832,
              43.5416670000847
            ],
            [
              -65.74291699996004,
              43.539167000048984
            ],
            [
              -65.7475829995644,
              43.53458299983414
            ],
            [
              -65.75330600005121,
              43.534556000005416
            ],
            [
              -65.75791700030231,
              43.537500000306615
            ],
            [
              -65.76166700038787,
              43.55208299998337
            ],
            [
              -65.77838900016289,
              43.55208299998337
            ],
            [
              -65.77877800032533,
              43.55500000012459
            ],
            [
              -65.77708299975842,
              43.55583299982649
            ],
            [
              -65.78127800008292,
              43.556639000027005
            ],
            [
              -65.78547199968418,
              43.56249999968952
            ],
            [
              -65.78711100017458,
              43.569139000227196
            ],
            [
              -65.78461100041697,
              43.57244400021272
            ],
            [
              -65.78211099976104,
              43.5833329997974
            ],
            [
              -65.77963899959254,
              43.58577800006264
            ],
            [
              -65.78130599967201,
              43.591693999932005
            ],
            [
              -65.78041699991738,
              43.59583300023021
            ],
            [
              -65.78375000025144,
              43.59833299988771
            ],
            [
              -65.78249999992347,
              43.60041700018376
            ],
            [
              -65.77755599958645,
              43.60041700018376
            ],
            [
              -65.77466699966641,
              43.60580600032256
            ],
            [
              -65.77041699998865,
              43.62333300028073
            ],
            [
              -65.77127800015417,
              43.628360999813
            ],
            [
              -65.76791700023104,
              43.63580600019897
            ],
            [
              -65.76877800039657,
              43.65580599972023
            ],
            [
              -65.76375000039396,
              43.66500000028052
            ],
            [
              -65.76377799998305,
              43.67249999987429
            ],
            [
              -65.76886100023725,
              43.67413899977143
            ],
            [
              -65.77002799982621,
              43.677889000184834
            ],
            [
              -65.77038900039956,
              43.67583300001396
            ],
            [
              -65.77294400040874,
              43.674971999782805
            ],
            [
              -65.77122200007769,
              43.6783329999329
            ],
            [
              -65.77380600039919,
              43.6799719996879
            ],
            [
              -65.77211099983231,
              43.68333299976737
            ],
            [
              -65.77463900007731,
              43.68583300030564
            ],
            [
              -65.77377799991179,
              43.690832999958495
            ],
            [
              -65.77625000008031,
              43.694943999891905
            ],
            [
              -65.77550000024286,
              43.70080599972279
            ],
            [
              -65.78000000016587,
              43.69788899976776
            ],
            [
              -65.78169400000952,
              43.69877800016799
            ],
            [
              -65.78211099976104,
              43.69583299978897
            ],
            [
              -65.78380600032793,
              43.69499999972715
            ],
            [
              -65.78127800008292,
              43.69327799987186
            ],
            [
              -65.7812499995955,
              43.690832999958495
            ],
            [
              -65.77955599975186,
              43.69002799990564
            ],
            [
              -65.78041699991738,
              43.688332999940734
            ],
            [
              -65.77713899983493,
              43.68497200000418
            ],
            [
              -65.77794399992396,
              43.68250000018875
            ],
            [
              -65.78255599999997,
              43.68125000001313
            ],
            [
              -65.7812499995955,
              43.68413899979723
            ],
            [
              -65.7838330000921,
              43.68499999971193
            ],
            [
              -65.783361000089,
              43.68705600016888
            ],
            [
              -65.78630600008555,
              43.687500000285276
            ],
            [
              -65.78630600008555,
              43.690832999958495
            ],
            [
              -65.78758300017768,
              43.69125000032413
            ],
            [
              -65.78877800025404,
              43.686638999875846
            ],
            [
              -65.79213900017719,
              43.68250000018875
            ],
            [
              -65.79297199985531,
              43.66830600010885
            ],
            [
              -65.79547199961293,
              43.66252799969495
            ],
            [
              -65.79797200026884,
              43.660806000246396
            ],
            [
              -65.79794399978145,
              43.649138999933704
            ],
            [
              -65.8013060004278,
              43.64747200027669
            ],
            [
              -65.8012219998639,
              43.64249999985108
            ],
            [
              -65.79797200026884,
              43.641666999733665
            ],
            [
              -65.79755600034225,
              43.63788899989679
            ],
            [
              -65.79088899984923,
              43.640388999724436
            ],
            [
              -65.78791700008851,
              43.63749999968766
            ],
            [
              -65.79049999968682,
              43.63166699993078
            ],
            [
              -65.7879439998527,
              43.62750000019051
            ],
            [
              -65.78874999976667,
              43.62330599990266
            ],
            [
              -65.78711100017458,
              43.61830599987523
            ],
            [
              -65.79047200009772,
              43.61244400000483
            ],
            [
              -65.78872200017756,
              43.60916699996293
            ],
            [
              -65.79047200009772,
              43.60077799974442
            ],
            [
              -65.79588900026276,
              43.59538900006373
            ],
            [
              -65.79833299994385,
              43.59538900006373
            ],
            [
              -65.80258299962163,
              43.592082999877306
            ],
            [
              -65.80547200043998,
              43.593333000151674
            ],
            [
              -65.81380600011414,
              43.60494399987939
            ],
            [
              -65.81291700035953,
              43.61333299994956
            ],
            [
              -65.81547200036871,
              43.63080600020133
            ],
            [
              -65.81291700035953,
              43.63161100015425
            ],
            [
              -65.81169399979574,
              43.6270830003016
            ],
            [
              -65.80966699986615,
              43.63250000019845
            ],
            [
              -65.81375000003766,
              43.63416699985907
            ],
            [
              -65.81627800028267,
              43.64080600025698
            ],
            [
              -65.81547200036871,
              43.649167000111134
            ],
            [
              -65.81877800004028,
              43.6525279997311
            ],
            [
              -65.81877800004028,
              43.659139000128114
            ],
            [
              -65.82044400029486,
              43.66161099988598
            ],
            [
              -65.82044400029486,
              43.66830600010885
            ],
            [
              -65.81874999955286,
              43.67247200018049
            ],
            [
              -65.81541700011714,
              43.67494399994292
            ],
            [
              -65.81880599962935,
              43.676639000097516
            ],
            [
              -65.82050000037134,
              43.68250000018875
            ],
            [
              -65.8191670002027,
              43.684583000067335
            ],
            [
              -65.81458299971578,
              43.685778000099816
            ],
            [
              -65.81708300037171,
              43.705778000153714
            ],
            [
              -65.82044400029486,
              43.71330599999604
            ],
            [
              -65.82713900037695,
              43.71833300012342
            ],
            [
              -65.8292499999721,
              43.72291700017159
            ],
            [
              -65.83211100030306,
              43.721666999728015
            ],
            [
              -65.82958300005805,
              43.715027999923215
            ],
            [
              -65.83166699988904,
              43.712055999678064
            ],
            [
              -65.83586100038863,
              43.71788899976103
            ],
            [
              -65.84041700038814,
              43.719166999806205
            ],
            [
              -65.83711099981828,
              43.73083299972742
            ],
            [
              -65.84130600014275,
              43.73913899984219
            ],
            [
              -65.83958299998677,
              43.751666999736905
            ],
            [
              -65.84083300031475,
              43.75288899981256
            ],
            [
              -65.84166699981778,
              43.7487499997709
            ],
            [
              -65.84497199966442,
              43.74877800019208
            ],
            [
              -65.84586100031736,
              43.75208300003739
            ],
            [
              -65.85088900031998,
              43.75038900007236
            ],
            [
              -65.8513060000715,
              43.75244400000278
            ],
            [
              -65.84877799982648,
              43.75913899969093
            ],
            [
              -65.84336099966144,
              43.76288900028312
            ],
            [
              -65.84130600014275,
              43.762472000081424
            ],
            [
              -65.84125000006627,
              43.76663900002098
            ],
            [
              -65.84713900023442,
              43.767472000077234
            ],
            [
              -65.84630599965797,
              43.77166700015611
            ],
            [
              -65.84883300007807,
              43.77166700015611
            ],
            [
              -65.84622199999238,
              43.77499999985845
            ],
            [
              -65.85297200032606,
              43.78413900007614
            ],
            [
              -65.85213899974963,
              43.786667000319525
            ],
            [
              -65.85458300032906,
              43.786667000319525
            ],
            [
              -65.85463900040554,
              43.79249999985923
            ],
            [
              -65.8583889995928,
              43.793721999766674
            ],
            [
              -65.85791699958969,
              43.791667000201784
            ],
            [
              -65.86336100041723,
              43.788721999953445
            ],
            [
              -65.86377800016876,
              43.79249999985923
            ],
            [
              -65.86711099960449,
              43.79577799984837
            ],
            [
              -65.86586100017485,
              43.797889000320744
            ],
            [
              -65.86336100041723,
              43.795361000069995
            ],
            [
              -65.85877799975523,
              43.79497200017553
            ],
            [
              -65.85958299984426,
              43.81163899993993
            ],
            [
              -65.86547200001242,
              43.81080600001366
            ],
            [
              -65.86547200001242,
              43.80583300017666
            ],
            [
              -65.86833300034337,
              43.8020560001058
            ],
            [
              -65.87130599992898,
              43.80083299968842
            ],
            [
              -65.86797199977003,
              43.794166999887786
            ],
            [
              -65.86549999960151,
              43.793305999802726
            ],
            [
              -65.8629439997674,
              43.78166699984678
            ],
            [
              -65.85458300032906,
              43.77666700018868
            ],
            [
              -65.8554169998321,
              43.77413899999554
            ],
            [
              -65.8583610000037,
              43.7729169999502
            ],
            [
              -65.86083300017222,
              43.775360999718856
            ],
            [
              -65.86547200001242,
              43.77661100013702
            ],
            [
              -65.86461099984689,
              43.77830599988676
            ],
            [
              -65.8671390000919,
              43.78166699984678
            ],
            [
              -65.87294399969615,
              43.785805999839575
            ],
            [
              -65.8742219996132,
              43.79286099975474
            ],
            [
              -65.88038899961569,
              43.791667000201784
            ],
            [
              -65.88047200035467,
              43.789971999889445
            ],
            [
              -65.87458300018653,
              43.78416700015023
            ],
            [
              -65.86877799968396,
              43.77166700015611
            ],
            [
              -65.8650560000858,
              43.7729169999502
            ],
            [
              -65.86297200025481,
              43.77080600030897
            ],
            [
              -65.86547200001242,
              43.767472000077234
            ],
            [
              -65.86538900017175,
              43.76497199977018
            ],
            [
              -65.86794400018093,
              43.7641389999325
            ],
            [
              -65.86547200001242,
              43.754999999775144
            ],
            [
              -65.8666670000888,
              43.753721999908834
            ],
            [
              -65.87172199985558,
              43.75377799997922
            ],
            [
              -65.87291699993197,
              43.759166999793266
            ],
            [
              -65.87630600034251,
              43.76244400022826
            ],
            [
              -65.87713900002063,
              43.769971999691535
            ],
            [
              -65.8783890003486,
              43.771250000168706
            ],
            [
              -65.87958299970173,
              43.769971999691535
            ],
            [
              -65.87797199969876,
              43.76750000017195
            ],
            [
              -65.87913900018604,
              43.765416999834244
            ],
            [
              -65.88672200019785,
              43.76872199997181
            ],
            [
              -65.88966700019438,
              43.77411099976548
            ],
            [
              -65.89541700044538,
              43.7791390002498
            ],
            [
              -65.89541700044538,
              43.78250000008058
            ],
            [
              -65.90130599971519,
              43.79497200017553
            ],
            [
              -65.90630600012874,
              43.798333000073875
            ],
            [
              -65.90916699956135,
              43.8037500002753
            ],
            [
              -65.91963900039151,
              43.81000000016111
            ],
            [
              -65.92044399958222,
              43.814972000320886
            ],
            [
              -65.91841699965264,
              43.81541699968798
            ],
            [
              -65.9150559997295,
              43.81205600019907
            ],
            [
              -65.91336100006093,
              43.81377799987683
            ],
            [
              -65.91086100030333,
              43.812916999762265
            ],
            [
              -65.9084169997239,
              43.809556000244996
            ],
            [
              -65.90380600037112,
              43.8074999997195
            ],
            [
              -65.90083299988717,
              43.80294399986455
            ],
            [
              -65.90000000020905,
              43.805417000247466
            ],
            [
              -65.89833300012957,
              43.805417000247466
            ],
            [
              -65.8967220001266,
              43.802082999817735
            ],
            [
              -65.89541700044538,
              43.80330599993189
            ],
            [
              -65.89627799971258,
              43.80666699976473
            ],
            [
              -65.90000000020905,
              43.81038900010239
            ],
            [
              -65.90747199989278,
              43.81288900019305
            ],
            [
              -65.91127800005485,
              43.81661099977084
            ],
            [
              -65.91208300014388,
              43.81997200021526
            ],
            [
              -65.91541700030282,
              43.82166699984891
            ],
            [
              -65.91461100038889,
              43.82499999983217
            ],
            [
              -65.92213900014912,
              43.83166700004857
            ],
            [
              -65.92205600030844,
              43.835000000259946
            ],
            [
              -65.91997199957912,
              43.836250000033296
            ],
            [
              -65.91291699964692,
              43.830805999972696
            ],
            [
              -65.90666699980376,
              43.820388999971996
            ],
            [
              -65.89794399996715,
              43.81502800008571
            ],
            [
              -65.89591700003756,
              43.81044400001794
            ],
            [
              -65.8950829996362,
              43.812916999762265
            ],
            [
              -65.89338899979253,
              43.81205600019907
            ],
            [
              -65.890443999796,
              43.81333299996418
            ],
            [
              -65.89422200036898,
              43.81461099983583
            ],
            [
              -65.90002799979814,
              43.82205600027373
            ],
            [
              -65.90375000029462,
              43.8224719996779
            ],
            [
              -65.90297199996976,
              43.824167000275644
            ],
            [
              -65.90716700029425,
              43.82747200015907
            ],
            [
              -65.90708299973033,
              43.830805999972696
            ],
            [
              -65.90955599972378,
              43.83163900019937
            ],
            [
              -65.91044399965348,
              43.835000000259946
            ],
            [
              -65.9145829999015,
              43.83580600026016
            ],
            [
              -65.91338899965002,
              43.83869399988407
            ],
            [
              -65.91127800005485,
              43.83913899997484
            ],
            [
              -65.91836099957615,
              43.845416999820046
            ],
            [
              -65.92083299974466,
              43.84377800015607
            ],
            [
              -65.9238060002286,
              43.84666699969495
            ],
            [
              -65.92338899957875,
              43.84786099992766
            ],
            [
              -65.91874999973857,
              43.846610999807005
            ],
            [
              -65.93500000040878,
              43.86374999994688
            ],
            [
              -65.93458299975896,
              43.858333000137954
            ],
            [
              -65.93211099959044,
              43.85330600017704
            ],
            [
              -65.92797200024077,
              43.85083300018978
            ],
            [
              -65.92547199958486,
              43.84502800003789
            ],
            [
              -65.92044399958222,
              43.83913899997484
            ],
            [
              -65.92255599990064,
              43.835388999982385
            ],
            [
              -65.92797200024077,
              43.83413900031716
            ],
            [
              -65.92294400023816,
              43.82747200015907
            ],
            [
              -65.92294400023816,
              43.82330600024373
            ],
            [
              -65.92547199958486,
              43.822499999938785
            ],
            [
              -65.92463899990672,
              43.814972000320886
            ],
            [
              -65.93047199999839,
              43.8183060001864
            ],
            [
              -65.93044400040928,
              43.8258610000593
            ],
            [
              -65.92797200024077,
              43.82916700006497
            ],
            [
              -65.93755600024289,
              43.838777999829176
            ],
            [
              -65.94169399976766,
              43.836250000033296
            ],
            [
              -65.94580600025148,
              43.841249999690845
            ],
            [
              -65.94916700017463,
              43.84205600014579
            ],
            [
              -65.94291700033145,
              43.83669399974259
            ],
            [
              -65.94083299960214,
              43.83291700029973
            ],
            [
              -65.93547200041189,
              43.82999999983749
            ],
            [
              -65.93211099959044,
              43.82083299971966
            ],
            [
              -65.93338900040581,
              43.81788900014139
            ],
            [
              -65.93502799999789,
              43.81955600024338
            ],
            [
              -65.93833299984453,
              43.816222000168324
            ],
            [
              -65.94133300009264,
              43.81916699973356
            ],
            [
              -65.94080599983796,
              43.82124999994429
            ],
            [
              -65.94502799992664,
              43.82205600027373
            ],
            [
              -65.9420829999301,
              43.81333299996418
            ],
            [
              -65.94799999968734,
              43.809971999872644
            ],
            [
              -65.94086100008954,
              43.8062500001296
            ],
            [
              -65.9421110004175,
              43.8074999997195
            ],
            [
              -65.93966699983807,
              43.809139000033795
            ],
            [
              -65.93916700024587,
              43.812082999928954
            ],
            [
              -65.93672199984155,
              43.812082999928954
            ],
            [
              -65.93333300032933,
              43.80874999973058
            ],
            [
              -65.93375000008083,
              43.814166999843174
            ],
            [
              -65.93255599982938,
              43.81538899999454
            ],
            [
              -65.93044400040928,
              43.81419399991508
            ],
            [
              -65.92463899990672,
              43.80250000001423
            ],
            [
              -65.93008299983595,
              43.802082999817735
            ],
            [
              -65.93166700007475,
              43.805417000247466
            ],
            [
              -65.93300000024338,
              43.8033329997272
            ],
            [
              -65.93255599982938,
              43.797889000320744
            ],
            [
              -65.93508300024948,
              43.797889000320744
            ],
            [
              -65.93916700024587,
              43.803722000298556
            ],
            [
              -65.9404719999271,
              43.80163900005198
            ],
            [
              -65.9379439996821,
              43.793305999802726
            ],
            [
              -65.92958300024374,
              43.78413900007614
            ],
            [
              -65.92963900032025,
              43.78169399969146
            ],
            [
              -65.93338900040581,
              43.781250000193
            ],
            [
              -65.93502799999789,
              43.78372200015391
            ],
            [
              -65.94127799984106,
              43.78663900011941
            ],
            [
              -65.94216699959567,
              43.79249999985923
            ],
            [
              -65.9466940001812,
              43.80125000018109
            ],
            [
              -65.95041699960426,
              43.80002799990538
            ],
            [
              -65.94961099969031,
              43.79666700003404
            ],
            [
              -65.9517220001838,
              43.79461100006334
            ],
            [
              -65.95372200034923,
              43.79997199969172
            ],
            [
              -65.958332999702,
              43.80202799998344
            ],
            [
              -65.9650279997841,
              43.80958299980851
            ],
            [
              -65.96463899962168,
              43.80497200027518
            ],
            [
              -65.95711099986146,
              43.793333000226525
            ],
            [
              -65.94838899984977,
              43.7829170000955
            ],
            [
              -65.94541700008904,
              43.78166699984678
            ],
            [
              -65.94711099993272,
              43.77744400011498
            ],
            [
              -65.94544399985324,
              43.77419400020072
            ],
            [
              -65.94672199977029,
              43.77288899979665
            ],
            [
              -65.9579440004379,
              43.779972000033666
            ],
            [
              -65.95713900034885,
              43.76999999991337
            ],
            [
              -65.95961099961906,
              43.76833299991475
            ],
            [
              -65.96002800026889,
              43.76122199998655
            ],
            [
              -65.96247199995001,
              43.76122199998655
            ],
            [
              -65.96425000035757,
              43.764611000127644
            ],
            [
              -65.96752800044003,
              43.76127800017487
            ],
            [
              -65.97211100020371,
              43.77583300022507
            ],
            [
              -65.97922200021242,
              43.77455599994711
            ],
            [
              -65.98291700004641,
              43.77916700007127
            ],
            [
              -65.98252799988397,
              43.78208299975127
            ],
            [
              -65.99169400030968,
              43.78538899987216
            ],
            [
              -65.99297200022673,
              43.787471999815686
            ],
            [
              -65.99247199973622,
              43.788749999826315
            ],
            [
              -65.98919399965375,
              43.78791699978224
            ],
            [
              -65.9874999998101,
              43.790417000049295
            ],
            [
              -65.98252799988397,
              43.78538899987216
            ],
            [
              -65.97541699987528,
              43.78494399989288
            ],
            [
              -65.97830599979531,
              43.78958299993413
            ],
            [
              -65.98172199997003,
              43.78958299993413
            ],
            [
              -65.98711099964767,
              43.793333000226525
            ],
            [
              -65.98708300005858,
              43.79580600030607
            ],
            [
              -65.99127800038308,
              43.799111000254875
            ],
            [
              -65.9921110000612,
              43.805000000314315
            ],
            [
              -65.99380599972977,
              43.80580600021466
            ],
            [
              -65.99252799981272,
              43.81205600019907
            ],
            [
              -65.98838899956473,
              43.80788899973589
            ],
            [
              -65.98461099989007,
              43.81000000016111
            ],
            [
              -65.9896110003036,
              43.81494399977061
            ],
            [
              -65.99294399973932,
              43.82330600024373
            ],
            [
              -65.9921389996503,
              43.82911099995183
            ],
            [
              -65.9896110003036,
              43.830833000296956
            ],
            [
              -65.98963899989268,
              43.83752799987989
            ],
            [
              -65.98588899980712,
              43.83872200031089
            ],
            [
              -65.98416700037436,
              43.84208299991546
            ],
            [
              -65.98122200037784,
              43.843305999826875
            ],
            [
              -65.98211100013246,
              43.844971999906996
            ],
            [
              -65.97916699996084,
              43.84625000016979
            ],
            [
              -65.97749999988136,
              43.84955599989864
            ],
            [
              -65.9737499997958,
              43.84999999970706
            ],
            [
              -65.974693999802,
              43.85580600000065
            ],
            [
              -65.97758299972203,
              43.857055999798774
            ],
            [
              -65.97711099971892,
              43.85916700026062
            ],
            [
              -65.98008300037796,
              43.862861000309785
            ],
            [
              -65.98216700020895,
              43.85419400025118
            ],
            [
              -65.97880600028581,
              43.84999999970706
            ],
            [
              -65.98086099980449,
              43.84708299990083
            ],
            [
              -65.9833609995621,
              43.84786099992766
            ],
            [
              -65.985056000129,
              43.845416999820046
            ],
            [
              -65.9900559996442,
              43.844555999880484
            ],
            [
              -65.99502799957033,
              43.841221999802514
            ],
            [
              -66.00094400040098,
              43.841221999802514
            ],
            [
              -66.00105599965563,
              43.8464720001587
            ],
            [
              -65.99758299957952,
              43.84955599989864
            ],
            [
              -66.00708299991605,
              43.844333000198176
            ],
            [
              -66.00891700040012,
              43.83780599971116
            ],
            [
              -66.00530600023173,
              43.826528000251685
            ],
            [
              -66.00630600031442,
              43.823917000018426
            ],
            [
              -66.00372199999293,
              43.821778000311866
            ],
            [
              -66.00150000006965,
              43.82344400002994
            ],
            [
              -66.00000000039476,
              43.822444000052066
            ],
            [
              -65.99880600014329,
              43.81749999978998
            ],
            [
              -66.00000000039476,
              43.81494399977061
            ],
            [
              -66.00230599998362,
              43.815166999738
            ],
            [
              -66.00733300016132,
              43.820972000118175
            ],
            [
              -66.01352799975291,
              43.821582999799304
            ],
            [
              -66.0140559998325,
              43.820278000167335
            ],
            [
              -66.01327800040595,
              43.816944000220104
            ],
            [
              -66.01077799975005,
              43.81472199980434
            ],
            [
              -66.00641699974419,
              43.81355600011349
            ],
            [
              -66.00694399999888,
              43.808222000200495
            ],
            [
              -66.00869399991905,
              43.80591699969242
            ],
            [
              -66.00563900031764,
              43.804055999721335
            ],
            [
              -66.00641699974419,
              43.80258299993767
            ],
            [
              -66.00466699982404,
              43.79958299998936
            ],
            [
              -66.00080600030871,
              43.79952799979875
            ],
            [
              -65.99544400039524,
              43.779972000033666
            ],
            [
              -65.99625000030919,
              43.77583300022507
            ],
            [
              -65.99255600030013,
              43.771250000168706
            ],
            [
              -65.99172199989876,
              43.77372199973075
            ],
            [
              -65.98916699988958,
              43.77122199988338
            ],
            [
              -65.98830599972403,
              43.77622200014908
            ],
            [
              -65.9854439995682,
              43.77497200003158
            ],
            [
              -65.97294399988183,
              43.757527999822855
            ],
            [
              -65.97505600020025,
              43.75541700014691
            ],
            [
              -65.97999999963896,
              43.75538900023633
            ],
            [
              -65.98333299997302,
              43.76038899983627
            ],
            [
              -65.98458300030097,
              43.75830599973646
            ],
            [
              -65.98377800021194,
              43.754999999775144
            ],
            [
              -65.97963899996394,
              43.75413900010204
            ],
            [
              -65.97833299955948,
              43.7487499997709
            ],
            [
              -65.97669399996741,
              43.75211100019708
            ],
            [
              -65.96497199970761,
              43.74955600030607
            ],
            [
              -65.96294399995311,
              43.746638999988804
            ],
            [
              -65.96208299978757,
              43.73744400007354
            ],
            [
              -65.96377800035447,
              43.73327800016849
            ],
            [
              -65.96377800035447,
              43.72666700016715
            ],
            [
              -65.96797199995572,
              43.71911099982053
            ],
            [
              -65.9670830002011,
              43.71583300003275
            ],
            [
              -65.9721389997928,
              43.70500000009368
            ],
            [
              -65.97791699963287,
              43.699139000029724
            ],
            [
              -65.97875000020932,
              43.69499999972715
            ],
            [
              -65.98166699971846,
              43.69205599985359
            ],
            [
              -65.9838329995652,
              43.69247199987749
            ],
            [
              -65.98208299964504,
              43.70999999981497
            ],
            [
              -65.98374999972454,
              43.7133330001765
            ],
            [
              -65.98124999996693,
              43.71499999995065
            ],
            [
              -65.98213899972156,
              43.72830600005186
            ],
            [
              -65.98711099964767,
              43.731667000012344
            ],
            [
              -65.98625000038044,
              43.73499999988479
            ],
            [
              -65.98913900030048,
              43.73622200011584
            ],
            [
              -65.9904719995708,
              43.73580599992294
            ],
            [
              -65.99041700021753,
              43.73333300029279
            ],
            [
              -65.99708299998731,
              43.729167000008445
            ],
            [
              -65.99711099957642,
              43.72663899979099
            ],
            [
              -65.99880600014329,
              43.725805999978576
            ],
            [
              -66.00719400024414,
              43.709472000211825
            ],
            [
              -66.00702799966447,
              43.70547199973384
            ],
            [
              -66.01075000016094,
              43.703110999981945
            ],
            [
              -66.0114439999219,
              43.700278000314036
            ],
            [
              -66.00805600023459,
              43.69211100014876
            ],
            [
              -66.01122200016405,
              43.6903889998309
            ],
            [
              -66.0094439997565,
              43.68838900010303
            ],
            [
              -66.01124999975315,
              43.68700000006128
            ],
            [
              -66.01008300016417,
              43.68486100015246
            ],
            [
              -66.01375000040906,
              43.680999999711226
            ],
            [
              -66.02052800033184,
              43.68255599994985
            ],
            [
              -66.02516700017203,
              43.685889000203545
            ],
            [
              -66.03052800026056,
              43.69063899997935
            ],
            [
              -66.0334170001806,
              43.69597199990233
            ],
            [
              -66.03433299969942,
              43.70199999982921
            ],
            [
              -66.03052800026056,
              43.71105600000195
            ],
            [
              -66.03113900018084,
              43.71655599982967
            ],
            [
              -66.02919400026703,
              43.72091699992756
            ],
            [
              -66.0304169999325,
              43.72952799990921
            ],
            [
              -66.02822199977342,
              43.72986100006243
            ],
            [
              -66.0283330001015,
              43.73147200011504
            ],
            [
              -66.03127800009803,
              43.73138900012594
            ],
            [
              -66.03186100042922,
              43.7336110002427
            ],
            [
              -66.03563900010386,
              43.73508300006202
            ],
            [
              -66.03836099961931,
              43.740833000179585
            ],
            [
              -66.0426670002719,
              43.74327799990138
            ],
            [
              -66.04375000019529,
              43.74691699981303
            ],
            [
              -66.04894399987926,
              43.74516700001014
            ],
            [
              -66.051221999879,
              43.740750000184356
            ],
            [
              -66.05538899971609,
              43.740806000060836
            ],
            [
              -66.0585560003688,
              43.74397199997332
            ],
            [
              -66.06074999980466,
              43.74122199991413
            ],
            [
              -66.06069399972816,
              43.738722000283964
            ],
            [
              -66.05908299972516,
              43.73827799980796
            ],
            [
              -66.0568609998019,
              43.733416999783294
            ],
            [
              -66.05963900029217,
              43.73147200011504
            ],
            [
              -66.05852799988138,
              43.72997199970206
            ],
            [
              -66.05863900020945,
              43.726083000090455
            ],
            [
              -66.06049999955938,
              43.72350000018763
            ],
            [
              -66.05950000037501,
              43.720056000196855
            ],
            [
              -66.05558299988485,
              43.71772199982029
            ],
            [
              -66.05361100020686,
              43.719444000101824
            ],
            [
              -66.051221999879,
              43.71366700003232
            ],
            [
              -66.0543610000443,
              43.71052799996153
            ],
            [
              -66.05372199963662,
              43.707444000289755
            ],
            [
              -66.05702800020649,
              43.70252800030862
            ],
            [
              -66.06327800004965,
              43.70236099977417
            ],
            [
              -66.06777799997266,
              43.71019400014373
            ],
            [
              -66.06702800013522,
              43.71908299980808
            ],
            [
              -66.06824999997578,
              43.72305599981191
            ],
            [
              -66.08011100015274,
              43.73058299970832
            ],
            [
              -66.08347200007589,
              43.737694000009945
            ],
            [
              -66.083944000079,
              43.74588900007344
            ],
            [
              -66.07966699973873,
              43.74627800005261
            ],
            [
              -66.0807499996621,
              43.74311099999888
            ],
            [
              -66.07911100007006,
              43.73986099991575
            ],
            [
              -66.07622200015001,
              43.742528000060624
            ],
            [
              -66.07744399999056,
              43.743193999965904
            ],
            [
              -66.07594400031567,
              43.74652800009282
            ],
            [
              -66.07713900039205,
              43.74966699977823
            ],
            [
              -66.07563899981882,
              43.75133300020122
            ],
            [
              -66.07813899957644,
              43.75791700007091
            ],
            [
              -66.07624999973909,
              43.759639000287606
            ],
            [
              -66.07761100039515,
              43.764306000201856
            ],
            [
              -66.08105599998387,
              43.766332999708375
            ],
            [
              -66.08249999958228,
              43.77036100011682
            ],
            [
              -66.08374999991025,
              43.764277999909524
            ],
            [
              -66.0900280002408,
              43.765139000309134
            ],
            [
              -66.0894719996738,
              43.77472200011574
            ],
            [
              -66.08711099983338,
              43.77461099976876
            ],
            [
              -66.08680600023486,
              43.77636099993843
            ],
            [
              -66.08936100024404,
              43.77705599987619
            ],
            [
              -66.08966699966747,
              43.77902800031874
            ],
            [
              -66.09394400000774,
              43.77833299995203
            ],
            [
              -66.09586100033246,
              43.770306000278616
            ],
            [
              -66.0925559995875,
              43.76805599998792
            ],
            [
              -66.09197200032973,
              43.76563900006743
            ],
            [
              -66.09408299992491,
              43.762721999950756
            ],
            [
              -66.09141699958762,
              43.76241700012569
            ],
            [
              -66.09272200016719,
              43.758167000158025
            ],
            [
              -66.08938899983313,
              43.751861000115206
            ],
            [
              -66.09222199967668,
              43.75072199972582
            ],
            [
              -66.0976940000933,
              43.75486100030324
            ],
            [
              -66.10150000025536,
              43.75438899975207
            ],
            [
              -66.10055600024914,
              43.759332999852774
            ],
            [
              -66.10369399969123,
              43.75455599998496
            ],
            [
              -66.10936100010153,
              43.75333300029115
            ],
            [
              -66.1079719998564,
              43.75022199989152
            ],
            [
              -66.11088900026382,
              43.74758300020962
            ],
            [
              -66.10941700017801,
              43.74419399995308
            ],
            [
              -66.106888999933,
              43.74313899981297
            ],
            [
              -66.10886099961101,
              43.74091700018273
            ],
            [
              -66.11163900010128,
              43.74230599974372
            ],
            [
              -66.11830599969596,
              43.73497200015878
            ],
            [
              -66.12486100003598,
              43.74108300024414
            ],
            [
              -66.12661099995614,
              43.74752800019551
            ],
            [
              -66.12605600011234,
              43.75244400000278
            ],
            [
              -66.13044399988237,
              43.76249999992153
            ],
            [
              -66.13055600003537,
              43.76902799973977
            ],
            [
              -66.12849999979348,
              43.77238900031516
            ],
            [
              -66.1319169997931,
              43.77458299975976
            ],
            [
              -66.13311100004456,
              43.77816700007843
            ],
            [
              -66.13113900036656,
              43.78308299975238
            ],
            [
              -66.12813900011845,
              43.78599999976919
            ],
            [
              -66.12677800036072,
              43.78511099979104
            ],
            [
              -66.12841699995278,
              43.787193999694175
            ],
            [
              -66.12813900011845,
              43.791417000058
            ],
            [
              -66.13122200020723,
              43.792527999907556
            ],
            [
              -66.13272199988214,
              43.78930599986634
            ],
            [
              -66.13169400021033,
              43.78750000027411
            ],
            [
              -66.13719400021607,
              43.78519399987367
            ],
            [
              -66.14033300038136,
              43.78869400006746
            ],
            [
              -66.13924999955965,
              43.79638899988601
            ],
            [
              -66.13175000028684,
              43.80147200030099
            ],
            [
              -66.13725000029255,
              43.807139000096086
            ],
            [
              -66.13186099971661,
              43.807527999870274
            ],
            [
              -66.13044399988237,
              43.81216699973074
            ],
            [
              -66.13233299971971,
              43.814277999988754
            ],
            [
              -66.14011099972518,
              43.81477799980355
            ],
            [
              -66.13583299956001,
              43.81986100028347
            ],
            [
              -66.13122200020723,
              43.81774999969531
            ],
            [
              -66.12444400028447,
              43.81944400007983
            ],
            [
              -66.12466699986722,
              43.833805999870876
            ],
            [
              -66.11891699961625,
              43.84683299974808
            ],
            [
              -66.1243060001922,
              43.846444000129736
            ],
            [
              -66.1237499996252,
              43.84174999974248
            ],
            [
              -66.1355279999615,
              43.84152800032228
            ],
            [
              -66.13755599971599,
              43.843638999737415
            ],
            [
              -66.13863899963937,
              43.84263899989477
            ],
            [
              -66.13958299964558,
              43.839222000166174
            ],
            [
              -66.13813900004718,
              43.84011099975967
            ],
            [
              -66.13638900012704,
              43.838222000153316
            ],
            [
              -66.13474999963664,
              43.83949999988019
            ],
            [
              -66.13094400037289,
              43.83305599977802
            ],
            [
              -66.13461099971947,
              43.83075000010131
            ],
            [
              -66.13247199963686,
              43.829499999826155
            ],
            [
              -66.13466699979597,
              43.826472000254924
            ],
            [
              -66.137443999563,
              43.82922200018282
            ],
            [
              -66.1395280002923,
              43.827444000286036
            ],
            [
              -66.14111099980789,
              43.81886099992096
            ],
            [
              -66.15313900038944,
              43.81447200018575
            ],
            [
              -66.15513899965654,
              43.80741700014472
            ],
            [
              -66.15069399998511,
              43.80649999980639
            ],
            [
              -66.15144399982256,
              43.81069400029237
            ],
            [
              -66.15011099965392,
              43.811916999787975
            ],
            [
              -66.14550000030114,
              43.8108890000652
            ],
            [
              -66.14474999956536,
              43.807110999762955
            ],
            [
              -66.1466109998136,
              43.80411100028191
            ],
            [
              -66.14941699989298,
              43.80327799974703
            ],
            [
              -66.14936099981648,
              43.799555999796006
            ],
            [
              -66.15299999957395,
              43.7944999996803
            ],
            [
              -66.1528330000677,
              43.791417000058
            ],
            [
              -66.15613899973926,
              43.791667000201784
            ],
            [
              -66.15347199957705,
              43.80280600002793
            ],
            [
              -66.15505599981586,
              43.80411100028191
            ],
            [
              -66.1595280001498,
              43.8032500001974
            ],
            [
              -66.16438899974783,
              43.79580600030607
            ],
            [
              -66.17049999967382,
              43.80019400002183
            ],
            [
              -66.16916700040352,
              43.801416999904255
            ],
            [
              -66.1696669999957,
              43.80394400030933
            ],
            [
              -66.16391699974473,
              43.81216699973074
            ],
            [
              -66.15766699990156,
              43.817611000221966
            ],
            [
              -66.15175000014432,
              43.81813899971435
            ],
            [
              -66.14722199973389,
              43.821582999799304
            ],
            [
              -66.14702799956514,
              43.82694400024931
            ],
            [
              -66.15152800038646,
              43.83230599997977
            ],
            [
              -66.15011099965392,
              43.84211100004767
            ],
            [
              -66.15147200030998,
              43.84352799975782
            ],
            [
              -66.15163899981624,
              43.8494169999869
            ],
            [
              -66.14963899965082,
              43.85163900008401
            ],
            [
              -66.15041699997568,
              43.86019400023019
            ],
            [
              -66.15347199957705,
              43.86077800023685
            ],
            [
              -66.15436100023,
              43.85869399983586
            ],
            [
              -66.16058299958577,
              43.857528000146445
            ],
            [
              -66.16338899966513,
              43.85347199989146
            ],
            [
              -66.16750000032403,
              43.853361000071175
            ],
            [
              -66.16974999983638,
              43.8561390000873
            ],
            [
              -66.17147200016746,
              43.862943999878894
            ],
            [
              -66.16816700032079,
              43.86772200000296
            ],
            [
              -66.16722199959138,
              43.87288899984801
            ],
            [
              -66.16436100015873,
              43.87705600013321
            ],
            [
              -66.16191699957932,
              43.877860999980456
            ],
            [
              -66.16111099966537,
              43.88188900031435
            ],
            [
              -66.16300000040101,
              43.88644399978633
            ],
            [
              -66.16086100031843,
              43.89172199977867
            ],
            [
              -66.168666999913,
              43.89569399988281
            ],
            [
              -66.1696939997599,
              43.90033300003863
            ],
            [
              -66.16752799991312,
              43.910916999834605
            ],
            [
              -66.15347199957705,
              43.92075000000721
            ],
            [
              -66.15100000030688,
              43.92577799978981
            ],
            [
              -66.15275000022702,
              43.93097200022727
            ],
            [
              -66.15188900006149,
              43.93716700011936
            ],
            [
              -66.15816700039207,
              43.94636099973024
            ],
            [
              -66.15925000031544,
              43.95347200027861
            ],
            [
              -66.16338899966513,
              43.95633300025805
            ],
            [
              -66.16327800023537,
              43.96397200012088
            ],
            [
              -66.16794399983974,
              43.9690830001751
            ],
            [
              -66.16894399992243,
              43.97305599998992
            ],
            [
              -66.16550000015863,
              43.98049999972632
            ],
            [
              -66.16141699998714,
              43.98486099985984
            ],
            [
              -66.1549169998987,
              43.98658300011221
            ],
            [
              -66.15244399990526,
              43.99183299976224
            ],
            [
              -66.15419399982542,
              43.99361100008815
            ],
            [
              -66.15386099973949,
              43.998444000022175
            ],
            [
              -66.15047200022725,
              44.000833000024905
            ],
            [
              -66.15461099957693,
              44.00830599976367
            ],
            [
              -66.15544400015337,
              44.01580599983897
            ],
            [
              -66.15213900030675,
              44.01744400028695
            ],
            [
              -66.15044399973986,
              44.020833000208
            ],
            [
              -66.15166700030365,
              44.02372199977063
            ],
            [
              -66.15502800022678,
              44.02288899999365
            ],
            [
              -66.15541700038919,
              44.01999999988844
            ],
            [
              -66.15377799989881,
              44.017499999756346
            ],
            [
              -66.15586099990492,
              44.01702800008116
            ],
            [
              -66.16294400032453,
              44.023332999976
            ],
            [
              -66.16330599982444,
              44.025389000262045
            ],
            [
              -66.17211099967682,
              44.0283610001423
            ],
            [
              -66.17041699983317,
              44.03413899985594
            ],
            [
              -66.16547199967123,
              44.03830599981664
            ],
            [
              -66.16791700007555,
              44.04830600020984
            ],
            [
              -66.16380600031496,
              44.05336100018251
            ],
            [
              -66.16838900007866,
              44.05369399971215
            ],
            [
              -66.16880599983017,
              44.05502799981637
            ],
            [
              -66.1670829996742,
              44.05583300010032
            ],
            [
              -66.16836099959124,
              44.05708299997117
            ],
            [
              -66.17008299992231,
              44.05538900020877
            ],
            [
              -66.1783610004183,
              44.058750000055504
            ],
            [
              -66.17961099984795,
              44.060833000061876
            ],
            [
              -66.17958300025886,
              44.06666700006314
            ],
            [
              -66.18127799992743,
              44.067500000235775
            ],
            [
              -66.17963900033536,
              44.07502800026531
            ],
            [
              -66.19127799985617,
              44.08583299970683
            ],
            [
              -66.19086100010465,
              44.08786099978428
            ],
            [
              -66.18841700042354,
              44.086222000187846
            ],
            [
              -66.18419399961164,
              44.08788899980527
            ],
            [
              -66.18208300001648,
              44.09086100003206
            ],
            [
              -66.1874719996941,
              44.100417000101544
            ],
            [
              -66.19172200027018,
              44.101221999819735
            ],
            [
              -66.1946110001902,
              44.097500000153204
            ],
            [
              -66.19297199969984,
              44.094943999983315
            ],
            [
              -66.19836100027578,
              44.09038900014725
            ],
            [
              -66.20330600043772,
              44.08955600018951
            ],
            [
              -66.20922200037006,
              44.083749999926255
            ],
            [
              -66.2129719995573,
              44.084972000013586
            ],
            [
              -66.21291700020403,
              44.08916699969643
            ],
            [
              -66.21538900037254,
              44.09080600027632
            ],
            [
              -66.21377800036956,
              44.094943999983315
            ],
            [
              -66.21544399972582,
              44.09663899997543
            ],
            [
              -66.21463899963679,
              44.099943999806115
            ],
            [
              -66.21122199963715,
              44.10327799972337
            ],
            [
              -66.21294399996822,
              44.109166999747615
            ],
            [
              -66.20636100003911,
              44.11666700020476
            ],
            [
              -66.2012779997849,
              44.12752799984828
            ],
            [
              -66.2012779997849,
              44.14083299992072
            ],
            [
              -66.19458299970282,
              44.14661100016331
            ],
            [
              -66.18216699968205,
              44.1774720000816
            ],
            [
              -66.1783610004183,
              44.18205600002624
            ],
            [
              -66.17002799967072,
              44.1870559999249
            ],
            [
              -66.16747199983664,
              44.19208300015996
            ],
            [
              -66.16166700023237,
              44.19038899989596
            ],
            [
              -66.15791700014681,
              44.19419400028447
            ],
            [
              -66.15791700014681,
              44.204139000097506
            ],
            [
              -66.15461099957693,
              44.206639000210515
            ],
            [
              -66.15375000030973,
              44.20997200016412
            ],
            [
              -66.15461099957693,
              44.21663900006034
            ],
            [
              -66.14838900022117,
              44.21711100013712
            ],
            [
              -66.14213900037801,
              44.22499999984207
            ],
            [
              -66.13374999955393,
              44.25166700005311
            ],
            [
              -66.13374999955393,
              44.25497199970686
            ],
            [
              -66.13630600028634,
              44.25663900014699
            ],
            [
              -66.13544400029592,
              44.265833000006644
            ],
            [
              -66.13794400005351,
              44.279944000297704
            ],
            [
              -66.13461099971947,
              44.28502799997117
            ],
            [
              -66.13299999971649,
              44.29166700031615
            ],
            [
              -66.1263060003576,
              44.30166700031038
            ],
            [
              -66.12547199995626,
              44.30913899992184
            ],
            [
              -66.12211100003313,
              44.31249999978016
            ],
            [
              -66.12130599994408,
              44.315777999825755
            ],
            [
              -66.121278000355,
              44.31830599999508
            ],
            [
              -66.12458300020165,
              44.319110999738186
            ],
            [
              -66.12288900035797,
              44.32416699984864
            ],
            [
              -66.12544400036715,
              44.330805999855244
            ],
            [
              -66.12708299995924,
              44.33163899969646
            ],
            [
              -66.11836099994756,
              44.34538899979433
            ],
            [
              -66.11586100018995,
              44.342917000303736
            ],
            [
              -66.11216700018088,
              44.34663899993111
            ],
            [
              -66.10833300042972,
              44.35455599995924
            ],
            [
              -66.10330600025202,
              44.35625000014256
            ],
            [
              -66.10083300025859,
              44.36122200027412
            ],
            [
              -66.08580600015215,
              44.373693999979025
            ],
            [
              -66.07627800022651,
              44.379110999700664
            ],
            [
              -66.07922200039813,
              44.3795279999582
            ],
            [
              -66.08425000040074,
              44.37458299998124
            ],
            [
              -66.08630599974433,
              44.37497199985603
            ],
            [
              -66.08627800015525,
              44.378305999822594
            ],
            [
              -66.08172200015574,
              44.38538900016989
            ],
            [
              -66.07841700030909,
              44.38619400024213
            ],
            [
              -66.07833299974519,
              44.38461100014276
            ],
            [
              -66.06294400013881,
              44.38919400002628
            ],
            [
              -66.06208299997328,
              44.39663899990914
            ],
            [
              -66.05422200012713,
              44.39958300028882
            ],
            [
              -66.05044399955415,
              44.40333299995103
            ],
            [
              -66.04880599978699,
              44.40580600006707
            ],
            [
              -66.04708299963102,
              44.41747200019428
            ],
            [
              -66.04041699986124,
              44.421639000099695
            ],
            [
              -66.030917000423,
              44.43625000012663
            ],
            [
              -66.02583300034388,
              44.438694000036634
            ],
            [
              -66.01922199992737,
              44.438694000036634
            ],
            [
              -66.00502800039736,
              44.43541699999985
            ],
            [
              -66.00205599973836,
              44.421611000070605
            ],
            [
              -66.01127800024054,
              44.408305999779316
            ],
            [
              -66.0099719998361,
              44.40708299990521
            ],
            [
              -66.0083890003205,
              44.40874999995001
            ],
            [
              -66.0028890003148,
              44.40819399971272
            ],
            [
              -66.00258299999304,
              44.40986100018043
            ],
            [
              -66.00463900023496,
              44.41166699999255
            ],
            [
              -66.00299999974456,
              44.41580600011474
            ],
            [
              -65.99658300039512,
              44.4235830003135
            ],
            [
              -65.99741699989816,
              44.43569400029947
            ],
            [
              -66.00502800039736,
              44.43705600020342
            ],
            [
              -66.00747200007848,
              44.4420559998959
            ],
            [
              -66.01211099991868,
              44.443306000143956
            ],
            [
              -66.01544400025273,
              44.44666700031323
            ],
            [
              -66.01377799999815,
              44.451638999838956
            ],
            [
              -66.01002799991258,
              44.452860999780135
            ],
            [
              -66.00250000015237,
              44.45952799974378
            ],
            [
              -65.9963060003857,
              44.4608609998703
            ],
            [
              -65.99263900014078,
              44.46358300013344
            ],
            [
              -65.98666700013197,
              44.473805999776694
            ],
            [
              -65.98136100029502,
              44.479332999986404
            ],
            [
              -65.97461099996133,
              44.48458299987376
            ],
            [
              -65.96583299987316,
              44.48652800005423
            ],
            [
              -65.96163900027189,
              44.49019399972375
            ],
            [
              -65.95836100018941,
              44.49644399977394
            ],
            [
              -65.95044400026676,
              44.49636099977979
            ],
            [
              -65.95002800034015,
              44.48824999975126
            ],
            [
              -65.94488900000945,
              44.487360999924995
            ],
            [
              -65.93950000033182,
              44.490943999773904
            ],
            [
              -65.93438899959021,
              44.49791700014292
            ],
            [
              -65.92769400040642,
              44.499638999972234
            ],
            [
              -65.9176669998152,
              44.508639000031984
            ],
            [
              -65.91166700021728,
              44.51141700027741
            ],
            [
              -65.91013900005497,
              44.51472199983772
            ],
            [
              -65.89450000020334,
              44.52158299983461
            ],
            [
              -65.8915829997959,
              44.52730600024026
            ],
            [
              -65.88816699962116,
              44.52933299991657
            ],
            [
              -65.88827799994924,
              44.533167000140466
            ],
            [
              -65.88586100003232,
              44.5355830002819
            ],
            [
              -65.87783299978159,
              44.53508300016736
            ],
            [
              -65.8743060001771,
              44.54308300030537
            ],
            [
              -65.86916699984639,
              44.54405600017344
            ],
            [
              -65.86980600025407,
              44.54666700006827
            ],
            [
              -65.85716699975224,
              44.5556109997918
            ],
            [
              -65.8543330000838,
              44.562332999761246
            ],
            [
              -65.85186099991527,
              44.564778000067044
            ],
            [
              -65.8475829997501,
              44.56574999982567
            ],
            [
              -65.84700000031724,
              44.57152799987784
            ],
            [
              -65.86388899959853,
              44.587860999819156
            ],
            [
              -65.88311100002946,
              44.585499999747064
            ],
            [
              -65.88508299970746,
              44.583110999761224
            ],
            [
              -65.88927800003196,
              44.582193999879415
            ],
            [
              -65.88952800027722,
              44.58041699971634
            ],
            [
              -65.89894400004985,
              44.57241700029912
            ],
            [
              -65.90505599980075,
              44.5698330002837
            ],
            [
              -65.91072200038616,
              44.56986100026709
            ],
            [
              -65.92716700015174,
              44.57722199980545
            ],
            [
              -65.93741700032572,
              44.57886100010206
            ],
            [
              -65.94397199976743,
              44.57552799994473
            ],
            [
              -65.9491939999388,
              44.569749999865145
            ],
            [
              -65.96113899978135,
              44.563889000007904
            ],
            [
              -65.97030600003198,
              44.56205600007934
            ],
            [
              -65.97322199971619,
              44.559000000288975
            ],
            [
              -65.98024999988422,
              44.55797199991429
            ],
            [
              -65.98449999956198,
              44.54841700004154
            ],
            [
              -65.98847200030372,
              44.544778000124346
            ],
            [
              -65.99866700022612,
              44.53811099974443
            ],
            [
              -66.00166699957592,
              44.53958300031498
            ],
            [
              -66.02422200034091,
              44.52708299982079
            ],
            [
              -66.0262500000954,
              44.523305999753354
            ],
            [
              -66.03166700026047,
              44.52041699968945
            ],
            [
              -66.0350280001836,
              44.51622199988254
            ],
            [
              -66.05088899979307,
              44.50708300008594
            ],
            [
              -66.0716939997396,
              44.48705599977169
            ],
            [
              -66.07924999998721,
              44.486222000266174
            ],
            [
              -66.0900559998299,
              44.49038899994687
            ],
            [
              -66.09127799967045,
              44.488360999852205
            ],
            [
              -66.08924999991595,
              44.4862500000957
            ],
            [
              -66.08338900023523,
              44.48455600031969
            ],
            [
              -66.08211100031816,
              44.48166700018907
            ],
            [
              -66.08541699998972,
              44.47586099987774
            ],
            [
              -66.09169399959707,
              44.47205599978615
            ],
            [
              -66.09833299960266,
              44.463722000105584
            ],
            [
              -66.10666700017515,
              44.46455600004067
            ],
            [
              -66.1079719998564,
              44.459167000314245
            ],
            [
              -66.11333299994494,
              44.45375000008737
            ],
            [
              -66.12499999995315,
              44.44708299969002
            ],
            [
              -66.13083300004482,
              44.43874999975091
            ],
            [
              -66.1355000003724,
              44.43663900000624
            ],
            [
              -66.14252799964211,
              44.42625000016618
            ],
            [
              -66.15000000022415,
              44.425416999922895
            ],
            [
              -66.15502800022678,
              44.4187220002022
            ],
            [
              -66.16208300015899,
              44.41330600013792
            ],
            [
              -66.16463899999309,
              44.40827799978276
            ],
            [
              -66.17538899975928,
              44.39997200029024
            ],
            [
              -66.1850000004239,
              44.38786099975854
            ],
            [
              -66.189167000261,
              44.38705600014247
            ],
            [
              -66.19586099961987,
              44.378749999729095
            ],
            [
              -66.20163900035824,
              44.376250000094316
            ],
            [
              -66.20461100011894,
              44.377472000119774
            ],
            [
              -66.20377800044082,
              44.39500000001618
            ],
            [
              -66.20627800019844,
              44.400833000140906
            ],
            [
              -66.20630599978752,
              44.40580600006707
            ],
            [
              -66.19963900019283,
              44.416638999992216
            ],
            [
              -66.19127799985617,
              44.425000000075286
            ],
            [
              -66.18841700042354,
              44.42625000016618
            ],
            [
              -66.18166700008986,
              44.43375000002139
            ],
            [
              -66.1758330001733,
              44.43377800000924
            ],
            [
              -66.17466700040923,
              44.43830600031289
            ],
            [
              -66.14833300014469,
              44.46122199972558
            ],
            [
              -66.14463900013561,
              44.46499999998901
            ],
            [
              -66.14375000038098,
              44.46830599985362
            ],
            [
              -66.12919399955442,
              44.48038899990405
            ],
            [
              -66.11169400035287,
              44.4986940002598
            ],
            [
              -66.10169400042412,
              44.498721999868664
            ],
            [
              -66.0900559998299,
              44.507916999814704
            ],
            [
              -66.0874999999958,
              44.50786099980565
            ],
            [
              -66.08624999966784,
              44.51247199976075
            ],
            [
              -66.08130600022912,
              44.515027999973725
            ],
            [
              -66.07836100023259,
              44.52122199999906
            ],
            [
              -66.07086100006147,
              44.524583000037346
            ],
            [
              -66.06669400022439,
              44.529556000047215
            ],
            [
              -66.05752799979868,
              44.53372200000953
            ],
            [
              -66.04419399971098,
              44.54791700002195
            ],
            [
              -66.03422200026965,
              44.552055999719514
            ],
            [
              -66.01669399968237,
              44.56788900002206
            ],
            [
              -66.00499999990998,
              44.57455599976775
            ],
            [
              -66.00086099966197,
              44.57872200005837
            ],
            [
              -65.99274999957056,
              44.58147200026048
            ],
            [
              -65.97933299964218,
              44.591416999740076
            ],
            [
              -65.97505600020025,
              44.59238900016015
            ],
            [
              -65.97505600020025,
              44.5939999996946
            ],
            [
              -65.97174999963038,
              44.59630600031132
            ],
            [
              -65.96561100011527,
              44.598361000183274
            ],
            [
              -65.964555999781,
              44.601082999787515
            ],
            [
              -65.95091700009478,
              44.60977800025352
            ],
            [
              -65.94116700041128,
              44.6105829997949
            ],
            [
              -65.93427800016045,
              44.61311099987898
            ],
            [
              -65.93074999983273,
              44.61811099974369
            ],
            [
              -65.92461100031763,
              44.615306000010975
            ],
            [
              -65.92224999957888,
              44.61061099997853
            ],
            [
              -65.91902799957292,
              44.61069400026088
            ],
            [
              -65.91461100038889,
              44.6169999999714
            ],
            [
              -65.90747199989278,
              44.61997200012834
            ],
            [
              -65.90194400029796,
              44.62469400018536
            ],
            [
              -65.89727799979528,
              44.625777999821764
            ],
            [
              -65.8939707002615,
              44.62908208028028
            ],
            [
              -65.92438199998877,
              44.93341200030364
            ],
            [
              -66.20772099997193,
              44.83341200022285
            ],
            [
              -66.4577260000099,
              44.50841499988511
            ],
            [
              -67.3994239996412,
              43.85564599989672
            ],
            [
              -67.41609100006295,
              43.81398000004229
            ],
            [
              -67.06606900012082,
              43.09593700010573
            ],
            [
              -66.83272200028375,
              42.82233199999236
            ],
            [
              -66.49937400043608,
              42.64455899979476
            ],
            [
              -66.49937699991082,
              42.83333300004912
            ]
          ]
        ]
      }
    },
    {
      "type": "Feature",
      "properties": {
        "LFA": "35",
        "MLS": "82.5",
        "name": "LFA 35"
      },
      "geometry": {
        "type": "Polygon",
        "coordinates": [
          [
            [
              -65.74894400022045,
              44.601721999959715
            ],
            [
              -65.74422199964127,
              44.60199999973652
            ],
            [
              -65.74652800012844,
              44.60641700030659
            ],
            [
              -65.74274999955544,
              44.61302799985337
            ],
            [
              -65.7384720002886,
              44.61397200024269
            ],
            [
              -65.73316700027655,
              44.61147200031511
            ],
            [
              -65.72283300043696,
              44.6116670000647
            ],
            [
              -65.72094399970133,
              44.61238899998335
            ],
            [
              -65.7232500001885,
              44.61383299975126
            ],
            [
              -65.723306000265,
              44.61633299971577
            ],
            [
              -65.71758299977819,
              44.620722000160896
            ],
            [
              -65.7099169999257,
              44.61974999992287
            ],
            [
              -65.70508300009183,
              44.61558299990081
            ],
            [
              -65.69183299966974,
              44.619666999795086
            ],
            [
              -65.68447200031409,
              44.619778000162626
            ],
            [
              -65.683916999572,
              44.62133300029386
            ],
            [
              -65.68738899982321,
              44.62713900005705
            ],
            [
              -65.68505599957187,
              44.63069400001312
            ],
            [
              -65.67688900030228,
              44.63247200007232
            ],
            [
              -65.67252800029644,
              44.636472000136365
            ],
            [
              -65.6644439999692,
              44.636472000136365
            ],
            [
              -65.65791700011661,
              44.63902799989052
            ],
            [
              -65.6557219999575,
              44.64233300002027
            ],
            [
              -65.6505829996268,
              44.64355599999471
            ],
            [
              -65.63858300043098,
              44.650917000228816
            ],
            [
              -65.63755599968577,
              44.65813900005927
            ],
            [
              -65.62005599958592,
              44.65911100021346
            ],
            [
              -65.61241700039592,
              44.66163900009511
            ],
            [
              -65.62049999999994,
              44.661500000012204
            ],
            [
              -65.62519400009171,
              44.664499999715034
            ],
            [
              -65.62172199984047,
              44.66730599988712
            ],
            [
              -65.61183300023983,
              44.67027799989632
            ],
            [
              -65.61058299991186,
              44.67677799969288
            ],
            [
              -65.60680600006212,
              44.67822200022527
            ],
            [
              -65.60588899982008,
              44.68083299988521
            ],
            [
              -65.6083889995777,
              44.68430600020101
            ],
            [
              -65.60513899998264,
              44.68702799976948
            ],
            [
              -65.60186099990018,
              44.69652799968928
            ],
            [
              -65.59483299973213,
              44.69686100027601
            ],
            [
              -65.58991699988252,
              44.698389000197544
            ],
            [
              -65.58497199972058,
              44.70233299976431
            ],
            [
              -65.57816700003363,
              44.70266700004738
            ],
            [
              -65.5695830001142,
              44.70600000029847
            ],
            [
              -65.55180600000489,
              44.72291699989895
            ],
            [
              -65.54319399959807,
              44.72899999999761
            ],
            [
              -65.53275000015364,
              44.732778000035104
            ],
            [
              -65.52255600005611,
              44.739528000242416
            ],
            [
              -65.52155599997343,
              44.74588899974408
            ],
            [
              -65.51516700021308,
              44.75224999982286
            ],
            [
              -65.51738900013633,
              44.753638999821206
            ],
            [
              -65.53405599965977,
              44.74011099985103
            ],
            [
              -65.5568330001826,
              44.73138899970806
            ],
            [
              -65.56663899994258,
              44.72241699994988
            ],
            [
              -65.57186100011396,
              44.721222000023154
            ],
            [
              -65.58208299980053,
              44.71480600024459
            ],
            [
              -65.61280599966004,
              44.70988899989201
            ],
            [
              -65.62297200016845,
              44.709805999763056
            ],
            [
              -65.62627799984,
              44.71138900002298
            ],
            [
              -65.6303330004224,
              44.70902799975963
            ],
            [
              -65.63422200042514,
              44.70972199975752
            ],
            [
              -65.63708299985777,
              44.70588900017187
            ],
            [
              -65.64852800010813,
              44.700472000232345
            ],
            [
              -65.6507500000314,
              44.69472199969954
            ],
            [
              -65.65752799995417,
              44.69227800003313
            ],
            [
              -65.66161100012566,
              44.69399999978136
            ],
            [
              -65.67336099997456,
              44.69480599975993
            ],
            [
              -65.67591699980866,
              44.69799999980763
            ],
            [
              -65.67899999989746,
              44.698916999963345
            ],
            [
              -65.68249999973777,
              44.69808300026282
            ],
            [
              -65.68369399998923,
              44.696610999700226
            ],
            [
              -65.68249999973777,
              44.693167000188474
            ],
            [
              -65.68886099990902,
              44.690443999721836
            ],
            [
              -65.69133300007755,
              44.68677800017382
            ],
            [
              -65.69944400016895,
              44.68555599985707
            ],
            [
              -65.70519400041994,
              44.67822200022527
            ],
            [
              -65.72708300011475,
              44.66822199999382
            ],
            [
              -65.7378889999574,
              44.66813900018926
            ],
            [
              -65.74177799996016,
              44.670666999938724
            ],
            [
              -65.74838900037668,
              44.67163900023312
            ],
            [
              -65.75541699964639,
              44.67588900031478
            ],
            [
              -65.75730600038203,
              44.68194400014635
            ],
            [
              -65.76058299974126,
              44.68536099990829
            ],
            [
              -65.76075000014585,
              44.690666999681284
            ],
            [
              -65.74358300013189,
              44.71211100016317
            ],
            [
              -65.73486100012022,
              44.71594400009325
            ],
            [
              -65.72441699977746,
              44.72388899984193
            ],
            [
              -65.72013899961229,
              44.72486100004828
            ],
            [
              -65.69366700015381,
              44.74230600023408
            ],
            [
              -65.67961099981774,
              44.74849999982624
            ],
            [
              -65.6701389999686,
              44.75566699987124
            ],
            [
              -65.65919400020874,
              44.76002799993617
            ],
            [
              -65.65519399987792,
              44.76399999996112
            ],
            [
              -65.65233300044528,
              44.76430600022325
            ],
            [
              -65.64013900018237,
              44.77150000011782
            ],
            [
              -65.63572200010005,
              44.77155600006461
            ],
            [
              -65.6196670003218,
              44.778556000055666
            ],
            [
              -65.61638900023932,
              44.78216700001555
            ],
            [
              -65.6104439999947,
              44.78474999991221
            ],
            [
              -65.60616699965442,
              44.78491700020253
            ],
            [
              -65.59219400005736,
              44.792193999965654
            ],
            [
              -65.58513900012517,
              44.79413899970251
            ],
            [
              -65.57122199970627,
              44.802389000294035
            ],
            [
              -65.56522200010836,
              44.8032780001812
            ],
            [
              -65.55777800001373,
              44.809000000247075
            ],
            [
              -65.55424999968601,
              44.80919399976386
            ],
            [
              -65.5421390001621,
              44.81472199988073
            ],
            [
              -65.5374719998345,
              44.814860999810634
            ],
            [
              -65.53452799966287,
              44.817278000190676
            ],
            [
              -65.52594399974345,
              44.819250000252026
            ],
            [
              -65.50949999980277,
              44.826638999875385
            ],
            [
              -65.50100000044725,
              44.833222000043776
            ],
            [
              -65.49013900035298,
              44.83850000003729
            ],
            [
              -65.48594400002848,
              44.84322200011547
            ],
            [
              -65.46944400001132,
              44.85402800018689
            ],
            [
              -65.45924999991382,
              44.85830600014565
            ],
            [
              -65.45105599998175,
              44.863971999827356
            ],
            [
              -65.44266700005598,
              44.86666699984804
            ],
            [
              -65.42447200037026,
              44.87752799982197
            ],
            [
              -65.41061100002786,
              44.88249999980267
            ],
            [
              -65.4078059997734,
              44.88491700028323
            ],
            [
              -65.3965830001792,
              44.88772199974048
            ],
            [
              -65.39027800008445,
              44.89241699975004
            ],
            [
              -65.38588899959119,
              44.89341700020485
            ],
            [
              -65.36427799973073,
              44.905777999802325
            ],
            [
              -65.35363900029263,
              44.90661100027727
            ],
            [
              -65.35077799996168,
              44.90822199995599
            ],
            [
              -65.3497500002899,
              44.91219399968585
            ],
            [
              -65.33461100003043,
              44.917360999834315
            ],
            [
              -65.32500000026413,
              44.917360999834315
            ],
            [
              -65.32269399977697,
              44.915888999789836
            ],
            [
              -65.3159719999307,
              44.91669400025199
            ],
            [
              -65.30533299959427,
              44.926111000186296
            ],
            [
              -65.30102799966494,
              44.935639000203665
            ],
            [
              -65.2945279995765,
              44.93972199968894
            ],
            [
              -65.26674999971355,
              44.94991699973881
            ],
            [
              -65.26477800003555,
              44.94899999977645
            ],
            [
              -65.26113900027805,
              44.95227799978485
            ],
            [
              -65.24702799969042,
              44.95408299985016
            ],
            [
              -65.23683299976801,
              44.960749999861996
            ],
            [
              -65.23250000024957,
              44.960943999985844
            ],
            [
              -65.22497199959102,
              44.96669399976616
            ],
            [
              -65.2139170002263,
              44.97194400022947
            ],
            [
              -65.20802800005816,
              44.979778000224094
            ],
            [
              -65.1960559995531,
              44.98333300013221
            ],
            [
              -65.19130600028315,
              44.989139000282435
            ],
            [
              -65.18411099971053,
              44.99102800007614
            ],
            [
              -65.16002799968156,
              45.00624999969223
            ],
            [
              -65.13833300015551,
              45.00872199992217
            ],
            [
              -65.1200559995557,
              45.01791699993549
            ],
            [
              -65.08252800000925,
              45.032028000315236
            ],
            [
              -65.07211100032899,
              45.04244399999342
            ],
            [
              -65.06502799990939,
              45.05208300004675
            ],
            [
              -65.06005599998326,
              45.05038900023956
            ],
            [
              -65.04836100038595,
              45.052889000044246
            ],
            [
              -65.00749999960716,
              45.07624999987947
            ],
            [
              -64.97827800014578,
              45.08738900024083
            ],
            [
              -64.9684720003858,
              45.09583299970105
            ],
            [
              -64.9501389997095,
              45.10666700026656
            ],
            [
              -64.92974999968959,
              45.10833299973399
            ],
            [
              -64.90074999998608,
              45.1241939999763
            ],
            [
              -64.8899440001434,
              45.127582999873724
            ],
            [
              -64.88533299989228,
              45.13152799982277
            ],
            [
              -64.85936100002598,
              45.13916700002047
            ],
            [
              -64.85625000034811,
              45.14161099996636
            ],
            [
              -64.84099999976057,
              45.14419399995847
            ],
            [
              -64.83011100007721,
              45.152500000024695
            ],
            [
              -64.81936100031102,
              45.1526669998527
            ],
            [
              -64.79894399980373,
              45.15602799969504
            ],
            [
              -64.78222200002871,
              45.16338900004796
            ],
            [
              -64.77411099993729,
              45.16499999992992
            ],
            [
              -64.76277799983993,
              45.17241700008407
            ],
            [
              -64.74286099982312,
              45.173360999732296
            ],
            [
              -64.71938899971443,
              45.17741700021057
            ],
            [
              -64.70580600010469,
              45.182499999735846
            ],
            [
              -64.66766699973967,
              45.18911100003694
            ],
            [
              -64.65438899972845,
              45.19325000014822
            ],
            [
              -64.65036099980854,
              45.19655599973538
            ],
            [
              -64.64163899979685,
              45.20011099970425
            ],
            [
              -64.63238899970557,
              45.199166999832734
            ],
            [
              -64.62833300019656,
              45.201694000315705
            ],
            [
              -64.62244400002841,
              45.20161100020941
            ],
            [
              -64.61825000042717,
              45.205027999947916
            ],
            [
              -64.60502799959411,
              45.20338899982457
            ],
            [
              -64.58519400031632,
              45.211666999824374
            ],
            [
              -64.57600000030153,
              45.21169399989556
            ],
            [
              -64.56200000004196,
              45.21530600010314
            ],
            [
              -64.5527220003616,
              45.22161099987093
            ],
            [
              -64.53774999960841,
              45.227471999959064
            ],
            [
              -64.52580599959076,
              45.22825000001276
            ],
            [
              -64.52358299984259,
              45.23000000031433
            ],
            [
              -64.51761099983378,
              45.230832999828976
            ],
            [
              -64.51711100024157,
              45.23241700029684
            ],
            [
              -64.51249999999048,
              45.23241700029684
            ],
            [
              -64.49413899972507,
              45.239194000234754
            ],
            [
              -64.48683299972268,
              45.23836099992004
            ],
            [
              -64.4851940001306,
              45.24077799980254
            ],
            [
              -64.48116700003561,
              45.24169400002765
            ],
            [
              -64.47241700043483,
              45.24088899982968
            ],
            [
              -64.47005599969609,
              45.24338900030906
            ],
            [
              -64.46102800026095,
              45.245056000004766
            ],
            [
              -64.45361099993052,
              45.251667000151265
            ],
            [
              -64.44508300008758,
              45.25416699997915
            ],
            [
              -64.44266699999555,
              45.25744400005206
            ],
            [
              -64.43733299967118,
              45.25758299990791
            ],
            [
              -64.41933299997912,
              45.26997200015527
            ],
            [
              -64.41249999980477,
              45.2716110002229
            ],
            [
              -64.39922199979355,
              45.284221999774935
            ],
            [
              -64.3975279999499,
              45.28808300024362
            ],
            [
              -64.39897200044662,
              45.29738899986811
            ],
            [
              -64.40491699979295,
              45.309139000098284
            ],
            [
              -64.42558299982228,
              45.31505599980491
            ],
            [
              -64.4444720001673,
              45.31572199973345
            ],
            [
              -64.45686100042388,
              45.31916700023225
            ],
            [
              -64.46050000018136,
              45.31827799979613
            ],
            [
              -64.46911099986497,
              45.32000000005907
            ],
            [
              -64.47233299987093,
              45.32247200011785
            ],
            [
              -64.47755599986722,
              45.32341700019944
            ],
            [
              -64.4808060003606,
              45.32663899971006
            ],
            [
              -64.49088900013001,
              45.328332999785275
            ],
            [
              -64.49680599988726,
              45.33494399995352
            ],
            [
              -64.49563900029827,
              45.33669399970857
            ],
            [
              -64.47486100011595,
              45.33163900018534
            ],
            [
              -64.44419400033296,
              45.33002800007513
            ],
            [
              -64.42274999997876,
              45.3257780002739
            ],
            [
              -64.38388900026368,
              45.32327799989897
            ],
            [
              -64.36813900008396,
              45.319082999952165
            ],
            [
              -64.34311100022387,
              45.305833000133504
            ],
            [
              -64.33655599988386,
              45.304999999918785
            ],
            [
              -64.32836100012685,
              45.29788899999836
            ],
            [
              -64.32480600003495,
              45.28741699978272
            ],
            [
              -64.32583299988185,
              45.28647199981012
            ],
            [
              -64.32477800044587,
              45.27661099973919
            ],
            [
              -64.32741700012065,
              45.27152799976303
            ],
            [
              -64.3332500002123,
              45.2641670002017
            ],
            [
              -64.34711099965637,
              45.25902799978553
            ],
            [
              -64.35083300015285,
              45.255778000067764
            ],
            [
              -64.35499999998994,
              45.24658300031507
            ],
            [
              -64.3550829998306,
              45.23297200022138
            ],
            [
              -64.35997199991606,
              45.227444000155465
            ],
            [
              -64.36169400024711,
              45.21872200003345
            ],
            [
              -64.36494399984217,
              45.21577799972101
            ],
            [
              -64.36930599967293,
              45.214972000221394
            ],
            [
              -64.37580599976135,
              45.20322199994827
            ],
            [
              -64.38097199985624,
              45.20322199994827
            ],
            [
              -64.38155600001234,
              45.20083300022001
            ],
            [
              -64.38422200034961,
              45.20077799978072
            ],
            [
              -64.38513899969332,
              45.19838899997273
            ],
            [
              -64.38852800010388,
              45.19747199987596
            ],
            [
              -64.38647199986197,
              45.196583000016076
            ],
            [
              -64.37822199985338,
              45.19999999979427
            ],
            [
              -64.36952800032911,
              45.20075000012358
            ],
            [
              -64.35897199983334,
              45.19669400026183
            ],
            [
              -64.35649999966483,
              45.19305600022355
            ],
            [
              -64.35680599998659,
              45.18647199973889
            ],
            [
              -64.36002799999254,
              45.17980600024057
            ],
            [
              -64.3582780000724,
              45.17994400022388
            ],
            [
              -64.3541110002353,
              45.17469399984295
            ],
            [
              -64.35166699965589,
              45.167389000258396
            ],
            [
              -64.36766700008086,
              45.154110999923766
            ],
            [
              -64.37019399960263,
              45.154999999818656
            ],
            [
              -64.37180600032885,
              45.158361000159395
            ],
            [
              -64.3749439997709,
              45.157389000138245
            ],
            [
              -64.37572200009576,
              45.15333300000481
            ],
            [
              -64.38033300034688,
              45.15322200009759
            ],
            [
              -64.3858890004291,
              45.14911100019789
            ],
            [
              -64.3914170000239,
              45.14783299980832
            ],
            [
              -64.38661099977912,
              45.145833000278735
            ],
            [
              -64.37986100034377,
              45.146666999913315
            ],
            [
              -64.38083299993906,
              45.14047199981128
            ],
            [
              -64.37927800001256,
              45.13630599981403
            ],
            [
              -64.38097199985624,
              45.13224999999778
            ],
            [
              -64.38905600018346,
              45.12663899974516
            ],
            [
              -64.38716700034612,
              45.1249440000085
            ],
            [
              -64.37777800033767,
              45.12405599994086
            ],
            [
              -64.36825000041205,
              45.12747199989362
            ],
            [
              -64.36649999959359,
              45.12555600011168
            ],
            [
              -64.36666699999815,
              45.118916999707935
            ],
            [
              -64.36247199967367,
              45.11222200001871
            ],
            [
              -64.35736099983038,
              45.1116670000365
            ],
            [
              -64.3541110002353,
              45.10716699985515
            ],
            [
              -64.35763899966472,
              45.102443999929584
            ],
            [
              -64.36069400016441,
              45.10161100023121
            ],
            [
              -64.35991699966446,
              45.09991700010585
            ],
            [
              -64.35374999966199,
              45.10197200023784
            ],
            [
              -64.34936100006705,
              45.107528000233884
            ],
            [
              -64.339916999807,
              45.10716699985515
            ],
            [
              -64.34011099997574,
              45.129110999880574
            ],
            [
              -64.33847200038369,
              45.13244399985966
            ],
            [
              -64.33172200005,
              45.13749999970784
            ],
            [
              -64.32244400036961,
              45.14091699976918
            ],
            [
              -64.28658300000433,
              45.14088899981581
            ],
            [
              -64.28433299959369,
              45.13611099981284
            ],
            [
              -64.28025000032049,
              45.132332999833274
            ],
            [
              -64.28019400024398,
              45.12649999978242
            ],
            [
              -64.2811109995877,
              45.12375000026989
            ],
            [
              -64.28433299959369,
              45.12169399985895
            ],
            [
              -64.28424999975299,
              45.11983300006075
            ],
            [
              -64.27583300023815,
              45.11494399985309
            ],
            [
              -64.27419399974775,
              45.11336100017906
            ],
            [
              -64.27497200007261,
              45.1124440001487
            ],
            [
              -64.26658300014687,
              45.11344400024
            ],
            [
              -64.26766699989516,
              45.117555999841755
            ],
            [
              -64.27786099999264,
              45.118471999857405
            ],
            [
              -64.27774999966456,
              45.121721999729594
            ],
            [
              -64.27427800031165,
              45.12405599994086
            ],
            [
              -64.27327800022896,
              45.12330600027703
            ],
            [
              -64.27008299998715,
              45.12924999981855
            ],
            [
              -64.26727799973271,
              45.12916699993278
            ],
            [
              -64.26066700021453,
              45.126610999752586
            ],
            [
              -64.25916699964131,
              45.12416700022986
            ],
            [
              -64.24994400021252,
              45.12408299973983
            ],
            [
              -64.24580599978943,
              45.11933299986674
            ],
            [
              -64.24669399971914,
              45.11827800001576
            ],
            [
              -64.2424170002772,
              45.114971999866604
            ],
            [
              -64.22069400026376,
              45.110750000048306
            ],
            [
              -64.21330600024562,
              45.10144399987046
            ],
            [
              -64.20397199959042,
              45.094806000214916
            ],
            [
              -64.1989720000752,
              45.088278000252224
            ],
            [
              -64.18583299998119,
              45.07988900007896
            ],
            [
              -64.17730599996315,
              45.077416999685546
            ],
            [
              -64.17155599971218,
              45.072332999948
            ],
            [
              -64.16919400004686,
              45.068111000018995
            ],
            [
              -64.17002800044818,
              45.06480599984102
            ],
            [
              -64.16508300028624,
              45.06005600003817
            ],
            [
              -64.15986100011489,
              45.05741700002827
            ],
            [
              -64.15861099978692,
              45.054971999918216
            ],
            [
              -64.15488900018876,
              45.05494400030663
            ],
            [
              -64.14797200034882,
              45.05083299999605
            ],
            [
              -64.14244399985567,
              45.04477799979922
            ],
            [
              -64.14350000001488,
              45.037221999725894
            ],
            [
              -64.15097199969861,
              45.01961099986717
            ],
            [
              -64.15602800018863,
              45.01508300017354
            ],
            [
              -64.15402800002322,
              45.008193999712965
            ],
            [
              -64.1495280001002,
              45.00377800012365
            ],
            [
              -64.14094400018078,
              45.0026110001863
            ],
            [
              -64.13561099968132,
              45.00508299993503
            ],
            [
              -64.12747200000081,
              45.005832999938825
            ],
            [
              -64.11988899998902,
              45.004249999830385
            ],
            [
              -64.1091669998119,
              45.00491699982986
            ],
            [
              -64.10341699956093,
              45.00247200003325
            ],
            [
              -64.10663899956691,
              45.006611000065874
            ],
            [
              -64.12341700031672,
              45.007528000078494
            ],
            [
              -64.13419399984708,
              45.01086099970382
            ],
            [
              -64.13611100017184,
              45.01461100018878
            ],
            [
              -64.1316389998379,
              45.02850000031148
            ],
            [
              -64.12566699982908,
              45.036832999748064
            ],
            [
              -64.12350000015742,
              45.05000000029735
            ],
            [
              -64.11922199999225,
              45.05255600030426
            ],
            [
              -64.11227800038812,
              45.053416999956795
            ],
            [
              -64.10749999973243,
              45.056666999870636
            ],
            [
              -64.09674999996624,
              45.059110999797035
            ],
            [
              -64.10574999981228,
              45.061611000307416
            ],
            [
              -64.11416700022545,
              45.05872200016648
            ],
            [
              -64.11416700022545,
              45.05408300016331
            ],
            [
              -64.12569399959325,
              45.054028000194236
            ],
            [
              -64.13088900000045,
              45.05574999996182
            ],
            [
              -64.13558300009221,
              45.05977799972004
            ],
            [
              -64.13980600000582,
              45.06669400027584
            ],
            [
              -64.14572199993815,
              45.07138900009791
            ],
            [
              -64.14825000018315,
              45.07680600008741
            ],
            [
              -64.15025000034856,
              45.07677799974989
            ],
            [
              -64.1516110001063,
              45.079860999983566
            ],
            [
              -64.15452799961542,
              45.080916999789515
            ],
            [
              -64.16819399996413,
              45.094082999817964
            ],
            [
              -64.17424999963855,
              45.09425000014723
            ],
            [
              -64.18072200013789,
              45.09911099988321
            ],
            [
              -64.18411099965013,
              45.09911099988321
            ],
            [
              -64.18752799964976,
              45.10411100016987
            ],
            [
              -64.19491700039111,
              45.1097500003018
            ],
            [
              -64.19669400007545,
              45.1174439997057
            ],
            [
              -64.20086099991254,
              45.12088899992002
            ],
            [
              -64.2015560003967,
              45.12997200031161
            ],
            [
              -64.20433300016377,
              45.13236100018571
            ],
            [
              -64.19916700006888,
              45.13919400027066
            ],
            [
              -64.19841700023143,
              45.14988900009965
            ],
            [
              -64.18999999981827,
              45.157361000040495
            ],
            [
              -64.18416699972661,
              45.15655599989891
            ],
            [
              -64.17055599962947,
              45.16174999973953
            ],
            [
              -64.16913899979525,
              45.16391699981471
            ],
            [
              -64.16733299979862,
              45.17433300020107
            ],
            [
              -64.16511099987534,
              45.17580600005482
            ],
            [
              -64.16683300020641,
              45.18069400020379
            ],
            [
              -64.17424999963855,
              45.18822199998275
            ],
            [
              -64.17266700012297,
              45.18988900012662
            ],
            [
              -64.16513900036274,
              45.19327799969767
            ],
            [
              -64.16172200036311,
              45.19333299978999
            ],
            [
              -64.15936099962435,
              45.19158300031627
            ],
            [
              -64.15550000010904,
              45.19733299980921
            ],
            [
              -64.13844400042318,
              45.20075000012358
            ],
            [
              -64.13861099992944,
              45.204888999985144
            ],
            [
              -64.13183300000667,
              45.20586100017627
            ],
            [
              -64.12769399975868,
              45.209111000021245
            ],
            [
              -64.11425000006611,
              45.212500000289495
            ],
            [
              -64.11183300014918,
              45.21658299999732
            ],
            [
              -64.09130600003701,
              45.21825000017351
            ],
            [
              -64.08022200035998,
              45.22161099987093
            ],
            [
              -64.07091700001712,
              45.2223889997828
            ],
            [
              -64.07261099986077,
              45.22580600029506
            ],
            [
              -64.07161099977806,
              45.22850000001049
            ],
            [
              -64.06097200033996,
              45.230666999762015
            ],
            [
              -64.05750000008875,
              45.23502799976577
            ],
            [
              -64.04766699966625,
              45.233249999813836
            ],
            [
              -64.04599999958678,
              45.23497199999809
            ],
            [
              -64.03097199965543,
              45.23572199971771
            ],
            [
              -64.0249720000575,
              45.23419400022758
            ],
            [
              -64.02419399973265,
              45.23247199987587
            ],
            [
              -64.0143610002085,
              45.23330600001321
            ],
            [
              -64.01058299963552,
              45.23094400030447
            ],
            [
              -64.01444400004917,
              45.23502799976577
            ],
            [
              -64.0143610002085,
              45.23827800018783
            ],
            [
              -64.0127779997946,
              45.239943999894386
            ],
            [
              -64.00605599994833,
              45.24080599999506
            ],
            [
              -64.00516700019371,
              45.24522199978461
            ],
            [
              -64.00000000027391,
              45.24830599985082
            ],
            [
              -63.99511100018846,
              45.248167000055666
            ],
            [
              -63.96172199999171,
              45.2591110001863
            ],
            [
              -63.95627800006248,
              45.25816700021077
            ],
            [
              -63.95150000030511,
              45.26233299977399
            ],
            [
              -63.939500000210955,
              45.26516700009403
            ],
            [
              -63.93502799987704,
              45.268916999910125
            ],
            [
              -63.927167000030884,
              45.269666999732465
            ],
            [
              -63.90888899960615,
              45.27502800010021
            ],
            [
              -63.90222200001146,
              45.279028000306106
            ],
            [
              -63.89252800040447,
              45.27988900017883
            ],
            [
              -63.8913609999172,
              45.27825000024223
            ],
            [
              -63.8821390003133,
              45.2772780000258
            ],
            [
              -63.880278000065076,
              45.27249999985108
            ],
            [
              -63.87486099990002,
              45.268249999978146
            ],
            [
              -63.8641939999745,
              45.27983299975699
            ],
            [
              -63.85938899955465,
              45.27899999999324
            ],
            [
              -63.85583299963785,
              45.28319399983842
            ],
            [
              -63.85188900028183,
              45.284832999799605
            ],
            [
              -63.84672200036205,
              45.28652799999919
            ],
            [
              -63.841610999620436,
              45.28566699975234
            ],
            [
              -63.83841700010188,
              45.28900000011988
            ],
            [
              -63.83244400026814,
              45.29074999970449
            ],
            [
              -63.819111000005364,
              45.28741699978272
            ],
            [
              -63.815777999671305,
              45.29149999978984
            ],
            [
              -63.80986099991406,
              45.29147199994464
            ],
            [
              -63.80822200032199,
              45.29561100006622
            ],
            [
              -63.815750000082225,
              45.30069399980501
            ],
            [
              -63.81408300000273,
              45.30883299974179
            ],
            [
              -63.81069399959218,
              45.309777999863925
            ],
            [
              -63.80511099974579,
              45.31483300020617
            ],
            [
              -63.79174999989392,
              45.315666999920104
            ],
            [
              -63.79016700037833,
              45.31830600030109
            ],
            [
              -63.786500000133444,
              45.316582999763895
            ],
            [
              -63.76738900003059,
              45.317388999940476
            ],
            [
              -63.764028000107466,
              45.315750000238104
            ],
            [
              -63.763193999706104,
              45.31244399989364
            ],
            [
              -63.75827799985647,
              45.30819400006269
            ],
            [
              -63.750971999854094,
              45.30744400027292
            ],
            [
              -63.749110999605854,
              45.30155600026442
            ],
            [
              -63.74691700017001,
              45.30152799969753
            ],
            [
              -63.74588899959989,
              45.303917000150456
            ],
            [
              -63.741777999839314,
              45.30486099992916
            ],
            [
              -63.73763899959132,
              45.30488900011357
            ],
            [
              -63.73599999999924,
              45.30325000030644
            ],
            [
              -63.7301669999076,
              45.30905600020616
            ],
            [
              -63.72563900039548,
              45.309139000098284
            ],
            [
              -63.72922200007647,
              45.311528000111004
            ],
            [
              -63.72758299958607,
              45.31477800016177
            ],
            [
              -63.72916699982488,
              45.31991700028141
            ],
            [
              -63.72216700014427,
              45.323750000009234
            ],
            [
              -63.71416700038093,
              45.325667000107266
            ],
            [
              -63.70380599987887,
              45.32569399968984
            ],
            [
              -63.7004440001308,
              45.322278000312515
            ],
            [
              -63.690666999784824,
              45.3181110001965
            ],
            [
              -63.679722000024974,
              45.317417000253066
            ],
            [
              -63.679778000101464,
              45.31486099988672
            ],
            [
              -63.67830600001566,
              45.314916999837955
            ],
            [
              -63.67738899977363,
              45.31830600030109
            ],
            [
              -63.673750000016135,
              45.31991700028141
            ],
            [
              -63.660528000081435,
              45.31897199993249
            ],
            [
              -63.65233300032444,
              45.31611099995569
            ],
            [
              -63.646444000156286,
              45.31911100005938
            ],
            [
              -63.63572199997919,
              45.31652800015456
            ],
            [
              -63.61394399971414,
              45.31819400009308
            ],
            [
              -63.60647200003042,
              45.31652800015456
            ],
            [
              -63.568222000235636,
              45.316666999960034
            ],
            [
              -63.559193999902185,
              45.319055999745466
            ],
            [
              -63.55033299997333,
              45.324693999801156
            ],
            [
              -63.54813899963916,
              45.32463899985405
            ],
            [
              -63.54977800012954,
              45.32561100004308
            ],
            [
              -63.54852799980158,
              45.330471999988525
            ],
            [
              -63.54097199955396,
              45.33744400009744
            ],
            [
              -63.53066700002669,
              45.337305999710786
            ],
            [
              -63.52919400011596,
              45.33486099996812
            ],
            [
              -63.509611000010004,
              45.32819400017897
            ],
            [
              -63.4938890003177,
              45.3197499998276
            ],
            [
              -63.4830829995767,
              45.307277999825615
            ],
            [
              -63.482999999736016,
              45.29727799969485
            ],
            [
              -63.48097199998152,
              45.296721999684344
            ],
            [
              -63.4785559998895,
              45.29708299990619
            ],
            [
              -63.47591700021472,
              45.302222000240015
            ],
            [
              -63.46900000037477,
              45.308138999893
            ],
            [
              -63.46977799980131,
              45.314082999825295
            ],
            [
              -63.471417000291694,
              45.31572199973345
            ],
            [
              -63.48016699989249,
              45.31655600026096
            ],
            [
              -63.482167000057885,
              45.32191700009159
            ],
            [
              -63.480833000064344,
              45.32822200020435
            ],
            [
              -63.47744399965381,
              45.329832999896496
            ],
            [
              -63.474082999730655,
              45.33480599978908
            ],
            [
              -63.44336099969608,
              45.344028000315305
            ],
            [
              -63.44255599960705,
              45.34558300003736
            ],
            [
              -63.42430599966972,
              45.352278000076375
            ],
            [
              -63.41366700023161,
              45.35316699971282
            ],
            [
              -63.40238900038583,
              45.3498329997779
            ],
            [
              -63.38430599995476,
              45.35911099972368
            ],
            [
              -63.37725000019764,
              45.360889000106525
            ],
            [
              -63.37872200028346,
              45.36322199975165
            ],
            [
              -63.38658300012961,
              45.36388899990768
            ],
            [
              -63.390056000205746,
              45.36227800028149
            ],
            [
              -63.39980599988924,
              45.363972000256005
            ],
            [
              -63.40902800039142,
              45.36163899997992
            ],
            [
              -63.4208329995936,
              45.36663900003635
            ],
            [
              -63.42427800008064,
              45.37083299995348
            ],
            [
              -63.42669400017266,
              45.3696389997467
            ],
            [
              -63.42561100024926,
              45.36558300024174
            ],
            [
              -63.43200000000961,
              45.36311099976391
            ],
            [
              -63.47163900004955,
              45.36322199975165
            ],
            [
              -63.481083000309596,
              45.3666110000739
            ],
            [
              -63.4882779999839,
              45.37241700016525
            ],
            [
              -63.49669399967384,
              45.37238899990765
            ],
            [
              -63.50144399984211,
              45.368999999915246
            ],
            [
              -63.51833300002169,
              45.36908299970676
            ],
            [
              -63.53841700044307,
              45.3748889997326
            ],
            [
              -63.53997200036956,
              45.3791110000698
            ],
            [
              -63.54416699979575,
              45.37491700001454
            ],
            [
              -63.56080599973008,
              45.37741699977483
            ],
            [
              -63.571471999830685,
              45.381639000021444
            ],
            [
              -63.5841389999216,
              45.38327800024348
            ],
            [
              -63.59474999977062,
              45.38911099987985
            ],
            [
              -63.612694000284506,
              45.39074999985899
            ],
            [
              -63.61352799978756,
              45.39211099983488
            ],
            [
              -63.611916999784555,
              45.393832999926246
            ],
            [
              -63.61355600027494,
              45.3940000001506
            ],
            [
              -63.617555999707456,
              45.3907219998473
            ],
            [
              -63.62680599979875,
              45.389916999887866
            ],
            [
              -63.63075000005306,
              45.3865279998987
            ],
            [
              -63.635055999807335,
              45.386610999832776
            ],
            [
              -63.645167000064156,
              45.39169399979599
            ],
            [
              -63.65141699990732,
              45.391667000145794
            ],
            [
              -63.65419399967436,
              45.39411100007584
            ],
            [
              -63.671778000338136,
              45.39327799980554
            ],
            [
              -63.67072200017894,
              45.39230599997273
            ],
            [
              -63.67338900034112,
              45.39069399982174
            ],
            [
              -63.686694000116496,
              45.3907219998473
            ],
            [
              -63.69183300044721,
              45.3865279998987
            ],
            [
              -63.70083300029324,
              45.3865830002943
            ],
            [
              -63.70883300005656,
              45.39155599983626
            ],
            [
              -63.7133060002154,
              45.391528000223865
            ],
            [
              -63.71494399998256,
              45.39316700013665
            ],
            [
              -63.715056000135554,
              45.388610999757496
            ],
            [
              -63.71975000022734,
              45.388389000165375
            ],
            [
              -63.74827799992772,
              45.398277999732116
            ],
            [
              -63.78227800004477,
              45.39983299972043
            ],
            [
              -63.782194000379185,
              45.3940000001506
            ],
            [
              -63.794388999568696,
              45.39413900030101
            ],
            [
              -63.80649999999092,
              45.396556000096
            ],
            [
              -63.80833299975176,
              45.39397199985656
            ],
            [
              -63.81333300016529,
              45.3923329999485
            ],
            [
              -63.87008300014266,
              45.37905599997642
            ],
            [
              -63.87250000005959,
              45.37733300007704
            ],
            [
              -63.870667000298766,
              45.3756390001525
            ],
            [
              -63.8714439999004,
              45.37322200006538
            ],
            [
              -63.88419399983201,
              45.363972000256005
            ],
            [
              -63.88663900023633,
              45.35819399970042
            ],
            [
              -63.883999999663224,
              45.35650000031212
            ],
            [
              -63.884028000150636,
              45.353110999695524
            ],
            [
              -63.88661099974893,
              45.35236099978202
            ],
            [
              -63.887500000401864,
              45.347332999915366
            ],
            [
              -63.89422200024813,
              45.35075000019208
            ],
            [
              -63.90216699975988,
              45.350860999809015
            ],
            [
              -63.90722200042499,
              45.34899999989254
            ],
            [
              -63.913139000182234,
              45.353250000008565
            ],
            [
              -63.9183329998662,
              45.35313900002672
            ],
            [
              -63.92069399970664,
              45.35911099972368
            ],
            [
              -63.91844400019428,
              45.36075000025238
            ],
            [
              -63.92516699986548,
              45.35999999995597
            ],
            [
              -63.92577799978576,
              45.36741700025781
            ],
            [
              -63.920943999951895,
              45.36980600013742
            ],
            [
              -63.91822200043643,
              45.376471999766196
            ],
            [
              -63.91572199978053,
              45.37824999969903
            ],
            [
              -63.928222000365174,
              45.37827800020975
            ],
            [
              -63.9499720001428,
              45.39402799979997
            ],
            [
              -63.95561100006571,
              45.395694000016015
            ],
            [
              -63.96816699982855,
              45.395778000189324
            ],
            [
              -63.97674999992306,
              45.399111000100355
            ],
            [
              -63.9897219996125,
              45.398999999904035
            ],
            [
              -63.99399999977767,
              45.3966389998129
            ],
            [
              -63.99672200019145,
              45.38975000021577
            ],
            [
              -63.999443999706905,
              45.3881939997617
            ],
            [
              -64.00175000019408,
              45.390082999775586
            ],
            [
              -64.01327800028511,
              45.38674999985993
            ],
            [
              -64.03983299958429,
              45.38427800018791
            ],
            [
              -64.04330599966042,
              45.3866389999883
            ],
            [
              -64.06236099968679,
              45.39080599984075
            ],
            [
              -64.06413900009434,
              45.394917000063316
            ],
            [
              -64.06216700041632,
              45.39897200019511
            ],
            [
              -64.05666700041063,
              45.40011099999875
            ],
            [
              -64.05588900008576,
              45.40183299978293
            ],
            [
              -64.04672199983514,
              45.405694000294105
            ],
            [
              -64.0444439998354,
              45.409193999994024
            ],
            [
              -64.0649170004192,
              45.40255600027268
            ],
            [
              -64.07044400018908,
              45.399193999848954
            ],
            [
              -64.07172200010613,
              45.40180599993091
            ],
            [
              -64.06083300042278,
              45.41002799980365
            ],
            [
              -64.08258300020043,
              45.40913900016052
            ],
            [
              -64.08341699970346,
              45.406944000125414
            ],
            [
              -64.08158300011772,
              45.404916999727305
            ],
            [
              -64.08644399971575,
              45.40413900015285
            ],
            [
              -64.09250000028848,
              45.405833000059985
            ],
            [
              -64.09916699988317,
              45.4106940001452
            ],
            [
              -64.10169400030327,
              45.408389000182645
            ],
            [
              -64.11027800022269,
              45.40658299991889
            ],
            [
              -64.11330600005991,
              45.40413900015285
            ],
            [
              -64.13186099959574,
              45.40333299988487
            ],
            [
              -64.14891700017992,
              45.399055999911006
            ],
            [
              -64.1857219996531,
              45.40244400020314
            ],
            [
              -64.18899999973557,
              45.400083000209655
            ],
            [
              -64.20636099991826,
              45.39755599979628
            ],
            [
              -64.21161099967874,
              45.39486099973925
            ],
            [
              -64.2418330001211,
              45.39327799980554
            ],
            [
              -64.24819400029236,
              45.39080599984075
            ],
            [
              -64.2526389999638,
              45.38580599999844
            ],
            [
              -64.25033300037495,
              45.38477800015159
            ],
            [
              -64.2434719997132,
              45.386694000275895
            ],
            [
              -64.2398890000322,
              45.38158299979111
            ],
            [
              -64.2526110003747,
              45.378361000267546
            ],
            [
              -64.25758300030083,
              45.37830600007563
            ],
            [
              -64.26755599956708,
              45.382472000211074
            ],
            [
              -64.27661099966468,
              45.38422200004784
            ],
            [
              -64.29933299993593,
              45.38502799973689
            ],
            [
              -64.30472199961358,
              45.39069399982174
            ],
            [
              -64.31161099986443,
              45.39352800027875
            ],
            [
              -64.31730599986382,
              45.39088899980177
            ],
            [
              -64.31927800044015,
              45.391778000237345
            ],
            [
              -64.32380599995226,
              45.39452799994395
            ],
            [
              -64.3261390002036,
              45.40005600015204
            ],
            [
              -64.32930599995798,
              45.39338899988721
            ],
            [
              -64.32580600011767,
              45.390167000087835
            ],
            [
              -64.32663899979578,
              45.38763899978381
            ],
            [
              -64.32308299987898,
              45.38630599969655
            ],
            [
              -64.32261099987586,
              45.384417000273366
            ],
            [
              -64.31852799970437,
              45.38711099998139
            ],
            [
              -64.31752799962167,
              45.38997200014028
            ],
            [
              -64.31530599969841,
              45.38822199976399
            ],
            [
              -64.3225280000352,
              45.38175000024649
            ],
            [
              -64.3215000003634,
              45.378999999711645
            ],
            [
              -64.33183300037808,
              45.37322200006538
            ],
            [
              -64.33186099996718,
              45.37083299995348
            ],
            [
              -64.32988900028917,
              45.36994400018273
            ],
            [
              -64.3306669997157,
              45.367472000311444
            ],
            [
              -64.33602799980424,
              45.3659169998662
            ],
            [
              -64.33863899988994,
              45.366750000044206
            ],
            [
              -64.34016700005225,
              45.369306000299765
            ],
            [
              -64.33666700021193,
              45.37277800030674
            ],
            [
              -64.34333299998173,
              45.37663900017333
            ],
            [
              -64.3531389997417,
              45.37927800025494
            ],
            [
              -64.36191699982987,
              45.3791110000698
            ],
            [
              -64.37672200017849,
              45.37830600007563
            ],
            [
              -64.38461099961373,
              45.375750000167216
            ],
            [
              -64.38925000035223,
              45.373249999910584
            ],
            [
              -64.39008300003037,
              45.37111100025931
            ],
            [
              -64.38494399969964,
              45.366777999937845
            ],
            [
              -64.39211099978486,
              45.36491700022872
            ],
            [
              -64.39986100020124,
              45.36986099976139
            ],
            [
              -64.40499999963365,
              45.37080599980555
            ],
            [
              -64.40786099996457,
              45.37397199987585
            ],
            [
              -64.41991700013521,
              45.37416700011577
            ],
            [
              -64.43041699965615,
              45.37838900009229
            ],
            [
              -64.44099999991607,
              45.380027999882536
            ],
            [
              -64.44708300025299,
              45.38372200021405
            ],
            [
              -64.45211100025561,
              45.38988900009439
            ],
            [
              -64.46038899985328,
              45.39599999977595
            ],
            [
              -64.46525000034963,
              45.395778000189324
            ],
            [
              -64.46616699969334,
              45.397528000002595
            ],
            [
              -64.47994400037015,
              45.39930600005357
            ],
            [
              -64.48872199956001,
              45.39336099992124
            ],
            [
              -64.50941699990167,
              45.394166999881506
            ],
            [
              -64.51058299966573,
              45.39677799978018
            ],
            [
              -64.5148609998309,
              45.39758299978695
            ],
            [
              -64.5174440003275,
              45.39983299972043
            ],
            [
              -64.52058299959448,
              45.399166999997306
            ],
            [
              -64.5265830000907,
              45.40236100018292
            ],
            [
              -64.54227800001884,
              45.40666700030217
            ],
            [
              -64.55255599978193,
              45.408389000182645
            ],
            [
              -64.57244400038472,
              45.408417000269964
            ],
            [
              -64.60161099959448,
              45.40166699971755
            ],
            [
              -64.61988900001921,
              45.399111000100355
            ],
            [
              -64.62316700010167,
              45.39991700004858
            ],
            [
              -64.64066700020156,
              45.39658299993368
            ],
            [
              -64.66616700006475,
              45.389027999831335
            ],
            [
              -64.68713900041584,
              45.379917000062655
            ],
            [
              -64.68875000041885,
              45.37633299970865
            ],
            [
              -64.6934720000997,
              45.37216699971848
            ],
            [
              -64.70213899985981,
              45.368999999915246
            ],
            [
              -64.70516699969701,
              45.36386099984634
            ],
            [
              -64.70786099962338,
              45.36222199981265
            ],
            [
              -64.71011100003403,
              45.35647199975015
            ],
            [
              -64.70922200027941,
              45.34483300012406
            ],
            [
              -64.70497199970335,
              45.33905599971804
            ],
            [
              -64.70652800035305,
              45.333721999687846
            ],
            [
              -64.70500000019074,
              45.331416999869965
            ],
            [
              -64.70863899994822,
              45.32608300029458
            ],
            [
              -64.70491700035008,
              45.32055599980273
            ],
            [
              -64.70908300036223,
              45.316582999763895
            ],
            [
              -64.73188900029906,
              45.317583000062726
            ],
            [
              -64.76013900016514,
              45.309028000184675
            ],
            [
              -64.76422200033663,
              45.30494400027761
            ],
            [
              -64.76916699960027,
              45.30483299973087
            ],
            [
              -64.76630600016765,
              45.30138900004084
            ],
            [
              -64.76574999960062,
              45.29641700022826
            ],
            [
              -64.77402800009662,
              45.29252800024445
            ],
            [
              -64.77741699960885,
              45.294806000165
            ],
            [
              -64.77980599993668,
              45.30061100018471
            ],
            [
              -64.78191700043017,
              45.30086100018016
            ],
            [
              -64.78813899978594,
              45.307944000182424
            ],
            [
              -64.78769400044533,
              45.31986100021808
            ],
            [
              -64.78638899986578,
              45.32211099986986
            ],
            [
              -64.79019400020294,
              45.32244399977673
            ],
            [
              -64.81400000022248,
              45.3466940000405
            ],
            [
              -64.8175560001393,
              45.34663899999073
            ],
            [
              -64.82269399974676,
              45.35061100005193
            ],
            [
              -64.83436099975499,
              45.35488899986579
            ],
            [
              -64.84350000041651,
              45.356583000138244
            ],
            [
              -64.85369399961569,
              45.35577800014993
            ],
            [
              -64.8736390001199,
              45.34841700019409
            ],
            [
              -64.8955279998147,
              45.34411100012291
            ],
            [
              -64.90508300040283,
              45.339111000189305
            ],
            [
              -64.90841699966347,
              45.33916700016654
            ],
            [
              -64.91147200016317,
              45.33597200010393
            ],
            [
              -64.92391699959794,
              45.33494399995352
            ],
            [
              -64.92719399985548,
              45.33175000001666
            ],
            [
              -64.93369399994391,
              45.33163900018534
            ],
            [
              -64.93613900034825,
              45.33011100019686
            ],
            [
              -64.94369399987265,
              45.33016700023312
            ],
            [
              -64.94452800027402,
              45.337471999970106
            ],
            [
              -64.9424720000321,
              45.3397219997762
            ],
            [
              -64.94394400011791,
              45.340388999746814
            ],
            [
              -64.94527800011146,
              45.34608299993098
            ],
            [
              -64.93844400011218,
              45.35699999971898
            ],
            [
              -64.94011100019168,
              45.360916999745236
            ],
            [
              -64.93833299978411,
              45.36552800024486
            ],
            [
              -64.93158300034874,
              45.36941700012287
            ],
            [
              -64.92994399985835,
              45.37377799980489
            ],
            [
              -64.93083299961297,
              45.37627800006822
            ],
            [
              -64.92894399977564,
              45.37791699984116
            ],
            [
              -64.92988899960677,
              45.380083000292395
            ],
            [
              -64.9281110000975,
              45.381917000208546
            ],
            [
              -64.92836100034278,
              45.38736099997446
            ],
            [
              -64.92555600008832,
              45.39024999972554
            ],
            [
              -64.92752799976633,
              45.39627799998904
            ],
            [
              -64.92497199993223,
              45.40216699975886
            ],
            [
              -64.92741700033656,
              45.4116110003037
            ],
            [
              -64.92516699992589,
              45.415028000044366
            ],
            [
              -64.92161100000908,
              45.4156940000696
            ],
            [
              -64.91919400009216,
              45.41830600023487
            ],
            [
              -64.92236099984655,
              45.420722000242975
            ],
            [
              -64.92038900016854,
              45.4248060000589
            ],
            [
              -64.91605599975179,
              45.426611000247945
            ],
            [
              -64.91408300024885,
              45.425888999910775
            ],
            [
              -64.91338899958959,
              45.43338899997846
            ],
            [
              -64.90258299974693,
              45.431499999786645
            ],
            [
              -64.89516700013966,
              45.43316699981368
            ],
            [
              -64.88952800021679,
              45.44583299993064
            ],
            [
              -64.88033300037708,
              45.45074999979764
            ],
            [
              -64.86722199987213,
              45.454278000242404
            ],
            [
              -64.86586100011442,
              45.46505599970026
            ],
            [
              -64.85299999985475,
              45.45919399991668
            ],
            [
              -64.84416700041328,
              45.45916699976645
            ],
            [
              -64.83630599966881,
              45.46230600021721
            ],
            [
              -64.83333300008319,
              45.46906168980465
            ],
            [
              -64.83333300008319,
              45.47996457029371
            ],
            [
              -64.83649999983757,
              45.48077799970841
            ],
            [
              -64.8393329996811,
              45.47833300000645
            ],
            [
              -64.85188900034227,
              45.47486100023627
            ],
            [
              -64.85394399986095,
              45.475417000156135
            ],
            [
              -64.85402800042485,
              45.477805999825605
            ],
            [
              -64.84775000009427,
              45.482667000016164
            ],
            [
              -64.8445830003399,
              45.48274999975446
            ],
            [
              -64.83333300008319,
              45.4899363097083
            ],
            [
              -64.83333300008319,
              45.49999999997403
            ],
            [
              -64.80813884962478,
              45.49999999997403
            ],
            [
              -64.79672199988045,
              45.50502800012222
            ],
            [
              -64.78897200036239,
              45.503528000230986
            ],
            [
              -64.7791389999399,
              45.50991700015075
            ],
            [
              -64.77136099993443,
              45.51077800023857
            ],
            [
              -64.76674999968333,
              45.51405599980519
            ],
            [
              -64.75836099975757,
              45.51577799991463
            ],
            [
              -64.74277799998245,
              45.52488899970719
            ],
            [
              -64.7225279998797,
              45.53177800029863
            ],
            [
              -64.719556000119,
              45.534055999837854
            ],
            [
              -64.68911100009387,
              45.538222000257456
            ],
            [
              -64.68563899984262,
              45.54141699979439
            ],
            [
              -64.68141699975396,
              45.54208300000389
            ],
            [
              -64.68213900000234,
              45.54419399973125
            ],
            [
              -64.6852780001676,
              45.54552800007467
            ],
            [
              -64.68500000033326,
              45.54747200021319
            ],
            [
              -64.67780599958557,
              45.55472199984791
            ],
            [
              -64.66233300031361,
              45.560083000135975
            ],
            [
              -64.6552220003049,
              45.56650000023085
            ],
            [
              -64.65763900022183,
              45.573944000198196
            ],
            [
              -64.65580599956267,
              45.58105599992313
            ],
            [
              -64.65269400005988,
              45.58322199991892
            ],
            [
              -64.64177799971404,
              45.5859439997425
            ],
            [
              -64.63972200037044,
              45.59072200020717
            ],
            [
              -64.63122200011661,
              45.5956390002621
            ],
            [
              -64.6251110001906,
              45.59750000013854
            ],
            [
              -64.60236100033026,
              45.59936099989209
            ],
            [
              -64.59180599965941,
              45.60338899998974
            ],
            [
              -64.58608300007094,
              45.60850000015949
            ],
            [
              -64.581250000062,
              45.61005599992216
            ],
            [
              -64.57474999997356,
              45.60466700013959
            ],
            [
              -64.57400000013611,
              45.59908299989137
            ],
            [
              -64.5724719999738,
              45.60474999969623
            ],
            [
              -64.57458299956897,
              45.607221999978904
            ],
            [
              -64.57161099980827,
              45.60933300014725
            ],
            [
              -64.56872199988825,
              45.61652800009872
            ],
            [
              -64.56411099963715,
              45.620860999963014
            ],
            [
              -64.55966699979062,
              45.62172200015104
            ],
            [
              -64.55461100019893,
              45.62797199998024
            ],
            [
              -64.54633299970293,
              45.63186100029863
            ],
            [
              -64.54383299994532,
              45.635667000081575
            ],
            [
              -64.53258299968863,
              45.64174999990786
            ],
            [
              -64.5306939998513,
              45.64886099998316
            ],
            [
              -64.52341700016123,
              45.65177799993112
            ],
            [
              -64.50650000039253,
              45.66508300005614
            ],
            [
              -64.50000000030411,
              45.66508300005614
            ],
            [
              -64.50000000030411,
              45.66666699994133
            ],
            [
              -64.48765897996518,
              45.66666699994133
            ],
            [
              -64.48652800012418,
              45.668610999861485
            ],
            [
              -64.48736099980228,
              45.67236099990959
            ],
            [
              -64.49030599979882,
              45.67580600013733
            ],
            [
              -64.48438900004157,
              45.67736099975006
            ],
            [
              -64.47858299971409,
              45.67663899986147
            ],
            [
              -64.46927800026954,
              45.682416999981065
            ],
            [
              -64.46169400043283,
              45.68252799998128
            ],
            [
              -64.45580600008958,
              45.68477799981504
            ],
            [
              -64.45216700033211,
              45.70127799993441
            ],
            [
              -64.44258300032998,
              45.70666699972525
            ],
            [
              -64.43916700015525,
              45.70977800021503
            ],
            [
              -64.43677799982741,
              45.71491699974367
            ],
            [
              -64.43733299967118,
              45.72402799985341
            ],
            [
              -64.44061099975366,
              45.72744399974052
            ],
            [
              -64.44719399968275,
              45.729860999687986
            ],
            [
              -64.45072200001047,
              45.733944000196644
            ],
            [
              -64.44827800032937,
              45.73997199976338
            ],
            [
              -64.44444399967989,
              45.74413900004779
            ],
            [
              -64.43600000040087,
              45.74588899993144
            ],
            [
              -64.43449999982765,
              45.75077800029608
            ],
            [
              -64.42675000030958,
              45.754055999764105
            ],
            [
              -64.42016700038049,
              45.755111000061206
            ],
            [
              -64.41774999956523,
              45.75366699982333
            ],
            [
              -64.41769400038704,
              45.750749999922604
            ],
            [
              -64.41516699996694,
              45.75077800029608
            ],
            [
              -64.41261100013284,
              45.75658299988256
            ],
            [
              -64.40680599963028,
              45.75661099983666
            ],
            [
              -64.40369400012747,
              45.7591109999034
            ],
            [
              -64.39761099979057,
              45.76072200013563
            ],
            [
              -64.38755599961024,
              45.76672199997998
            ],
            [
              -64.38197199993894,
              45.772500000078274
            ],
            [
              -64.37774999985027,
              45.77319399982703
            ],
            [
              -64.37980600009219,
              45.77733300016324
            ],
            [
              -64.38005600033743,
              45.79052800029417
            ],
            [
              -64.38669399961982,
              45.792056000189305
            ],
            [
              -64.38644400027286,
              45.79444400002473
            ],
            [
              -64.38258299985921,
              45.79747199988672
            ],
            [
              -64.37647199993322,
              45.79766700007587
            ],
            [
              -64.36700000008408,
              45.801721999718914
            ],
            [
              -64.35450000039773,
              45.81158299970813
            ],
            [
              -64.33305600004354,
              45.82388900025844
            ],
            [
              -64.31824999987003,
              45.827444000136936
            ],
            [
              -64.30122199977328,
              45.825638999917345
            ],
            [
              -64.29411099976456,
              45.818972000115636
            ],
            [
              -64.29424999968174,
              45.804389000014496
            ],
            [
              -64.30561100026651,
              45.79758299999133
            ],
            [
              -64.31413900010944,
              45.79502800002067
            ],
            [
              -64.32569399996467,
              45.78586100003344
            ],
            [
              -64.32675000012388,
              45.781860999941294
            ],
            [
              -64.32902800012363,
              45.78169400009833
            ],
            [
              -64.32919399980499,
              45.77874999983574
            ],
            [
              -64.33569399989341,
              45.776610999991604
            ],
            [
              -64.33919399973371,
              45.77336100006555
            ],
            [
              -64.33905599964145,
              45.7674719998629
            ],
            [
              -64.3357499999699,
              45.76586100027468
            ],
            [
              -64.33502799972155,
              45.75952799987014
            ],
            [
              -64.33236099955936,
              45.7572500002977
            ],
            [
              -64.3332500002123,
              45.75394399974975
            ],
            [
              -64.32905599971271,
              45.752556000259716
            ],
            [
              -64.32077800011506,
              45.75824999993218
            ],
            [
              -64.31769400020134,
              45.76247200026647
            ],
            [
              -64.30472199961358,
              45.76924999993813
            ],
            [
              -64.28763900016354,
              45.765721999907555
            ],
            [
              -64.27686099990994,
              45.76577800002951
            ],
            [
              -64.26930600038554,
              45.76330600011354
            ],
            [
              -64.25991700037709,
              45.763444000044764
            ],
            [
              -64.25949999972725,
              45.75672199982986
            ],
            [
              -64.2525829998873,
              45.76422200002728
            ],
            [
              -64.25511100013232,
              45.76419400013234
            ],
            [
              -64.25838900021476,
              45.768388999775254
            ],
            [
              -64.26175000013791,
              45.76922200006038
            ],
            [
              -64.27330599981804,
              45.76674999985936
            ],
            [
              -64.27894399991602,
              45.771305999993835
            ],
            [
              -64.28033300016116,
              45.77483300023901
            ],
            [
              -64.29413900025196,
              45.778333000076685
            ],
            [
              -64.30888900034898,
              45.77594399984447
            ],
            [
              -64.31233300011279,
              45.77366700014299
            ],
            [
              -64.31594400028118,
              45.76694400024905
            ],
            [
              -64.32433300020695,
              45.766610999827485
            ],
            [
              -64.32430600044277,
              45.77238900014531
            ],
            [
              -64.31933299979342,
              45.776556000048295
            ],
            [
              -64.29577799984405,
              45.785972000087085
            ],
            [
              -64.2862499999184,
              45.79450000011802
            ],
            [
              -64.27744400024113,
              45.812860999764595
            ],
            [
              -64.28108299999862,
              45.83125000015936
            ],
            [
              -64.27902799958161,
              45.83550000024412
            ],
            [
              -64.27486099974453,
              45.835639000006225
            ],
            [
              -64.2766390001521,
              45.83780599988234
            ],
            [
              -64.2791389999097,
              45.83674999987341
            ],
            [
              -64.28030600039698,
              45.83794400003869
            ],
            [
              -64.28074999991269,
              45.83502800030228
            ],
            [
              -64.28433299959369,
              45.8351390000506
            ],
            [
              -64.28449999999825,
              45.83822200014894
            ],
            [
              -64.28769400041513,
              45.839277999759766
            ],
            [
              -64.29263899967876,
              45.84413900026483
            ],
            [
              -64.29880599968124,
              45.85252799979561
            ],
            [
              -64.3108059997754,
              45.858721999793794
            ],
            [
              -64.3143330002782,
              45.859027999748356
            ],
            [
              -64.31494400019848,
              45.860861000068375
            ],
            [
              -64.32633300037234,
              45.86422200012173
            ],
            [
              -64.32458299955388,
              45.87016699981457
            ],
            [
              -64.32702799995822,
              45.87330599977422
            ],
            [
              -64.33588899988709,
              45.87758299970229
            ],
            [
              -64.3439999999785,
              45.87800000019
            ],
            [
              -64.34280599972702,
              45.879917000179994
            ],
            [
              -64.33800000038059,
              45.88066700006863
            ],
            [
              -64.34438900014091,
              45.8807499999311
            ],
            [
              -64.3460000001439,
              45.87919399985422
            ],
            [
              -64.35155600022611,
              45.879111000168926
            ],
            [
              -64.34724999957355,
              45.876833000087544
            ],
            [
              -64.35277800006668,
              45.87247200027447
            ],
            [
              -64.35774999999279,
              45.87116699983347
            ],
            [
              -64.35452799998683,
              45.87063899998381
            ],
            [
              -64.35291699998385,
              45.86744400026596
            ],
            [
              -64.35147199966221,
              45.871222000206934
            ],
            [
              -64.34491700022052,
              45.87583300007321
            ],
            [
              -64.33838899964468,
              45.875916999698525
            ],
            [
              -64.33166699979841,
              45.872722000041634
            ],
            [
              -64.33055600028595,
              45.86963899984746
            ],
            [
              -64.33191700004366,
              45.86527799974272
            ],
            [
              -64.3541110002353,
              45.85966700001955
            ],
            [
              -64.35844399975375,
              45.85658299981551
            ],
            [
              -64.36191699982987,
              45.85711099991865
            ],
            [
              -64.36875000000423,
              45.84616700011383
            ],
            [
              -64.37100000041491,
              45.84494399994919
            ],
            [
              -64.371028000004,
              45.84288900016503
            ],
            [
              -64.37483300034116,
              45.84116699970286
            ],
            [
              -64.37519400001617,
              45.83861099982898
            ],
            [
              -64.3800830001016,
              45.83830600028274
            ],
            [
              -64.38108300018432,
              45.83538899996409
            ],
            [
              -64.38952800018657,
              45.83311100003283
            ],
            [
              -64.40613899963351,
              45.82125000026926
            ],
            [
              -64.41938900005562,
              45.801472000155904
            ],
            [
              -64.42308300006468,
              45.792694000227094
            ],
            [
              -64.42652799965342,
              45.79013899971821
            ],
            [
              -64.4358060002321,
              45.78591699998092
            ],
            [
              -64.44191700015811,
              45.7849170001485
            ],
            [
              -64.44836100017004,
              45.78169400009833
            ],
            [
              -64.4484719995998,
              45.77938899983853
            ],
            [
              -64.46791699961351,
              45.770806000052325
            ],
            [
              -64.47047199962269,
              45.77158300007972
            ],
            [
              -64.47494399995662,
              45.76758300018206
            ],
            [
              -64.47763899970789,
              45.7674719998629
            ],
            [
              -64.48586100012737,
              45.76263900002059
            ],
            [
              -64.49097199997067,
              45.753138999927614
            ],
            [
              -64.49088900013001,
              45.7500559998776
            ],
            [
              -64.4837220000448,
              45.746999999937806
            ],
            [
              -64.48050000003884,
              45.74263899983106
            ],
            [
              -64.48252799979335,
              45.7391940002238
            ],
            [
              -64.49361099964547,
              45.7348609999942
            ],
            [
              -64.48980600020663,
              45.73027799998441
            ],
            [
              -64.49199999964247,
              45.726888999924405
            ],
            [
              -64.49911099965118,
              45.72422200013942
            ],
            [
              -64.50486099990216,
              45.72586099998209
            ],
            [
              -64.51322200023883,
              45.72077799980095
            ],
            [
              -64.52769399960317,
              45.72258299987259
            ],
            [
              -64.52844400033894,
              45.72583300028021
            ],
            [
              -64.53611100001635,
              45.72230599986017
            ],
            [
              -64.55191700027257,
              45.725056000289996
            ],
            [
              -64.55480600019258,
              45.728332999957
            ],
            [
              -64.55244399962892,
              45.73208299974113
            ],
            [
              -64.55011100027589,
              45.73258299996023
            ],
            [
              -64.55138900019294,
              45.73455599969788
            ],
            [
              -64.53397199993377,
              45.740166999824936
            ],
            [
              -64.52272199967706,
              45.752027999882
            ],
            [
              -64.52227800016135,
              45.75991699969274
            ],
            [
              -64.5235560000784,
              45.76186099989689
            ],
            [
              -64.52180600015825,
              45.769694000148895
            ],
            [
              -64.51619399999953,
              45.77338899974522
            ],
            [
              -64.51413899958253,
              45.779222000109286
            ],
            [
              -64.50752800006434,
              45.785499999950446
            ],
            [
              -64.50361099957419,
              45.79761100003359
            ],
            [
              -64.49188900021271,
              45.805639000067856
            ],
            [
              -64.4924440000565,
              45.81055599972433
            ],
            [
              -64.50383300023037,
              45.81863899989235
            ],
            [
              -64.51275000023573,
              45.83338899987804
            ],
            [
              -64.51891700023822,
              45.838332999784704
            ],
            [
              -64.5286390003326,
              45.8401390002137
            ],
            [
              -64.53169399993399,
              45.84483299973513
            ],
            [
              -64.53819400002241,
              45.84880600015769
            ],
            [
              -64.53905600001286,
              45.85308300008602
            ],
            [
              -64.54472199969995,
              45.85747200019495
            ],
            [
              -64.5460280001044,
              45.86883300025005
            ],
            [
              -64.54258299961735,
              45.87413899981392
            ],
            [
              -64.5408329996972,
              45.88261099986706
            ],
            [
              -64.54436100002492,
              45.88816699989506
            ],
            [
              -64.54430599977334,
              45.89205599970953
            ],
            [
              -64.54994399987133,
              45.892306000151244
            ],
            [
              -64.54827799961676,
              45.88227800023038
            ],
            [
              -64.54927799969946,
              45.877193999888995
            ],
            [
              -64.55419400044738,
              45.87488900013904
            ],
            [
              -64.55519399963178,
              45.87208299970895
            ],
            [
              -64.55961099971412,
              45.869110999868624
            ],
            [
              -64.56172200020762,
              45.868499999981445
            ],
            [
              -64.56808300037888,
              45.87074999998483
            ],
            [
              -64.58541699989908,
              45.88427799979591
            ],
            [
              -64.60227799959127,
              45.9045830001828
            ],
            [
              -64.61047200042168,
              45.919193999918214
            ],
            [
              -64.61363900017605,
              45.92916699975473
            ],
            [
              -64.61677800034133,
              45.93327800027612
            ],
            [
              -64.61591700017583,
              45.934666999877415
            ],
            [
              -64.63005600035255,
              45.944083000296494
            ],
            [
              -64.63688899962858,
              45.95169399998972
            ],
            [
              -64.65527800038139,
              45.960861000087064
            ],
            [
              -64.65569400030802,
              45.96313899986358
            ],
            [
              -64.66902800039571,
              45.97413899975616
            ],
            [
              -64.67836100032767,
              45.97594400023086
            ],
            [
              -64.67836100032767,
              45.96983299978803
            ],
            [
              -64.66997200040193,
              45.95927799995949
            ],
            [
              -64.66277799965421,
              45.95383300012232
            ],
            [
              -64.66261100014795,
              45.948694000100126
            ],
            [
              -64.66147200014808,
              45.951389000065866
            ],
            [
              -64.65925000022482,
              45.950806000017394
            ],
            [
              -64.6449720001309,
              45.941750000009975
            ],
            [
              -64.63686100003949,
              45.933471999858284
            ],
            [
              -64.63338899978828,
              45.9321390000166
            ],
            [
              -64.63094400028224,
              45.92605599998398
            ],
            [
              -64.6291669996996,
              45.92505600007881
            ],
            [
              -64.62863899962,
              45.9132779998211
            ],
            [
              -64.6266109998655,
              45.91108299974662
            ],
            [
              -64.62591700010454,
              45.9064169996978
            ],
            [
              -64.62322200035328,
              45.90411100018198
            ],
            [
              -64.62252799969401,
              45.89988900026575
            ],
            [
              -64.61830599960534,
              45.89583299980614
            ],
            [
              -64.61569399969474,
              45.89022199974046
            ],
            [
              -64.61194399960917,
              45.887861000267186
            ],
            [
              -64.60961100025614,
              45.88355599984829
            ],
            [
              -64.59975000024457,
              45.873472000101046
            ],
            [
              -64.5832500002274,
              45.86569399975361
            ],
            [
              -64.57033299989122,
              45.851305999819445
            ],
            [
              -64.56816700004445,
              45.843999999833436
            ],
            [
              -64.56844400005389,
              45.83422200029883
            ],
            [
              -64.5745559998048,
              45.81791700006613
            ],
            [
              -64.57741700013577,
              45.8150830000949
            ],
            [
              -64.58305600005865,
              45.81591700012016
            ],
            [
              -64.58591700038959,
              45.813306000113435
            ],
            [
              -64.59180599965941,
              45.81333299984714
            ],
            [
              -64.59058299999394,
              45.81055599972433
            ],
            [
              -64.59408299983427,
              45.806722000248726
            ],
            [
              -64.60255600032394,
              45.799166999769525
            ],
            [
              -64.60866700024992,
              45.79847199994445
            ],
            [
              -64.60805600032964,
              45.79577800003682
            ],
            [
              -64.62758300035911,
              45.781056000072645
            ],
            [
              -64.6301109997058,
              45.77563899970036
            ],
            [
              -64.63263899995081,
              45.773417000037334
            ],
            [
              -64.63502800027867,
              45.773971999794355
            ],
            [
              -64.64511100004808,
              45.76347199968943
            ],
            [
              -64.64569400037925,
              45.761110999781046
            ],
            [
              -64.6481110002962,
              45.76058300012502
            ],
            [
              -64.64911100037891,
              45.75838900011419
            ],
            [
              -64.65163899972559,
              45.75830600003361
            ],
            [
              -64.651110999646,
              45.75652800024523
            ],
            [
              -64.65291699964264,
              45.7538890000186
            ],
            [
              -64.66452799957436,
              45.749083000238215
            ],
            [
              -64.66711100007096,
              45.74516700021494
            ],
            [
              -64.6802779997541,
              45.746610999712985
            ],
            [
              -64.69569400002297,
              45.73786099999023
            ],
            [
              -64.69102800041858,
              45.73750000017226
            ],
            [
              -64.6853610000083,
              45.741749999753424
            ],
            [
              -64.68249999967733,
              45.74105600003104
            ],
            [
              -64.67627800032157,
              45.743306000140656
            ],
            [
              -64.66908299974897,
              45.74077800012173
            ],
            [
              -64.66300000031039,
              45.73383300004806
            ],
            [
              -64.66149999973717,
              45.729638999870815
            ],
            [
              -64.65805599997334,
              45.72975000020323
            ],
            [
              -64.64986100021635,
              45.725000000065286
            ],
            [
              -64.6449439996435,
              45.7241669999716
            ],
            [
              -64.64361100037318,
              45.71788899981614
            ],
            [
              -64.65261100021921,
              45.71594399994248
            ],
            [
              -64.65519399981748,
              45.71766700008687
            ],
            [
              -64.65194400022243,
              45.72086099986857
            ],
            [
              -64.65336100005668,
              45.722556000076715
            ],
            [
              -64.67069399975195,
              45.72658299976572
            ],
            [
              -64.68522200009112,
              45.72052799978153
            ],
            [
              -64.68511099976304,
              45.717528000104
            ],
            [
              -64.68763900000803,
              45.71666699971205
            ],
            [
              -64.68911100009387,
              45.713333000212515
            ],
            [
              -64.69258300034508,
              45.713277999988534
            ],
            [
              -64.68933299985171,
              45.71069399979473
            ],
            [
              -64.69338900025903,
              45.705000000076176
            ],
            [
              -64.6934720000997,
              45.70247200014268
            ],
            [
              -64.6884170003329,
              45.70169400022687
            ],
            [
              -64.69008299968915,
              45.69836099981068
            ],
            [
              -64.69019400001724,
              45.68977800023683
            ],
            [
              -64.70119400002868,
              45.674639000236596
            ],
            [
              -64.71988900020493,
              45.656638999904736
            ],
            [
              -64.72544399956391,
              45.65433300003747
            ],
            [
              -64.72622199988878,
              45.65550000011579
            ],
            [
              -64.72436099964054,
              45.65897200000371
            ],
            [
              -64.72866700029311,
              45.65336099984786
            ],
            [
              -64.7419439995811,
              45.64402799988768
            ],
            [
              -64.74175000031066,
              45.63886100023379
            ],
            [
              -64.74927800007086,
              45.634083000112476
            ],
            [
              -64.75536100040777,
              45.62533300002156
            ],
            [
              -64.75919400033402,
              45.62327799998654
            ],
            [
              -64.7669999999286,
              45.61488900004032
            ],
            [
              -64.77905600009925,
              45.59486099974208
            ],
            [
              -64.78094400011166,
              45.59494399997707
            ],
            [
              -64.78433299962389,
              45.599167000154374
            ],
            [
              -64.78761099970635,
              45.59730600025198
            ],
            [
              -64.79066700003095,
              45.59880599976424
            ],
            [
              -64.7884169996203,
              45.61255600002136
            ],
            [
              -64.79483300004313,
              45.61994399985729
            ],
            [
              -64.8113890001368,
              45.62813899982631
            ],
            [
              -64.82102800039051,
              45.630889000244935
            ],
            [
              -64.82730599982277,
              45.62913900022736
            ],
            [
              -64.82983300024289,
              45.62658299984272
            ],
            [
              -64.83677799967191,
              45.626750000057676
            ],
            [
              -64.85688899985747,
              45.63333300027182
            ],
            [
              -64.86558300028008,
              45.633417000124986
            ],
            [
              -64.87530600019937,
              45.629055999698906
            ],
            [
              -64.88169400013481,
              45.62333300013089
            ],
            [
              -64.88863899956385,
              45.6208059999067
            ],
            [
              -64.89480599956634,
              45.61316700028698
            ],
            [
              -64.90091700039066,
              45.61083299986122
            ],
            [
              -64.90344399991244,
              45.60822200019568
            ],
            [
              -64.92663900001172,
              45.60322199995372
            ],
            [
              -64.93344399969865,
              45.59988900025206
            ],
            [
              -64.94416699970068,
              45.60166699973787
            ],
            [
              -64.948110999955,
              45.59769399998293
            ],
            [
              -64.95158300020621,
              45.59044400015344
            ],
            [
              -64.96413899996905,
              45.58152799971775
            ],
            [
              -64.96661100013756,
              45.57749999979322
            ],
            [
              -64.96502799972369,
              45.57666700002269
            ],
            [
              -64.96583299981272,
              45.568832999870715
            ],
            [
              -64.96786099956721,
              45.56672199980147
            ],
            [
              -64.97430600030238,
              45.56488899995015
            ],
            [
              -64.97558300039452,
              45.5615559998698
            ],
            [
              -64.9970829999269,
              45.55558299990468
            ],
            [
              -65.01002799985217,
              45.5496109999866
            ],
            [
              -65.0174719999468,
              45.5436939998641
            ],
            [
              -65.0216670002713,
              45.5428890002224
            ],
            [
              -65.02091700043384,
              45.546194000026915
            ],
            [
              -65.03083299979868,
              45.5395830001179
            ],
            [
              -65.04675000038297,
              45.53872199971173
            ],
            [
              -65.04838899997506,
              45.53708299981295
            ],
            [
              -65.0608610000723,
              45.53538899986557
            ],
            [
              -65.07502799983813,
              45.531221999806284
            ],
            [
              -65.07833299968478,
              45.52872199970741
            ],
            [
              -65.08465412004729,
              45.527888999734024
            ],
            [
              -65.04936499976831,
              45.43340999988925
            ],
            [
              -65.16603300020067,
              45.25007899989284
            ],
            [
              -65.92438199998877,
              44.93341200030364
            ],
            [
              -65.8939707002615,
              44.62908208028028
            ],
            [
              -65.89033300036625,
              44.630639000304434
            ],
            [
              -65.88833300020083,
              44.63388900027319
            ],
            [
              -65.87966700026563,
              44.635667000253335
            ],
            [
              -65.87444400026935,
              44.642944000218435
            ],
            [
              -65.86747200017783,
              44.64647199973869
            ],
            [
              -65.86363900025158,
              44.64652799998952
            ],
            [
              -65.86194399968471,
              44.64969400014763
            ],
            [
              -65.85283300040888,
              44.650056000106844
            ],
            [
              -65.85227799966681,
              44.652861000138785
            ],
            [
              -65.8492499998296,
              44.65327800017178
            ],
            [
              -65.84080599965226,
              44.65908299977956
            ],
            [
              -65.83433300022632,
              44.6664719998874
            ],
            [
              -65.82952799980646,
              44.66605600005218
            ],
            [
              -65.82766699955822,
              44.67063899997525
            ],
            [
              -65.80980599978332,
              44.67586100031905
            ],
            [
              -65.80583300011502,
              44.683333000106515
            ],
            [
              -65.79911100026872,
              44.68824999968872
            ],
            [
              -65.79577799993467,
              44.68838900012661
            ],
            [
              -65.78691700000581,
              44.69305599972367
            ],
            [
              -65.78080600007982,
              44.692360999749546
            ],
            [
              -65.77616700023962,
              44.685944000003694
            ],
            [
              -65.76988899990904,
              44.683888999789275
            ],
            [
              -65.76588899957822,
              44.68072200005456
            ],
            [
              -65.76399999974089,
              44.671222000005514
            ],
            [
              -65.75988899998032,
              44.667139000237434
            ],
            [
              -65.7573330001462,
              44.65897199982057
            ],
            [
              -65.75466699980893,
              44.641360999879076
            ],
            [
              -65.75677800030242,
              44.633667000228876
            ],
            [
              -65.76402800022831,
              44.63130599986821
            ],
            [
              -65.75622199973542,
              44.630639000304434
            ],
            [
              -65.75405599988865,
              44.62880600018248
            ],
            [
              -65.75519400006363,
              44.624166999784016
            ],
            [
              -65.75233299973267,
              44.62124999987149
            ],
            [
              -65.7507500002171,
              44.614777999961724
            ],
            [
              -65.7532779995638,
              44.6123610000174
            ],
            [
              -65.76133299957871,
              44.610167000044285
            ],
            [
              -65.76663900031399,
              44.605527999800834
            ],
            [
              -65.76658300023749,
              44.60272200021798
            ],
            [
              -65.75900000022567,
              44.60491700028899
            ],
            [
              -65.75199999964676,
              44.60158300021208
            ],
            [
              -65.74894400022045,
              44.601721999959715
            ]
          ]
        ]
      }
    },
    {
      "type": "Feature",
      "properties": {
        "LFA": "36",
        "MLS": "82.5",
        "name": "LFA 36"
      },
      "geometry": {
        "type": "Polygon",
        "coordinates": [
          [
            [
              -66.90254400040801,
              44.77656599978864
            ],
            [
              -66.84524600025955,
              44.833411000055875
            ],
            [
              -66.74940700006314,
              44.93341000026404
            ],
            [
              -66.26605799966285,
              44.93341000026404
            ],
            [
              -66.20772099997193,
              44.83341200022285
            ],
            [
              -65.92438199998877,
              44.93341200030364
            ],
            [
              -65.16603300020067,
              45.25007899989284
            ],
            [
              -65.04936499976831,
              45.43340999988925
            ],
            [
              -65.08381199977408,
              45.52646399983038
            ],
            [
              -65.08465412004729,
              45.527888999734024
            ],
            [
              -65.0941670004284,
              45.52791700030896
            ],
            [
              -65.09666700018599,
              45.525416999949705
            ],
            [
              -65.11833300029804,
              45.526193999722395
            ],
            [
              -65.12088900013214,
              45.52455599977723
            ],
            [
              -65.12916699972982,
              45.52458300006611
            ],
            [
              -65.13916699965856,
              45.52205599984148
            ],
            [
              -65.15002799975282,
              45.51291699969756
            ],
            [
              -65.15499999967894,
              45.51122199995108
            ],
            [
              -65.16833299994174,
              45.51119399987988
            ],
            [
              -65.1833890003605,
              45.50458300024444
            ],
            [
              -65.18961099971627,
              45.49999999997403
            ],
            [
              -65.19086100004422,
              45.496250000312116
            ],
            [
              -65.1929719996394,
              45.49666700019844
            ],
            [
              -65.19422199996735,
              45.492888999864654
            ],
            [
              -65.19675000021238,
              45.499583000214216
            ],
            [
              -65.19624999972187,
              45.4933060000804
            ],
            [
              -65.19088899963332,
              45.491222000262084
            ],
            [
              -65.18669400020713,
              45.492056000251324
            ],
            [
              -65.18758299996178,
              45.48958299993816
            ],
            [
              -65.20588899997558,
              45.49452799969728
            ],
            [
              -65.22255600039733,
              45.48786100013903
            ],
            [
              -65.22997200000455,
              45.487055999970565
            ],
            [
              -65.23830599967873,
              45.4820829997667
            ],
            [
              -65.24250000017831,
              45.482917000291465
            ],
            [
              -65.24919400043548,
              45.4779170000547
            ],
            [
              -65.270027999796,
              45.47458300010903
            ],
            [
              -65.27338899971915,
              45.47122200003831
            ],
            [
              -65.2771389998047,
              45.47166700023045
            ],
            [
              -65.27625000005008,
              45.47333299991128
            ],
            [
              -65.27750000037805,
              45.47622199971562
            ],
            [
              -65.27838900013266,
              45.472082999705535
            ],
            [
              -65.29424999974215,
              45.46875000025169
            ],
            [
              -65.30422200008181,
              45.46041699972263
            ],
            [
              -65.3425279999531,
              45.44958299987358
            ],
            [
              -65.34541699987314,
              45.444999999770936
            ],
            [
              -65.3558059999643,
              45.4353610001656
            ],
            [
              -65.36749999973671,
              45.431222000172696
            ],
            [
              -65.37002799998172,
              45.42786099989
            ],
            [
              -65.3833889998336,
              45.42708299987227
            ],
            [
              -65.38752800008159,
              45.42286099979895
            ],
            [
              -65.39502800025271,
              45.42208300022563
            ],
            [
              -65.39586099993083,
              45.42041700009524
            ],
            [
              -65.40333299961458,
              45.42041700009524
            ],
            [
              -65.41163899969965,
              45.41372200010359
            ],
            [
              -65.43338900037558,
              45.4078889997102
            ],
            [
              -65.44083299957192,
              45.40374999981665
            ],
            [
              -65.44838899981956,
              45.402027999802925
            ],
            [
              -65.4520829998286,
              45.3991389997404
            ],
            [
              -65.45297199958326,
              45.389999999892694
            ],
            [
              -65.45544399975175,
              45.38502799973689
            ],
            [
              -65.46166699983074,
              45.38288900014458
            ],
            [
              -65.47172200001108,
              45.37541700010037
            ],
            [
              -65.492471999706,
              45.369583000253556
            ],
            [
              -65.5041939999658,
              45.36875000014192
            ],
            [
              -65.51505599988499,
              45.362917000308734
            ],
            [
              -65.5174999995661,
              45.35788900029465
            ],
            [
              -65.52338899973424,
              45.35708300007412
            ],
            [
              -65.52583300031367,
              45.359528000242086
            ],
            [
              -65.5308889999054,
              45.35788900029465
            ],
            [
              -65.5333610000739,
              45.3587500000929
            ],
            [
              -65.5404439995952,
              45.352472000027184
            ],
            [
              -65.54297199984022,
              45.34749999986255
            ],
            [
              -65.54461100033059,
              45.335000000262916
            ],
            [
              -65.54422200016818,
              45.33202799974901
            ],
            [
              -65.54086100024504,
              45.33291699977225
            ],
            [
              -65.53627799958302,
              45.32997199990149
            ],
            [
              -65.53630600007044,
              45.32499999978333
            ],
            [
              -65.54666699967419,
              45.32122200014773
            ],
            [
              -65.55419399960951,
              45.32122200014773
            ],
            [
              -65.55544399993747,
              45.31994400007782
            ],
            [
              -65.55455600000775,
              45.316666999960034
            ],
            [
              -65.55669400026542,
              45.31375000005231
            ],
            [
              -65.57086100003126,
              45.307888999770164
            ],
            [
              -65.58252800003946,
              45.306250000143415
            ],
            [
              -65.58336099971758,
              45.30875000003336
            ],
            [
              -65.59333300005724,
              45.310417000006666
            ],
            [
              -65.5992220002254,
              45.30622199999943
            ],
            [
              -65.6125000002366,
              45.304583000191
            ],
            [
              -65.63000000033647,
              45.29625000003408
            ],
            [
              -65.64508299962111,
              45.29458299988556
            ],
            [
              -65.65088899994858,
              45.29205599981166
            ],
            [
              -65.65755600044157,
              45.29955600027034
            ],
            [
              -65.65958300037117,
              45.296638999936846
            ],
            [
              -65.6541939997952,
              45.29374999994167
            ],
            [
              -65.65752799995417,
              45.29372199994342
            ],
            [
              -65.6666390001283,
              45.28625000011924
            ],
            [
              -65.67336099997456,
              45.284611000014934
            ],
            [
              -65.67336099997456,
              45.281249999813305
            ],
            [
              -65.67663900005704,
              45.28208300004391
            ],
            [
              -65.68005600005667,
              45.28038899973466
            ],
            [
              -65.6833330003142,
              45.276193999840835
            ],
            [
              -65.68802800023089,
              45.28250000027692
            ],
            [
              -65.68841700039333,
              45.28538900007705
            ],
            [
              -65.69249999966651,
              45.282111000099455
            ],
            [
              -65.71502799976899,
              45.2787219998849
            ],
            [
              -65.71711099977509,
              45.27997199978814
            ],
            [
              -65.71586100034544,
              45.28788900026931
            ],
            [
              -65.71877799985457,
              45.2858330002729
            ],
            [
              -65.719611000431,
              45.27997199978814
            ],
            [
              -65.72880600027072,
              45.27249999985108
            ],
            [
              -65.73213899970644,
              45.265777999832146
            ],
            [
              -65.72963899994882,
              45.25744400005206
            ],
            [
              -65.73836099996052,
              45.2537500002332
            ],
            [
              -65.75080600029361,
              45.25372200009659
            ],
            [
              -65.762500000066,
              45.259556000205116
            ],
            [
              -65.7691390000716,
              45.25625000005935
            ],
            [
              -65.7717219996699,
              45.25877800003937
            ],
            [
              -65.78088899992048,
              45.25958300029578
            ],
            [
              -65.78216699983753,
              45.260805999887296
            ],
            [
              -65.78130599967201,
              45.263332999725776
            ],
            [
              -65.78505599975757,
              45.26536099999806
            ],
            [
              -65.79163899968668,
              45.26458299971198
            ],
            [
              -65.79419399969588,
              45.26205599987081
            ],
            [
              -65.79836100043129,
              45.26458299971198
            ],
            [
              -65.80750000019448,
              45.26122199999825
            ],
            [
              -65.81002800043949,
              45.2612779998169
            ],
            [
              -65.81091700019411,
              45.26288899986514
            ],
            [
              -65.81130600035654,
              45.2591670001901
            ],
            [
              -65.81797200012633,
              45.253361000283306
            ],
            [
              -65.81799999971541,
              45.24911099993782
            ],
            [
              -65.82249999963844,
              45.245417000110386
            ],
            [
              -65.82833299973007,
              45.24538900029289
            ],
            [
              -65.83505600029959,
              45.23875000012809
            ],
            [
              -65.8400559998148,
              45.23708300010893
            ],
            [
              -65.84299999998642,
              45.234167000085776
            ],
            [
              -65.8421670003083,
              45.227471999959064
            ],
            [
              -65.85422199975571,
              45.2162780001055
            ],
            [
              -65.85749999983818,
              45.21702799971617
            ],
            [
              -65.86500000000932,
              45.21038899972499
            ],
            [
              -65.87583299961618,
              45.205444000311694
            ],
            [
              -65.89172199971306,
              45.199555999888005
            ],
            [
              -65.89752800004052,
              45.199583000011195
            ],
            [
              -65.90669399956793,
              45.195388999695666
            ],
            [
              -65.92502800006915,
              45.19788899993797
            ],
            [
              -65.92877800015471,
              45.201694000315705
            ],
            [
              -65.92797200024077,
              45.209138999993606
            ],
            [
              -65.93172200032633,
              45.21208299973256
            ],
            [
              -65.9441940004236,
              45.21208299973256
            ],
            [
              -65.94422200001269,
              45.21455599992938
            ],
            [
              -65.94750000009515,
              45.21372199996248
            ],
            [
              -65.95252800009776,
              45.215360999785645
            ],
            [
              -65.95294400002437,
              45.2174719999423
            ],
            [
              -65.95047199985585,
              45.22086099996563
            ],
            [
              -65.95544399978198,
              45.22499999994923
            ],
            [
              -65.95502799985537,
              45.22794399981459
            ],
            [
              -65.96005599985799,
              45.22208300030368
            ],
            [
              -65.96833299963075,
              45.21958300019462
            ],
            [
              -65.9741940002098,
              45.21372199996248
            ],
            [
              -65.98250000029489,
              45.2087500002732
            ],
            [
              -65.99088900022063,
              45.20955599998505
            ],
            [
              -65.9967220003123,
              45.21791700029746
            ],
            [
              -66.01002799991258,
              45.21705600022052
            ],
            [
              -66.01208300032958,
              45.22250000029715
            ],
            [
              -66.01127800024054,
              45.22830600007742
            ],
            [
              -66.00755599974406,
              45.232889000209155
            ],
            [
              -66.00211099998994,
              45.23497199999809
            ],
            [
              -66.00297200015547,
              45.23911099982171
            ],
            [
              -66.00625000023793,
              45.24080599999506
            ],
            [
              -66.00294399966806,
              45.2425000002044
            ],
            [
              -66.0028890003148,
              45.24494399994024
            ],
            [
              -66.01961100008981,
              45.25497199983872
            ],
            [
              -66.01627799975574,
              45.256610999846174
            ],
            [
              -66.01627799975574,
              45.25833300024653
            ],
            [
              -66.01749999959631,
              45.26122199999825
            ],
            [
              -66.02372199985038,
              45.26413900014338
            ],
            [
              -66.02291699976136,
              45.27077799987615
            ],
            [
              -66.03586099986173,
              45.27044399974283
            ],
            [
              -66.03963900043469,
              45.26666699978049
            ],
            [
              -66.0395559996957,
              45.263332999725776
            ],
            [
              -66.04416699994681,
              45.257111000246304
            ],
            [
              -66.04630600002938,
              45.25997199999001
            ],
            [
              -66.04047200011281,
              45.26919399984382
            ],
            [
              -66.03922199978487,
              45.274528000082555
            ],
            [
              -66.04752799986994,
              45.27372199988275
            ],
            [
              -66.0462780004403,
              45.26666699978049
            ],
            [
              -66.04916700036033,
              45.26374999991453
            ],
            [
              -66.05419399963972,
              45.26205599987081
            ],
            [
              -66.05752799979868,
              45.26208300003722
            ],
            [
              -66.06666699956189,
              45.2712499997151
            ],
            [
              -66.06961099973351,
              45.267499999767004
            ],
            [
              -66.06044400038121,
              45.26163899988515
            ],
            [
              -66.06047199997029,
              45.25833300024653
            ],
            [
              -66.06294400013881,
              45.25583299979981
            ],
            [
              -66.06377799964186,
              45.24749999982789
            ],
            [
              -66.05663900004404,
              45.241193999887386
            ],
            [
              -66.05291700044589,
              45.24002799976608
            ],
            [
              -66.05499999955366,
              45.23702799993175
            ],
            [
              -66.05830600012354,
              45.23708300010893
            ],
            [
              -66.05999999996719,
              45.242083000187606
            ],
            [
              -66.06755600021482,
              45.246222000029626
            ],
            [
              -66.09172200008447,
              45.24375000025548
            ],
            [
              -66.10461099993326,
              45.23663899995379
            ],
            [
              -66.09961100041804,
              45.23166699997793
            ],
            [
              -66.09711099976211,
              45.22663899990359
            ],
            [
              -66.09836100009008,
              45.224556000298364
            ],
            [
              -66.12672200028422,
              45.22372200020686
            ],
            [
              -66.13130599987282,
              45.219139000000055
            ],
            [
              -66.12797199971385,
              45.214999999839655
            ],
            [
              -66.12916699979024,
              45.21372199996248
            ],
            [
              -66.13416700020377,
              45.21375000019619
            ],
            [
              -66.13627799979893,
              45.211666999824374
            ],
            [
              -66.1379719996426,
              45.205832999856106
            ],
            [
              -66.14088900005005,
              45.203721999956585
            ],
            [
              -66.14377799997008,
              45.20580600016725
            ],
            [
              -66.14547199981374,
              45.21247200007314
            ],
            [
              -66.13755599971599,
              45.21708300026441
            ],
            [
              -66.13458300013036,
              45.2216939999012
            ],
            [
              -66.14502800029803,
              45.222861000083824
            ],
            [
              -66.14583300038707,
              45.22122200003547
            ],
            [
              -66.15416700006124,
              45.22122200003547
            ],
            [
              -66.15291699973329,
              45.21580600020806
            ],
            [
              -66.16086100031843,
              45.21377799978333
            ],
            [
              -66.16630600007255,
              45.20333299990175
            ],
            [
              -66.1641390004009,
              45.199555999888005
            ],
            [
              -66.16252800039791,
              45.20124999970346
            ],
            [
              -66.15961099999046,
              45.200027999820506
            ],
            [
              -66.15874999982495,
              45.194166999912916
            ],
            [
              -66.15711100023286,
              45.19333299978999
            ],
            [
              -66.16008299999356,
              45.187055999694664
            ],
            [
              -66.15166700030365,
              45.192056000166076
            ],
            [
              -66.14963899965082,
              45.19086100018257
            ],
            [
              -66.14797199957135,
              45.188306000312686
            ],
            [
              -66.1487499998962,
              45.18077800024487
            ],
            [
              -66.1716939999253,
              45.16625000028062
            ],
            [
              -66.17919400009643,
              45.16369399972804
            ],
            [
              -66.18675000034405,
              45.15788899992862
            ],
            [
              -66.19166700001861,
              45.156221999741
            ],
            [
              -66.19922200044131,
              45.1571110002776
            ],
            [
              -66.20419400036744,
              45.15294400018024
            ],
            [
              -66.20750000003898,
              45.152917000106896
            ],
            [
              -66.21425000037267,
              45.14622199985199
            ],
            [
              -66.21836100013326,
              45.14538899984922
            ],
            [
              -66.22252799997035,
              45.141221999976935
            ],
            [
              -66.22544399965457,
              45.14247199987207
            ],
            [
              -66.2258889998935,
              45.14541700012687
            ],
            [
              -66.24336100040426,
              45.1429170000603
            ],
            [
              -66.23963899990778,
              45.15163900016434
            ],
            [
              -66.23377800022706,
              45.15583299999878
            ],
            [
              -66.23380599981614,
              45.16166700028787
            ],
            [
              -66.22713900022144,
              45.169166999992974
            ],
            [
              -66.23002800014149,
              45.16958299968927
            ],
            [
              -66.2354720000707,
              45.17416699984672
            ],
            [
              -66.2350000000676,
              45.17541699977358
            ],
            [
              -66.23258300015067,
              45.17455599980096
            ],
            [
              -66.23211100014757,
              45.17666700012546
            ],
            [
              -66.23922200015627,
              45.177056000099896
            ],
            [
              -66.23997199999371,
              45.18125000016097
            ],
            [
              -66.2467220003274,
              45.18038899973644
            ],
            [
              -66.25000000040987,
              45.18458299996057
            ],
            [
              -66.2600279999277,
              45.187916999958546
            ],
            [
              -66.26250000009621,
              45.19208300004959
            ],
            [
              -66.2650829996945,
              45.19208300004959
            ],
            [
              -66.27002799985644,
              45.195417000091815
            ],
            [
              -66.27663900027295,
              45.195388999695666
            ],
            [
              -66.27922199987123,
              45.197056000089056
            ],
            [
              -66.28166700027555,
              45.197056000089056
            ],
            [
              -66.2825560000302,
              45.195417000091815
            ],
            [
              -66.28583300028774,
              45.196221999892565
            ],
            [
              -66.2849720001222,
              45.19369399988222
            ],
            [
              -66.29419399972609,
              45.188722000119405
            ],
            [
              -66.29752799988505,
              45.191250000042245
            ],
            [
              -66.2988059998021,
              45.186667000295
            ],
            [
              -66.30547199957186,
              45.179167000197424
            ],
            [
              -66.30627800038414,
              45.17580600005482
            ],
            [
              -66.30752799981377,
              45.17458299975293
            ],
            [
              -66.31169399982596,
              45.17541699977358
            ],
            [
              -66.31208299998838,
              45.17416699984672
            ],
            [
              -66.30922199965744,
              45.17124999971496
            ],
            [
              -66.30422200014223,
              45.16958299968927
            ],
            [
              -66.29375000021038,
              45.17744400007249
            ],
            [
              -66.29252800036983,
              45.18125000016097
            ],
            [
              -66.28422200028476,
              45.18208300025116
            ],
            [
              -66.28377799987074,
              45.18500000012825
            ],
            [
              -66.27794399995418,
              45.18833300007586
            ],
            [
              -66.28130599970223,
              45.18916700002909
            ],
            [
              -66.2804169999476,
              45.19086100018257
            ],
            [
              -66.27422200035602,
              45.19372199984629
            ],
            [
              -66.2712780001844,
              45.19252800027074
            ],
            [
              -66.27294400043897,
              45.18997200023831
            ],
            [
              -66.27091699961106,
              45.188722000119405
            ],
            [
              -66.26499999985381,
              45.19041699987167
            ],
            [
              -66.26252799968532,
              45.18955600007084
            ],
            [
              -66.2553890000875,
              45.18333299989906
            ],
            [
              -66.25294399968318,
              45.179167000197424
            ],
            [
              -66.25297200017057,
              45.17166700000887
            ],
            [
              -66.25672200025613,
              45.169528000081804
            ],
            [
              -66.25922200001374,
              45.164555999969124
            ],
            [
              -66.26252799968532,
              45.1629170002981
            ],
            [
              -66.26672200018488,
              45.1629170002981
            ],
            [
              -66.27000000026734,
              45.1670559996937
            ],
            [
              -66.27172199970009,
              45.16708300003454
            ],
            [
              -66.27297200002806,
              45.16413900018424
            ],
            [
              -66.26544400026782,
              45.15916699970374
            ],
            [
              -66.26463900017878,
              45.15583299999878
            ],
            [
              -66.25922200001374,
              45.14952799973457
            ],
            [
              -66.25333299984558,
              45.14711099989231
            ],
            [
              -66.25333299984558,
              45.142083000054555
            ],
            [
              -66.26502800034122,
              45.14458299994496
            ],
            [
              -66.26672200018488,
              45.14124999976672
            ],
            [
              -66.27666699986204,
              45.137083000264596
            ],
            [
              -66.2891670004467,
              45.13458299976013
            ],
            [
              -66.29755600037244,
              45.142888999821935
            ],
            [
              -66.2987499997256,
              45.141666999783794
            ],
            [
              -66.29833299997408,
              45.132056000109685
            ],
            [
              -66.31341699998194,
              45.129555999774084
            ],
            [
              -66.31549999998803,
              45.13080600001396
            ],
            [
              -66.31630599990197,
              45.13580600014744
            ],
            [
              -66.31836100031896,
              45.13705600028217
            ],
            [
              -66.32291700031848,
              45.12913899991356
            ],
            [
              -66.32216699958272,
              45.1283329997143
            ],
            [
              -66.32999999983979,
              45.122917000279884
            ],
            [
              -66.33422199992843,
              45.122888999728055
            ],
            [
              -66.3391670000904,
              45.12541700004521
            ],
            [
              -66.34461100001961,
              45.13166700020791
            ],
            [
              -66.34588899993666,
              45.1353889997228
            ],
            [
              -66.35130600010172,
              45.13163900014845
            ],
            [
              -66.34963900002224,
              45.12583299971295
            ],
            [
              -66.35544399962649,
              45.12247199993415
            ],
            [
              -66.34997200010818,
              45.12041699998308
            ],
            [
              -66.34875000026761,
              45.11916700027372
            ],
            [
              -66.34999999969726,
              45.11788899996665
            ],
            [
              -66.3600280001134,
              45.1162500002124
            ],
            [
              -66.36124999995394,
              45.11747199976031
            ],
            [
              -66.3604719996291,
              45.12080599991189
            ],
            [
              -66.3650829998802,
              45.12208299995499
            ],
            [
              -66.36627799995658,
              45.120832999981225
            ],
            [
              -66.36374999971156,
              45.11919399985089
            ],
            [
              -66.36413899987399,
              45.11786100011666
            ],
            [
              -66.37250000021065,
              45.118749999898796
            ],
            [
              -66.37458300021673,
              45.117499999801225
            ],
            [
              -66.36802799987673,
              45.11333300000907
            ],
            [
              -66.36875000012509,
              45.11077800021764
            ],
            [
              -66.36625000036749,
              45.10916700006086
            ],
            [
              -66.36622199988007,
              45.10747199986286
            ],
            [
              -66.36924999971728,
              45.10541699988712
            ],
            [
              -66.37425000013081,
              45.1070829996978
            ],
            [
              -66.3783890003788,
              45.1061940001243
            ],
            [
              -66.3804170001333,
              45.10997199990355
            ],
            [
              -66.3779170003757,
              45.1116670000365
            ],
            [
              -66.3800000003818,
              45.11372200005359
            ],
            [
              -66.3850559999735,
              45.103721999926805
            ],
            [
              -66.39505599990223,
              45.103721999926805
            ],
            [
              -66.39752800007075,
              45.10127800023517
            ],
            [
              -66.40666699983396,
              45.10038900030035
            ],
            [
              -66.4079439999261,
              45.09916700021297
            ],
            [
              -66.40630600015892,
              45.095805999852196
            ],
            [
              -66.40752799999949,
              45.09372200003095
            ],
            [
              -66.41169400001166,
              45.09455600010606
            ],
            [
              -66.41252800041302,
              45.09788899971074
            ],
            [
              -66.41672200001427,
              45.099582999765566
            ],
            [
              -66.4284169996116,
              45.09791699984763
            ],
            [
              -66.42961099986306,
              45.09666700001935
            ],
            [
              -66.42752799985698,
              45.09458299991181
            ],
            [
              -66.42080600001069,
              45.09458299991181
            ],
            [
              -66.41830600025308,
              45.09288899991819
            ],
            [
              -66.4166669997627,
              45.08786099997645
            ],
            [
              -66.41166700024748,
              45.087916999922754
            ],
            [
              -66.41213900025058,
              45.084972000305214
            ],
            [
              -66.42583300018839,
              45.07458300019728
            ],
            [
              -66.43669400028267,
              45.075389000223225
            ],
            [
              -66.44002800044164,
              45.07288900020308
            ],
            [
              -66.44833299980348,
              45.07291699990854
            ],
            [
              -66.45374999996854,
              45.06166699996761
            ],
            [
              -66.45833299973222,
              45.05872200016648
            ],
            [
              -66.46047199981481,
              45.059110999797035
            ],
            [
              -66.45963900013669,
              45.06580599996931
            ],
            [
              -66.46086099997723,
              45.067083000230525
            ],
            [
              -66.46669400006888,
              45.066249999943444
            ],
            [
              -66.46794400039684,
              45.070832999841656
            ],
            [
              -66.47041700039027,
              45.07330600001658
            ],
            [
              -66.46877799989988,
              45.075832999979475
            ],
            [
              -66.47127799965749,
              45.079138999763096
            ],
            [
              -66.46877799989988,
              45.083305999723784
            ],
            [
              -66.46883300015148,
              45.08750000018275
            ],
            [
              -66.47958299991767,
              45.10499999984684
            ],
            [
              -66.47961100040507,
              45.11413899977061
            ],
            [
              -66.47541699990548,
              45.12086100027443
            ],
            [
              -66.4762499995836,
              45.1241939999763
            ],
            [
              -66.47166699981992,
              45.127056000136356
            ],
            [
              -66.47294399991205,
              45.12416700022986
            ],
            [
              -66.4716939995841,
              45.122888999728055
            ],
            [
              -66.46749999998283,
              45.122888999728055
            ],
            [
              -66.46586100039076,
              45.12544399983381
            ],
            [
              -66.46166699989118,
              45.125389000086585
            ],
            [
              -66.46125000013966,
              45.12916699993278
            ],
            [
              -66.4691670000623,
              45.128777999973614
            ],
            [
              -66.46833299966096,
              45.131222000307034
            ],
            [
              -66.47338900015097,
              45.132056000109685
            ],
            [
              -66.47458300040245,
              45.129110999880574
            ],
            [
              -66.4800280001566,
              45.124555999943425
            ],
            [
              -66.48461099992026,
              45.12663899974516
            ],
            [
              -66.4825000003251,
              45.130443999782344
            ],
            [
              -66.48749999984031,
              45.127056000136356
            ],
            [
              -66.4942219996866,
              45.127082999783056
            ],
            [
              -66.49749999976905,
              45.125389000086585
            ],
            [
              -66.5013059999311,
              45.12913899991356
            ],
            [
              -66.4962779999285,
              45.13166700020791
            ],
            [
              -66.4962779999285,
              45.13497200005107
            ],
            [
              -66.49255600033034,
              45.13705600028217
            ],
            [
              -66.49088900025086,
              45.14038899978223
            ],
            [
              -66.48836100000584,
              45.14038899978223
            ],
            [
              -66.48211100016266,
              45.14500000029389
            ],
            [
              -66.4828889995892,
              45.14913899991442
            ],
            [
              -66.48672200041376,
              45.15041700016456
            ],
            [
              -66.48711099967788,
              45.152500000024695
            ],
            [
              -66.48333300000323,
              45.15372199970819
            ],
            [
              -66.48169400041117,
              45.15619399970333
            ],
            [
              -66.4742219998291,
              45.15541699997915
            ],
            [
              -66.47047199974354,
              45.158305999851954
            ],
            [
              -66.46883300015148,
              45.16413900018424
            ],
            [
              -66.46291700021914,
              45.168305999895935
            ],
            [
              -66.46333300014574,
              45.16955599990013
            ],
            [
              -66.47419400024,
              45.16122200015831
            ],
            [
              -66.47997200008008,
              45.16038900021255
            ],
            [
              -66.48086099983472,
              45.15702799976918
            ],
            [
              -66.49002800008533,
              45.15208300005894
            ],
            [
              -66.4958059999254,
              45.14205599990517
            ],
            [
              -66.50172199985772,
              45.1437220002399
            ],
            [
              -66.50836099986333,
              45.13958300015633
            ],
            [
              -66.51502800035632,
              45.13875000009491
            ],
            [
              -66.51836099979207,
              45.136249999800704
            ],
            [
              -66.52044399979816,
              45.132472000157655
            ],
            [
              -66.51713899995151,
              45.130861000242035
            ],
            [
              -66.51630600027339,
              45.12747199989362
            ],
            [
              -66.51880600003099,
              45.124139000291535
            ],
            [
              -66.51958299963262,
              45.11913899978307
            ],
            [
              -66.52175000020262,
              45.11791699980295
            ],
            [
              -66.52499999979766,
              45.11708299992156
            ],
            [
              -66.52713899988025,
              45.11833300027967
            ],
            [
              -66.52458300004615,
              45.120832999981225
            ],
            [
              -66.52713899988025,
              45.12163900029942
            ],
            [
              -66.52794399996928,
              45.12583299971295
            ],
            [
              -66.53044399972688,
              45.12747199989362
            ],
            [
              -66.52877800037062,
              45.132472000157655
            ],
            [
              -66.52713899988025,
              45.13330600005939
            ],
            [
              -66.5309169995549,
              45.135443999967066
            ],
            [
              -66.54005600021642,
              45.13541699984225
            ],
            [
              -66.55505599966038,
              45.12788899989937
            ],
            [
              -66.55919400008345,
              45.12958300013869
            ],
            [
              -66.57249999968374,
              45.12791699989842
            ],
            [
              -66.58008299969556,
              45.124555999943425
            ],
            [
              -66.58338900026541,
              45.1204440002365
            ],
            [
              -66.59291700019106,
              45.12080599991189
            ],
            [
              -66.59291700019106,
              45.114971999866604
            ],
            [
              -66.59005599986013,
              45.11372200005359
            ],
            [
              -66.58588900002303,
              45.11455600024422
            ],
            [
              -66.58416699969197,
              45.11708299992156
            ],
            [
              -66.58166699993436,
              45.11708299992156
            ],
            [
              -66.57999999985488,
              45.114528000026596
            ],
            [
              -66.57666700041914,
              45.11711100015336
            ],
            [
              -66.57375000001171,
              45.11583300007288
            ],
            [
              -66.57666700041914,
              45.11122200007026
            ],
            [
              -66.58294400002649,
              45.10830600008993
            ],
            [
              -66.58374999994045,
              45.10580599999288
            ],
            [
              -66.58125000018285,
              45.102443999929584
            ],
            [
              -66.58333300018893,
              45.098721999813336
            ],
            [
              -66.58838899978063,
              45.09791699984763
            ],
            [
              -66.58919399986968,
              45.09952799982026
            ],
            [
              -66.59250000043954,
              45.09952799982026
            ],
            [
              -66.59500000019715,
              45.09788899971074
            ],
            [
              -66.60130600011682,
              45.10499999984684
            ],
            [
              -66.60044400012639,
              45.10661099968487
            ],
            [
              -66.60377800028535,
              45.10749999973822
            ],
            [
              -66.6029170001198,
              45.110805999739206
            ],
            [
              -66.60919399972715,
              45.115388999958654
            ],
            [
              -66.6104440000551,
              45.11250000007934
            ],
            [
              -66.60627800004295,
              45.109999999820516
            ],
            [
              -66.6079719998866,
              45.10580599999288
            ],
            [
              -66.61336099956424,
              45.10461099995508
            ],
            [
              -66.61422199972978,
              45.1070829996978
            ],
            [
              -66.61797199981534,
              45.10247199973495
            ],
            [
              -66.61711099964981,
              45.10166700001124
            ],
            [
              -66.6212499998978,
              45.09916700021297
            ],
            [
              -66.61797199981534,
              45.09830599969469
            ],
            [
              -66.62083300014628,
              45.09372200003095
            ],
            [
              -66.62913900023136,
              45.09372200003095
            ],
            [
              -66.6304720004,
              45.09502800022614
            ],
            [
              -66.62958299974706,
              45.09666700001935
            ],
            [
              -66.63172199982965,
              45.09791699984763
            ],
            [
              -66.63416700023397,
              45.09122199990347
            ],
            [
              -66.63794400008372,
              45.091638999740965
            ],
            [
              -66.63630600031657,
              45.09416700007878
            ],
            [
              -66.63749999966971,
              45.09625000011451
            ],
            [
              -66.64333299976137,
              45.09619400009458
            ],
            [
              -66.6437780000003,
              45.09330600026773
            ],
            [
              -66.64208300033171,
              45.09166699977155
            ],
            [
              -66.6442500000034,
              45.089527999785936
            ],
            [
              -66.6483330001749,
              45.09041700011907
            ],
            [
              -66.65208300026046,
              45.08916699974606
            ],
            [
              -66.65380600041644,
              45.08663900007197
            ],
            [
              -66.65380600041644,
              45.08247200028443
            ],
            [
              -66.64713899992344,
              45.08000000000487
            ],
            [
              -66.65002799984346,
              45.076221999903936
            ],
            [
              -66.65499999976959,
              45.07705599986446
            ],
            [
              -66.65922199985826,
              45.07458300019728
            ],
            [
              -66.66333299961885,
              45.074610999707176
            ],
            [
              -66.66586099986385,
              45.07208299980936
            ],
            [
              -66.67166700019133,
              45.07375000009719
            ],
            [
              -66.67424999978961,
              45.07208299980936
            ],
            [
              -66.68002799962967,
              45.07288900020308
            ],
            [
              -66.68291700044803,
              45.070832999841656
            ],
            [
              -66.68422200012925,
              45.067083000230525
            ],
            [
              -66.69002799955842,
              45.067083000230525
            ],
            [
              -66.68877800012876,
              45.069971999776975
            ],
            [
              -66.69169399981298,
              45.07125000006513
            ],
            [
              -66.69591699972658,
              45.06291699988351
            ],
            [
              -66.71752799958702,
              45.05705600015572
            ],
            [
              -66.71877799991499,
              45.05750000018828
            ],
            [
              -66.7187500003259,
              45.060806000161534
            ],
            [
              -66.71463899966699,
              45.06666699997687
            ],
            [
              -66.71711099983551,
              45.06747200007583
            ],
            [
              -66.71624999966998,
              45.07247199988449
            ],
            [
              -66.71877799991499,
              45.07577799999825
            ],
            [
              -66.71125000015476,
              45.084999999798605
            ],
            [
              -66.71425000040288,
              45.085417000029814
            ],
            [
              -66.7216939995992,
              45.08208299977653
            ],
            [
              -66.72336099967868,
              45.08291699982027
            ],
            [
              -66.7238059999176,
              45.08750000018275
            ],
            [
              -66.72547200017218,
              45.08833300025145
            ],
            [
              -66.72458300041755,
              45.092471999694766
            ],
            [
              -66.72755600000318,
              45.09458299991181
            ],
            [
              -66.72627800008613,
              45.0824440001863
            ],
            [
              -66.72455599975507,
              45.08080599974215
            ],
            [
              -66.7279169996782,
              45.07749999998967
            ],
            [
              -66.72797199992979,
              45.074139000244635
            ],
            [
              -66.73752800034282,
              45.07541699997259
            ],
            [
              -66.73833300043185,
              45.07708299969626
            ],
            [
              -66.74041700026285,
              45.07330600001658
            ],
            [
              -66.74047199961613,
              45.06913899971827
            ],
            [
              -66.73372200018076,
              45.06333300014334
            ],
            [
              -66.73630599960396,
              45.05916700000225
            ],
            [
              -66.73544399961351,
              45.05747199991076
            ],
            [
              -66.73833300043185,
              45.054555999744586
            ],
            [
              -66.74833300036059,
              45.05041700017737
            ],
            [
              -66.75838900036582,
              45.05125000014919
            ],
            [
              -66.77752800005777,
              45.04208300018077
            ],
            [
              -66.78338899973852,
              45.041222000021676
            ],
            [
              -66.7825560000604,
              45.043721999984776
            ],
            [
              -66.77749999957037,
              45.04538900029644
            ],
            [
              -66.77502800030018,
              45.04872200029786
            ],
            [
              -66.76955599988355,
              45.0499720001554
            ],
            [
              -66.76963899972421,
              45.05249999997079
            ],
            [
              -66.7717219997303,
              45.05372200018505
            ],
            [
              -66.77758300030936,
              45.05374999976037
            ],
            [
              -66.78669399958517,
              45.0495559997862
            ],
            [
              -66.78830600031138,
              45.04708300030793
            ],
            [
              -66.79413900040304,
              45.04622199987008
            ],
            [
              -66.79752799991527,
              45.04205599968476
            ],
            [
              -66.80666699967847,
              45.04127799997185
            ],
            [
              -66.80877800017196,
              45.04330599986057
            ],
            [
              -66.80838900000954,
              45.04708300030793
            ],
            [
              -66.80416699992087,
              45.047917000211164
            ],
            [
              -66.79669400041222,
              45.055361000311244
            ],
            [
              -66.79005600023153,
              45.05705600015572
            ],
            [
              -66.78791700014894,
              45.059138999906516
            ],
            [
              -66.79086100032056,
              45.060388999888474
            ],
            [
              -66.79502800015766,
              45.05705600015572
            ],
            [
              -66.79750000032617,
              45.05788899988303
            ],
            [
              -66.8024720002523,
              45.0562780001122
            ],
            [
              -66.81086100017805,
              45.04958299991574
            ],
            [
              -66.81672199985879,
              45.04872200029786
            ],
            [
              -66.81877800010069,
              45.05166699980047
            ],
            [
              -66.81502800001513,
              45.05708299991742
            ],
            [
              -66.80505599967547,
              45.06455599977223
            ],
            [
              -66.80252800032878,
              45.065417000207155
            ],
            [
              -66.79752799991527,
              45.06291699988351
            ],
            [
              -66.7962779995873,
              45.06416699975242
            ],
            [
              -66.79752799991527,
              45.06544399982756
            ],
            [
              -66.80211099967894,
              45.06747200007583
            ],
            [
              -66.80000000008377,
              45.070417000233945
            ],
            [
              -66.79086100032056,
              45.07125000006513
            ],
            [
              -66.79130599966118,
              45.067499999897315
            ],
            [
              -66.79508300040924,
              45.06458299979934
            ],
            [
              -66.78750000039742,
              45.06374999988248
            ],
            [
              -66.78422200031497,
              45.065417000207155
            ],
            [
              -66.782971999987,
              45.06413900020181
            ],
            [
              -66.78338899973852,
              45.066249999943444
            ],
            [
              -66.7870829997476,
              45.06666699997687
            ],
            [
              -66.78627799965857,
              45.07247199988449
            ],
            [
              -66.78172199965904,
              45.07125000006513
            ],
            [
              -66.78127800014335,
              45.074971999749586
            ],
            [
              -66.77461099965033,
              45.07997199996389
            ],
            [
              -66.7779439999844,
              45.081638999742914
            ],
            [
              -66.7783330001468,
              45.08375000012205
            ],
            [
              -66.78416700006339,
              45.085417000029814
            ],
            [
              -66.785055999818,
              45.08788899995649
            ],
            [
              -66.78838900015204,
              45.08705599975514
            ],
            [
              -66.79169399999869,
              45.08869399985442
            ],
            [
              -66.79294400032664,
              45.0924999999511
            ],
            [
              -66.79633299983888,
              45.09416700007878
            ],
            [
              -66.7825560000604,
              45.102082999737135
            ],
            [
              -66.77919400031234,
              45.107889000231545
            ],
            [
              -66.77674999973293,
              45.106249999847
            ],
            [
              -66.77583300038921,
              45.10875000015267
            ],
            [
              -66.76541699963553,
              45.110833000102645
            ],
            [
              -66.7667220002151,
              45.114583000101426
            ],
            [
              -66.77424999997531,
              45.11455600024422
            ],
            [
              -66.77375000038313,
              45.11247200012089
            ],
            [
              -66.7800000002263,
              45.10958300029219
            ],
            [
              -66.78416700006339,
              45.10377800017237
            ],
            [
              -66.79508300040924,
              45.09791699984763
            ],
            [
              -66.8013330002524,
              45.09666700001935
            ],
            [
              -66.80125000041174,
              45.0924999999511
            ],
            [
              -66.80422200017244,
              45.08872200006031
            ],
            [
              -66.8100279996016,
              45.08872200006031
            ],
            [
              -66.81125000034046,
              45.09252800019375
            ],
            [
              -66.81500000042604,
              45.09538900000134
            ],
            [
              -66.81377799968716,
              45.090000000238355
            ],
            [
              -66.82419400044084,
              45.08122199984358
            ],
            [
              -66.832528000115,
              45.08038900010612
            ],
            [
              -66.8329719996307,
              45.07749999998967
            ],
            [
              -66.83544399979922,
              45.075832999979475
            ],
            [
              -66.83372200036648,
              45.074139000244635
            ],
            [
              -66.83591699962723,
              45.07205600015276
            ],
            [
              -66.84172200012979,
              45.07205600015276
            ],
            [
              -66.84541699996376,
              45.074139000244635
            ],
            [
              -66.84169399964239,
              45.07875000003205
            ],
            [
              -66.84999999972746,
              45.07952800001738
            ],
            [
              -66.85044400014147,
              45.07833299998022
            ],
            [
              -66.84713900029485,
              45.075832999979475
            ],
            [
              -66.84708300021833,
              45.070832999841656
            ],
            [
              -66.848332999648,
              45.0695560002469
            ],
            [
              -66.85544399965669,
              45.069971999776975
            ],
            [
              -66.85544399965669,
              45.06747200007583
            ],
            [
              -66.85333300006153,
              45.06794400003727
            ],
            [
              -66.8528889996475,
              45.06666699997687
            ],
            [
              -66.85583299981913,
              45.06374999988248
            ],
            [
              -66.85258300022406,
              45.06619399969666
            ],
            [
              -66.84877799988692,
              45.066638999747305
            ],
            [
              -66.85338900013801,
              45.05952799987283
            ],
            [
              -66.85833299957672,
              45.05705600015572
            ],
            [
              -66.85833299957672,
              45.061221999918814
            ],
            [
              -66.86505600014624,
              45.06288899972068
            ],
            [
              -66.86627799998679,
              45.05833299979311
            ],
            [
              -66.86458300031822,
              45.05580600028579
            ],
            [
              -66.86999999958495,
              45.04708300030793
            ],
            [
              -66.87419400008453,
              45.047056000267695
            ],
            [
              -66.87758299959675,
              45.04455600001754
            ],
            [
              -66.88333299984774,
              45.04375000001268
            ],
            [
              -66.88502800041462,
              45.04125000000359
            ],
            [
              -66.88836099985035,
              45.04125000000359
            ],
            [
              -66.89547199985905,
              45.047444000303564
            ],
            [
              -66.89124999977038,
              45.04994399999974
            ],
            [
              -66.89547199985905,
              45.05169400020271
            ],
            [
              -66.8937219999389,
              45.054971999918216
            ],
            [
              -66.89538900001838,
              45.05580600028579
            ],
            [
              -66.89499999985595,
              45.059555999778105
            ],
            [
              -66.89833300019,
              45.059555999778105
            ],
            [
              -66.89711100034944,
              45.05750000018828
            ],
            [
              -66.90086100043501,
              45.05624999987089
            ],
            [
              -66.90175000018964,
              45.05872200016648
            ],
            [
              -66.90419399987074,
              45.057916999956355
            ],
            [
              -66.90666699986416,
              45.06041700000661
            ],
            [
              -66.91163899979028,
              45.06125000026355
            ],
            [
              -66.91375000028377,
              45.06333300014334
            ],
            [
              -66.91211099979338,
              45.06583300004048
            ],
            [
              -66.91291699970735,
              45.07080600022893
            ],
            [
              -66.92044399964266,
              45.07249999979426
            ],
            [
              -66.91711100020692,
              45.07997199996389
            ],
            [
              -66.91455600019772,
              45.08083299970493
            ],
            [
              -66.91622199955398,
              45.08161099987084
            ],
            [
              -66.91711100020692,
              45.085860999877674
            ],
            [
              -66.92294400029857,
              45.089972000024694
            ],
            [
              -66.92044399964266,
              45.09913900005494
            ],
            [
              -66.91627799963047,
              45.10666700026656
            ],
            [
              -66.91633299988206,
              45.11247200012089
            ],
            [
              -66.91005600027471,
              45.1162500002124
            ],
            [
              -66.90669399962835,
              45.115388999958654
            ],
            [
              -66.90124999969912,
              45.107528000233884
            ],
            [
              -66.9029440004411,
              45.10333300020332
            ],
            [
              -66.90169400011312,
              45.1020560003072
            ],
            [
              -66.90049999986168,
              45.10580599999288
            ],
            [
              -66.89836099977909,
              45.107056000096456
            ],
            [
              -66.89752800010096,
              45.10288899985349
            ],
            [
              -66.89499999985595,
              45.1037499997394
            ],
            [
              -66.89336100026388,
              45.1020560003072
            ],
            [
              -66.88752800017221,
              45.10711099976398
            ],
            [
              -66.88330600008356,
              45.107889000231545
            ],
            [
              -66.88088900016662,
              45.10544400026364
            ],
            [
              -66.88002800000109,
              45.10958300029219
            ],
            [
              -66.87505600007498,
              45.10875000015267
            ],
            [
              -66.87586100016401,
              45.1128890000962
            ],
            [
              -66.87919399959972,
              45.11208299979756
            ],
            [
              -66.88041700016352,
              45.11416700017909
            ],
            [
              -66.86997199999585,
              45.12122200024306
            ],
            [
              -66.86416700039162,
              45.12124999971149
            ],
            [
              -66.86422199974488,
              45.11786100011666
            ],
            [
              -66.85711099973618,
              45.12166700019706
            ],
            [
              -66.86336099957934,
              45.12294399998407
            ],
            [
              -66.86752800031475,
              45.12627799982798
            ],
            [
              -66.87466699991253,
              45.12333299979711
            ],
            [
              -66.87380599974702,
              45.11999999986949
            ],
            [
              -66.87836099992161,
              45.117055999979364
            ],
            [
              -66.88333299984774,
              45.11788899996665
            ],
            [
              -66.89091699968445,
              45.1162500002124
            ],
            [
              -66.89250000009835,
              45.11455600024422
            ],
            [
              -66.89833300019,
              45.11622200019204
            ],
            [
              -66.89630600026042,
              45.11913899978307
            ],
            [
              -66.90127800018654,
              45.12163900029942
            ],
            [
              -66.90127800018654,
              45.12416700022986
            ],
            [
              -66.89791700026339,
              45.12580600010841
            ],
            [
              -66.89749999961354,
              45.12791699989842
            ],
            [
              -66.89338899985297,
              45.12788899989937
            ],
            [
              -66.89333299977648,
              45.129555999774084
            ],
            [
              -66.91169400004188,
              45.132916999811336
            ],
            [
              -66.92091700036897,
              45.137083000264596
            ],
            [
              -66.9258330002186,
              45.13705600028217
            ],
            [
              -66.92461100037806,
              45.14002800008256
            ],
            [
              -66.93499999957092,
              45.1470560001311
            ],
            [
              -66.94088899973906,
              45.14538899984922
            ],
            [
              -66.94216699965611,
              45.148277999964364
            ],
            [
              -66.93711100006439,
              45.14916700025074
            ],
            [
              -66.94216699965611,
              45.152500000024695
            ],
            [
              -66.9417220003155,
              45.1537499996935
            ],
            [
              -66.94755600023207,
              45.1528889997123
            ],
            [
              -66.9554439998424,
              45.16080600020899
            ],
            [
              -66.95541700007821,
              45.16333300003516
            ],
            [
              -66.95377799958783,
              45.16413900018424
            ],
            [
              -66.9554439998424,
              45.16749999980291
            ],
            [
              -66.95463899975337,
              45.17000000015521
            ],
            [
              -66.95794399959999,
              45.17249999970579
            ],
            [
              -66.95875000041227,
              45.17663900000361
            ],
            [
              -66.9691939998567,
              45.182888999750965
            ],
            [
              -66.966222000096,
              45.17997199998699
            ],
            [
              -66.96794400042705,
              45.177500000144
            ],
            [
              -66.96627800017248,
              45.17413899976217
            ],
            [
              -66.96791699976457,
              45.1733329998847
            ],
            [
              -66.9671109998506,
              45.17086099997778
            ],
            [
              -66.9687779999301,
              45.16744400003122
            ],
            [
              -66.96708300026152,
              45.162444000297434
            ],
            [
              -66.97216700034063,
              45.16083299971163
            ],
            [
              -66.96883300018168,
              45.15916699970374
            ],
            [
              -66.9687779999301,
              45.151666999906006
            ],
            [
              -66.97252800001566,
              45.15036100007274
            ],
            [
              -66.97749999994177,
              45.156221999741
            ],
            [
              -66.97958299994788,
              45.15666700028038
            ],
            [
              -66.97958299994788,
              45.15916699970374
            ],
            [
              -66.9779169996933,
              45.159999999779345
            ],
            [
              -66.98372200019585,
              45.16497199977215
            ],
            [
              -66.985027999702,
              45.17375000012588
            ],
            [
              -66.98633300028155,
              45.16497199977215
            ],
            [
              -66.98380599986146,
              45.16080600020899
            ],
            [
              -66.98216700026938,
              45.15247200005875
            ],
            [
              -66.98461099995049,
              45.14663900024965
            ],
            [
              -66.98749999987052,
              45.145443999951645
            ],
            [
              -66.9916669997076,
              45.146249999720524
            ],
            [
              -66.99672200037273,
              45.151250000180625
            ],
            [
              -67.00166699963636,
              45.14888900019382
            ],
            [
              -67.00350000029549,
              45.14508299994616
            ],
            [
              -67.00563900037808,
              45.14605599994183
            ],
            [
              -67.01097199997923,
              45.1548329998588
            ],
            [
              -67.02091699965638,
              45.16408300027533
            ],
            [
              -67.02608299975127,
              45.166750000214385
            ],
            [
              -67.03477799999875,
              45.16747200024059
            ],
            [
              -67.0320830002475,
              45.151944000025836
            ],
            [
              -67.04205600041205,
              45.15347199981772
            ],
            [
              -67.04411099993072,
              45.155055999786704
            ],
            [
              -67.04558300001653,
              45.15372199970819
            ],
            [
              -67.04352799959953,
              45.14824999982489
            ],
            [
              -67.0335279996708,
              45.14761099989517
            ],
            [
              -67.03275000024426,
              45.13497200005107
            ],
            [
              -67.03086100040693,
              45.131332999960755
            ],
            [
              -67.03194400033031,
              45.12552800022127
            ],
            [
              -67.03505599983312,
              45.123971999921224
            ],
            [
              -67.03880599991868,
              45.12505600000038
            ],
            [
              -67.04161100017313,
              45.13066700006548
            ],
            [
              -67.05197199977688,
              45.129916999860086
            ],
            [
              -67.04913899993335,
              45.1281669996884
            ],
            [
              -67.04919400018493,
              45.126666999724044
            ],
            [
              -67.05086100026442,
              45.12247199993415
            ],
            [
              -67.05311099977675,
              45.12244399979777
            ],
            [
              -67.05919400011366,
              45.126610999752586
            ],
            [
              -67.06222199995088,
              45.12597200003335
            ],
            [
              -67.06772199995659,
              45.13008299986306
            ],
            [
              -67.0642220001163,
              45.126305999984005
            ],
            [
              -67.06252800027264,
              45.118832999728404
            ],
            [
              -67.05938900010734,
              45.1157500003169
            ],
            [
              -67.05994399995113,
              45.11422199996789
            ],
            [
              -67.06261100011331,
              45.11386100008649
            ],
            [
              -67.06183299978844,
              45.1085000002309
            ],
            [
              -67.06466700035523,
              45.10608299974158
            ],
            [
              -67.05830600018396,
              45.10063900023597
            ],
            [
              -67.05516700001866,
              45.099972000310544
            ],
            [
              -67.04608299960874,
              45.08941699997968
            ],
            [
              -67.04622200042422,
              45.086028000147294
            ],
            [
              -67.05108300002226,
              45.08527799986814
            ],
            [
              -67.04616700017264,
              45.08272200000847
            ],
            [
              -67.04450000009317,
              45.08630600028804
            ],
            [
              -67.04241700008706,
              45.0857499999221
            ],
            [
              -67.03616700024389,
              45.07499999970324
            ],
            [
              -67.03680599975327,
              45.06883300000125
            ],
            [
              -67.0436940001792,
              45.0673609999234
            ],
            [
              -67.04819400010221,
              45.06830600020839
            ],
            [
              -67.05741700042933,
              45.07480599992367
            ],
            [
              -67.06538899970525,
              45.07744399998111
            ],
            [
              -67.07974999963984,
              45.07494399978219
            ],
            [
              -67.08449999980812,
              45.077361000230006
            ],
            [
              -67.08447200021902,
              45.080582999960995
            ],
            [
              -67.08583299997674,
              45.081388999719884
            ],
            [
              -67.08263899955988,
              45.0848890000728
            ],
            [
              -67.08761100038431,
              45.08816699991949
            ],
            [
              -67.0882220003046,
              45.09144399989481
            ],
            [
              -67.09761100031307,
              45.098277999748596
            ],
            [
              -67.0983889997396,
              45.103944000147344
            ],
            [
              -67.10733300040744,
              45.11886099973531
            ],
            [
              -67.10622199999665,
              45.1230560000995
            ],
            [
              -67.11733300033619,
              45.12438900015998
            ],
            [
              -67.11944399993136,
              45.126610999752586
            ],
            [
              -67.11811099976272,
              45.12999999992197
            ],
            [
              -67.11933299960327,
              45.13219399980381
            ],
            [
              -67.12522199977143,
              45.137389000017116
            ],
            [
              -67.13186099977702,
              45.139083000075594
            ],
            [
              -67.13422199961747,
              45.14136100017854
            ],
            [
              -67.14199999962294,
              45.157500000164006
            ],
            [
              -67.14183300011666,
              45.17052800007835
            ],
            [
              -67.14250000011344,
              45.17188899994053
            ],
            [
              -67.14541699962257,
              45.17166700000887
            ],
            [
              -67.14949999979407,
              45.17813899989829
            ],
            [
              -67.1545000002076,
              45.18083299975232
            ],
            [
              -67.15847200005102,
              45.18563899991989
            ],
            [
              -67.16188900005064,
              45.19266700004636
            ],
            [
              -67.16424999989108,
              45.2071669997954
            ],
            [
              -67.16758300022512,
              45.2162780001055
            ],
            [
              -67.17227800014182,
              45.218639000093965
            ],
            [
              -67.17480600038684,
              45.22313899977869
            ],
            [
              -67.18163899966287,
              45.227278000313504
            ],
            [
              -67.187167000156,
              45.22647199996005
            ],
            [
              -67.18863900024182,
              45.22552799972258
            ],
            [
              -67.18786099991696,
              45.22219400014997
            ],
            [
              -67.19522200017092,
              45.21516699994352
            ],
            [
              -67.19158300041343,
              45.21494399995652
            ],
            [
              -67.1825559999049,
              45.20827799991822
            ],
            [
              -67.1810000001535,
              45.204028000138464
            ],
            [
              -67.18352800039852,
              45.198221999978855
            ],
            [
              -67.1825280003158,
              45.19438900011753
            ],
            [
              -67.18016699957705,
              45.19252800027074
            ],
            [
              -67.18391699966263,
              45.1890829997036
            ],
            [
              -67.19358299968053,
              45.18991700006339
            ],
            [
              -67.19897200025649,
              45.188306000312686
            ],
            [
              -67.17294400031369,
              45.181583000052356
            ],
            [
              -67.16744400030797,
              45.17825000002237
            ],
            [
              -67.16161100021631,
              45.178222000045686
            ],
            [
              -67.15947200013372,
              45.172278000255886
            ],
            [
              -67.16158299972889,
              45.16936100026898
            ],
            [
              -67.16705599997044,
              45.16988899978261
            ],
            [
              -67.17297199990279,
              45.16666699981347
            ],
            [
              -67.17733299990861,
              45.16658299985693
            ],
            [
              -67.19416699983663,
              45.1690829999231
            ],
            [
              -67.20436099993412,
              45.17330599997342
            ],
            [
              -67.20791699985094,
              45.1706669997444
            ],
            [
              -67.20677799985104,
              45.16836100004998
            ],
            [
              -67.20497199985441,
              45.16661099985622
            ],
            [
              -67.1932499995946,
              45.16419399992815
            ],
            [
              -67.18952799999643,
              45.16499999992992
            ],
            [
              -67.18230599965965,
              45.16066699991583
            ],
            [
              -67.16430599996758,
              45.159971999697795
            ],
            [
              -67.1595559997993,
              45.15686100005131
            ],
            [
              -67.15522199955764,
              45.1506110003059
            ],
            [
              -67.1545279997967,
              45.142777999850544
            ],
            [
              -67.15180600028124,
              45.139360999797375
            ],
            [
              -67.15161100028756,
              45.13525000017102
            ],
            [
              -67.14947200020498,
              45.13427800016048
            ],
            [
              -67.14861100003945,
              45.13061100021842
            ],
            [
              -67.14355600027265,
              45.12755599982992
            ],
            [
              -67.14502800035847,
              45.12416700022986
            ],
            [
              -67.1401109997856,
              45.11916700027372
            ],
            [
              -67.13766700010451,
              45.11916700027372
            ],
            [
              -67.13686100019055,
              45.11430599976207
            ],
            [
              -67.1309999996115,
              45.1114720001151
            ],
            [
              -67.12858299969457,
              45.108221999706664
            ],
            [
              -67.1305560000958,
              45.10544400026364
            ],
            [
              -67.12749999977119,
              45.10672200030889
            ],
            [
              -67.1218330002592,
              45.104917000186916
            ],
            [
              -67.1162780000019,
              45.099806000200005
            ],
            [
              -67.11694400017375,
              45.09552800028995
            ],
            [
              -67.11133299983995,
              45.093194000106394
            ],
            [
              -67.10927800032127,
              45.084638999683335
            ],
            [
              -67.1050000001561,
              45.079667000214464
            ],
            [
              -67.10513900007328,
              45.06827800014725
            ],
            [
              -67.10352800007028,
              45.06769399973396
            ],
            [
              -67.10708300016219,
              45.060360999756625
            ],
            [
              -67.11622199992539,
              45.05761099981634
            ],
            [
              -67.11055600023832,
              45.05563899989412
            ],
            [
              -67.1060279998279,
              45.050805999821975
            ],
            [
              -67.102444000322,
              45.04988899985803
            ],
            [
              -67.09613900022723,
              45.042528000008225
            ],
            [
              -67.09652800038967,
              45.0384169997608
            ],
            [
              -67.10594400016231,
              45.03422199993399
            ],
            [
              -67.08899999973113,
              45.036638999940934
            ],
            [
              -67.0805830002163,
              45.03044399994049
            ],
            [
              -67.07874999955713,
              45.025027999966156
            ],
            [
              -67.07375000004191,
              45.02002800027345
            ],
            [
              -67.07563899987925,
              45.0168609997149
            ],
            [
              -67.07261100004204,
              45.01577800014642
            ],
            [
              -67.06763900011593,
              45.00294399970217
            ],
            [
              -67.06133300019626,
              44.998972000106036
            ],
            [
              -67.06094400003383,
              44.995999999763065
            ],
            [
              -67.05669400035606,
              44.993638999931
            ],
            [
              -67.05061100001916,
              44.985471999881376
            ],
            [
              -67.04994400002239,
              44.97638899974113
            ],
            [
              -67.05422200018755,
              44.97325000018379
            ],
            [
              -67.05730600010125,
              44.97411100014381
            ],
            [
              -67.05861099978247,
              44.972472000207965
            ],
            [
              -67.05772200002787,
              44.97022199985037
            ],
            [
              -67.05369400010795,
              44.96747199994613
            ],
            [
              -67.04252800041516,
              44.96711100023614
            ],
            [
              -67.04213900025273,
              44.96452799970248
            ],
            [
              -67.03647199984242,
              44.95830599977804
            ],
            [
              -67.03550000024713,
              44.94897199982373
            ],
            [
              -67.03219399967725,
              44.94411100013588
            ],
            [
              -67.01969399999092,
              44.93983300007139
            ],
            [
              -67.0101669998902,
              44.93869399981956
            ],
            [
              -67.01000000038393,
              44.9346939998966
            ],
            [
              -67.01483300039288,
              44.93191699993362
            ],
            [
              -67.01372199998208,
              44.929389000210755
            ],
            [
              -67.00466699988446,
              44.925639000145765
            ],
            [
              -67.0013329997255,
              44.92236099983586
            ],
            [
              -67.00144400005358,
              44.91911100003121
            ],
            [
              -66.99919399964293,
              44.92122199970019
            ],
            [
              -66.99669399988531,
              44.921249999829065
            ],
            [
              -66.99669399988531,
              44.9187220000748
            ],
            [
              -66.99086099979365,
              44.920388999802114
            ],
            [
              -66.98500000011292,
              44.91702800005025
            ],
            [
              -66.9820559999413,
              44.91166699988575
            ],
            [
              -66.98211100019289,
              44.90583300028227
            ],
            [
              -66.98461099995049,
              44.90330600013382
            ],
            [
              -66.98380599986146,
              44.900833000160716
            ],
            [
              -66.9850560001894,
              44.89955599973659
            ],
            [
              -66.99088900028107,
              44.89622200006229
            ],
            [
              -66.99255600036055,
              44.89705599997627
            ],
            [
              -66.99416700036353,
              44.894555999702774
            ],
            [
              -66.99916699987874,
              44.89625000028158
            ],
            [
              -67.0015000001301,
              44.89894399975119
            ],
            [
              -67.00058299988807,
              44.90205600024223
            ],
            [
              -67.0039999998877,
              44.90305599978463
            ],
            [
              -67.00433299997361,
              44.904833000052705
            ],
            [
              -67.00136100021291,
              44.90727799982207
            ],
            [
              -67.01161100038689,
              44.90633299991792
            ],
            [
              -67.01338899989615,
              44.9037220002751
            ],
            [
              -67.01224999989628,
              44.89974999986324
            ],
            [
              -67.01350000022423,
              44.898222000158036
            ],
            [
              -67.0193059996534,
              44.89999999995322
            ],
            [
              -67.0207779997392,
              44.90380600011575
            ],
            [
              -67.01736099973958,
              44.90991700010849
            ],
            [
              -67.02055599998135,
              44.90997199980917
            ],
            [
              -67.02502800031529,
              44.91622199981322
            ],
            [
              -67.0166939997428,
              44.91847199998161
            ],
            [
              -67.01972199958,
              44.92327799977186
            ],
            [
              -67.02266699957653,
              44.9241109997622
            ],
            [
              -67.02769399975423,
              44.92250000022074
            ],
            [
              -67.03138899958823,
              44.92558299970031
            ],
            [
              -67.04383300009638,
              44.92836099979451
            ],
            [
              -67.0478610000163,
              44.93105600014827
            ],
            [
              -67.04650000025856,
              44.93258299986824
            ],
            [
              -67.04674999960551,
              44.93733300025255
            ],
            [
              -67.04313900033542,
              44.937444000166266
            ],
            [
              -67.03591699999865,
              44.93155599975212
            ],
            [
              -67.0304720002445,
              44.93552799998039
            ],
            [
              -67.03580599967056,
              44.93755600013095
            ],
            [
              -67.04458299993382,
              44.94438900021369
            ],
            [
              -67.04577800001022,
              44.94686100018084
            ],
            [
              -67.04388900017288,
              44.94827800021842
            ],
            [
              -67.04399999960265,
              44.953249999734034
            ],
            [
              -67.05127800001593,
              44.95822200015
            ],
            [
              -67.05072200034724,
              44.960167000132635
            ],
            [
              -67.061082999951,
              44.96336100009657
            ],
            [
              -67.06616700003012,
              44.96288899986087
            ],
            [
              -67.0637500001132,
              44.960832999742976
            ],
            [
              -67.05319399961743,
              44.95830599977804
            ],
            [
              -67.05202799985338,
              44.952806000237835
            ],
            [
              -67.04913899993335,
              44.952139000262974
            ],
            [
              -67.04797200034437,
              44.948667000294165
            ],
            [
              -67.05072200034724,
              44.94574999974387
            ],
            [
              -67.04902799960526,
              44.94036099991486
            ],
            [
              -67.05313900026415,
              44.936582999939
            ],
            [
              -67.05230599968773,
              44.9326940000604
            ],
            [
              -67.05388900010162,
              44.9307779997448
            ],
            [
              -67.05658300002798,
              44.932528000186245
            ],
            [
              -67.05888899961681,
              44.93102799971103
            ],
            [
              -67.06297199978832,
              44.93161099972898
            ],
            [
              -67.06391699961945,
              44.93002800031276
            ],
            [
              -67.06838899995337,
              44.9307779997448
            ],
            [
              -67.06899999987364,
              44.936582999939
            ],
            [
              -67.07052800003595,
              44.93613899997018
            ],
            [
              -67.07088899971097,
              44.9303609997965
            ],
            [
              -67.07324999955142,
              44.929722000219364
            ],
            [
              -67.07174999987652,
              44.92616700011701
            ],
            [
              -67.07713899955415,
              44.926416999800544
            ],
            [
              -67.07377799963102,
              44.920999999921975
            ],
            [
              -67.07077800028121,
              44.91922200017843
            ],
            [
              -67.07174999987652,
              44.916444000241064
            ],
            [
              -67.07777799996184,
              44.919277999827486
            ],
            [
              -67.08055599955378,
              44.91830599971573
            ],
            [
              -67.0887500003842,
              44.92088900002924
            ],
            [
              -67.09233300006518,
              44.92472199973384
            ],
            [
              -67.09566700022413,
              44.925361000236734
            ],
            [
              -67.09691699965377,
              44.9314999999875
            ],
            [
              -67.09302799965104,
              44.93227799975386
            ],
            [
              -67.09119400006529,
              44.92986099996504
            ],
            [
              -67.08877799997329,
              44.93000000001029
            ],
            [
              -67.08872199989678,
              44.931306000176306
            ],
            [
              -67.10027799957692,
              44.93927799982851
            ],
            [
              -67.10141699957681,
              44.941693999872776
            ],
            [
              -67.09905599973636,
              44.947471999738774
            ],
            [
              -67.0989169998192,
              44.95405599981236
            ],
            [
              -67.10058300007377,
              44.954832999777416
            ],
            [
              -67.10380599990464,
              44.95252800023639
            ],
            [
              -67.10472200032174,
              44.94752799982241
            ],
            [
              -67.1085279995855,
              44.94347200031757
            ],
            [
              -67.11588899983946,
              44.9426110001919
            ],
            [
              -67.11605600024404,
              44.9443330002468
            ],
            [
              -67.11299999991944,
              44.947082999829654
            ],
            [
              -67.11497199959743,
              44.9479169998947
            ],
            [
              -67.11738900041267,
              44.94286100014899
            ],
            [
              -67.12050000009056,
              44.942416999765015
            ],
            [
              -67.12211100009354,
              44.94397199991005
            ],
            [
              -67.12494399993707,
              44.94052800025162
            ],
            [
              -67.12005599967655,
              44.93747200001895
            ],
            [
              -67.1142500002474,
              44.937888999842805
            ],
            [
              -67.11127799958837,
              44.93566700030056
            ],
            [
              -67.1090559996651,
              44.929693999767785
            ],
            [
              -67.11055600023832,
              44.92830599988537
            ],
            [
              -67.10891699974793,
              44.92649999972454
            ],
            [
              -67.11036100024467,
              44.9242780002905
            ],
            [
              -67.1319439996177,
              44.925833000017384
            ],
            [
              -67.13277800001906,
              44.92747199986292
            ],
            [
              -67.13608299986569,
              44.927444000222486
            ],
            [
              -67.14019399962629,
              44.93002800031276
            ],
            [
              -67.14286099978847,
              44.93413900022007
            ],
            [
              -67.13855599985912,
              44.93527799988908
            ],
            [
              -67.14808299995984,
              44.94227799988849
            ],
            [
              -67.14966700019866,
              44.940832999788036
            ],
            [
              -67.1545279997967,
              44.94158299990891
            ],
            [
              -67.14805600019567,
              44.935360999727216
            ],
            [
              -67.15466699971385,
              44.93477800025685
            ],
            [
              -67.15894400005412,
              44.93816700016265
            ],
            [
              -67.16308300030211,
              44.948860999944884
            ],
            [
              -67.16450000013634,
              44.94511099973072
            ],
            [
              -67.16699999989395,
              44.9448329999702
            ],
            [
              -67.16094400021953,
              44.93494399998667
            ],
            [
              -67.15055599995327,
              44.93002800031276
            ],
            [
              -67.15161100028756,
              44.927306000159795
            ],
            [
              -67.13972199962318,
              44.921582999952015
            ],
            [
              -67.13669399978598,
              44.92330600017081
            ],
            [
              -67.12811099969147,
              44.92316699982789
            ],
            [
              -67.1223610003388,
              44.91911100003121
            ],
            [
              -67.12133299976868,
              44.913556000209475
            ],
            [
              -67.10997200008222,
              44.904166999707805
            ],
            [
              -67.1091390004041,
              44.90244400014975
            ],
            [
              -67.11202800032413,
              44.89580599974369
            ],
            [
              -67.11500000008485,
              44.8957220003054
            ],
            [
              -67.11644399968324,
              44.90044399992272
            ],
            [
              -67.11902800000475,
              44.90230599984969
            ],
            [
              -67.12419400009965,
              44.90199999971796
            ],
            [
              -67.12497200042449,
              44.90075000006422
            ],
            [
              -67.12227799959982,
              44.89716700008738
            ],
            [
              -67.12461099985116,
              44.89669399993668
            ],
            [
              -67.13188900026444,
              44.902917000084855
            ],
            [
              -67.12577800033844,
              44.89561099995042
            ],
            [
              -67.12566700001034,
              44.88674999994122
            ],
            [
              -67.12863899977106,
              44.88416699988754
            ],
            [
              -67.13491700010165,
              44.884056000143985
            ],
            [
              -67.13813900010761,
              44.8899439998324
            ],
            [
              -67.14933300028783,
              44.893388999878866
            ],
            [
              -67.15008300012525,
              44.894861000261365
            ],
            [
              -67.14738900019888,
              44.89625000028158
            ],
            [
              -67.15461099963736,
              44.907111000144404
            ],
            [
              -67.158111000376,
              44.90580599982185
            ],
            [
              -67.16308300030211,
              44.908278000145344
            ],
            [
              -67.16219399964918,
              44.90627799991637
            ],
            [
              -67.16408300038484,
              44.90505600013293
            ],
            [
              -67.16597200022215,
              44.9058890002541
            ],
            [
              -67.16799999997666,
              44.91041699984716
            ],
            [
              -67.1728329999856,
              44.91297200010408
            ],
            [
              -67.17499999965727,
              44.91063899979748
            ],
            [
              -67.17738899998513,
              44.91136099995957
            ],
            [
              -67.1800279996599,
              44.91422199991888
            ],
            [
              -67.1774719998258,
              44.91622199981322
            ],
            [
              -67.18197199974881,
              44.91900000030561
            ],
            [
              -67.18611099999679,
              44.91802799994385
            ],
            [
              -67.18169399991447,
              44.91527800002763
            ],
            [
              -67.1805280001504,
              44.91194399981937
            ],
            [
              -67.18224999958315,
              44.90997199980917
            ],
            [
              -67.18683300024516,
              44.90997199980917
            ],
            [
              -67.18899999991683,
              44.91311100030132
            ],
            [
              -67.1927220004133,
              44.914944000235955
            ],
            [
              -67.19827799959721,
              44.91497200024352
            ],
            [
              -67.20775000034467,
              44.92072199982668
            ],
            [
              -67.20433300034503,
              44.91438899992897
            ],
            [
              -67.20549999993399,
              44.91255600010472
            ],
            [
              -67.2162220001111,
              44.91444399980321
            ],
            [
              -67.21288899977705,
              44.91108300030656
            ],
            [
              -67.20333300026232,
              44.90988900018282
            ],
            [
              -67.19244399968065,
              44.91080600004033
            ],
            [
              -67.18563899999369,
              44.9074440001333
            ],
            [
              -67.18386099958614,
              44.9050279997481
            ],
            [
              -67.17830600022712,
              44.90544400015365
            ],
            [
              -67.17624999998523,
              44.89683300004564
            ],
            [
              -67.18152800023311,
              44.8924720002842
            ],
            [
              -67.19091700024157,
              44.895693999829014
            ],
            [
              -67.19038900016196,
              44.89727799998417
            ],
            [
              -67.185083000325,
              44.8966390002586
            ],
            [
              -67.18358299975179,
              44.89827799990792
            ],
            [
              -67.18661099958899,
              44.8999169999268
            ],
            [
              -67.19502800000215,
              44.900332999774584
            ],
            [
              -67.19222199992281,
              44.89519399993575
            ],
            [
              -67.19605599967394,
              44.893194000162694
            ],
            [
              -67.19547200041617,
              44.891527999903516
            ],
            [
              -67.18163899966287,
              44.89188900021902
            ],
            [
              -67.18041699982231,
              44.88919400006262
            ],
            [
              -67.18391699966263,
              44.883193999909224
            ],
            [
              -67.1810279997426,
              44.883193999909224
            ],
            [
              -67.18152800023311,
              44.88491700028323
            ],
            [
              -67.17916700039268,
              44.88566699981148
            ],
            [
              -67.17677800006484,
              44.88249999980267
            ],
            [
              -67.17177799965131,
              44.88316700027439
            ],
            [
              -67.16741699964545,
              44.88091699996915
            ],
            [
              -67.16583300030497,
              44.882556000222685
            ],
            [
              -67.16347199956623,
              44.88119399975904
            ],
            [
              -67.16238899964284,
              44.88466700017694
            ],
            [
              -67.16399999964584,
              44.887499999756386
            ],
            [
              -67.16283300005685,
              44.888389000128626
            ],
            [
              -67.1574999995574,
              44.884139000150206
            ],
            [
              -67.15816699955417,
              44.8810560000189
            ],
            [
              -67.15394399964059,
              44.879721999682125
            ],
            [
              -67.15561099972007,
              44.878027999884175
            ],
            [
              -67.15558300013099,
              44.87402799996067
            ],
            [
              -67.15258299988287,
              44.87233299983367
            ],
            [
              -67.15461099963736,
              44.8711109999651
            ],
            [
              -67.14894400012538,
              44.86552800012751
            ],
            [
              -67.14719400020523,
              44.85994400030378
            ],
            [
              -67.14822199987701,
              44.858139000253
            ],
            [
              -67.14388900035858,
              44.85533299989786
            ],
            [
              -67.14738900019888,
              44.851500000033425
            ],
            [
              -67.14847200012228,
              44.845277999894925
            ],
            [
              -67.14563900027873,
              44.84311099974106
            ],
            [
              -67.14558300020224,
              44.83997200015822
            ],
            [
              -67.14894400012538,
              44.837360999862575
            ],
            [
              -67.14654947965012,
              44.83333299972154
            ],
            [
              -67.13755550031311,
              44.83333299972154
            ],
            [
              -67.13544400035634,
              44.8353610002224
            ],
            [
              -67.13733300019365,
              44.83852799968426
            ],
            [
              -67.13466699985639,
              44.83927799990541
            ],
            [
              -67.13911099970292,
              44.84594399999454
            ],
            [
              -67.13586100010785,
              44.84702799993311
            ],
            [
              -67.13749999969993,
              44.84900000001777
            ],
            [
              -67.13391700001893,
              44.850361000208345
            ],
            [
              -67.13566699993909,
              44.853305999770505
            ],
            [
              -67.13347199978,
              44.854416999751294
            ],
            [
              -67.13758300043891,
              44.85652799973691
            ],
            [
              -67.13852800027004,
              44.85913899990739
            ],
            [
              -67.14077799978237,
              44.86922199992501
            ],
            [
              -67.14066700035262,
              44.87738900016083
            ],
            [
              -67.13924999962008,
              44.87902799970526
            ],
            [
              -67.13674999986247,
              44.87669400000149
            ],
            [
              -67.13572200019068,
              44.87149999998552
            ],
            [
              -67.13433299994554,
              44.87208299979505
            ],
            [
              -67.13477800018447,
              44.87822200006751
            ],
            [
              -67.13313899969407,
              44.87977800026002
            ],
            [
              -67.1320280001816,
              44.878528000057514
            ],
            [
              -67.12216700017005,
              44.878056000049455
            ],
            [
              -67.1183059997564,
              44.87577799976463
            ],
            [
              -67.11416700040671,
              44.876666999862564
            ],
            [
              -67.11305599999592,
              44.8736389998388
            ],
            [
              -67.1141389999193,
              44.870611000281585
            ],
            [
              -67.11986099968288,
              44.86963899978413
            ],
            [
              -67.11927800025,
              44.86783299979141
            ],
            [
              -67.12099999968277,
              44.866888999999865
            ],
            [
              -67.12013900041553,
              44.863971999827356
            ],
            [
              -67.12247199976856,
              44.863278000282854
            ],
            [
              -67.12166699967953,
              44.858916999796485
            ],
            [
              -67.1238610000137,
              44.85797199987598
            ],
            [
              -67.1207219998484,
              44.857638999962454
            ],
            [
              -67.11947200041875,
              44.85949999970281
            ],
            [
              -67.11377800024428,
              44.85391700025655
            ],
            [
              -67.11319400008819,
              44.85252800019943
            ],
            [
              -67.11705600032676,
              44.847694000180574
            ],
            [
              -67.11219400000547,
              44.84616699974835
            ],
            [
              -67.1086110003245,
              44.847444000133585
            ],
            [
              -67.10552800023571,
              44.84583299976958
            ],
            [
              -67.10541699990762,
              44.85052799973108
            ],
            [
              -67.10388899974531,
              44.851582999870374
            ],
            [
              -67.10077800006742,
              44.849999999798946
            ],
            [
              -67.10066699973935,
              44.8524999997144
            ],
            [
              -67.09766700038955,
              44.85572200019915
            ],
            [
              -67.08772199981408,
              44.85744400005416
            ],
            [
              -67.08580600021257,
              44.85430599993396
            ],
            [
              -67.08411099964569,
              44.854693999733456
            ],
            [
              -67.08727800029838,
              44.85827799992289
            ],
            [
              -67.09227799981358,
              44.85819399980974
            ],
            [
              -67.09511099965712,
              44.85988899987161
            ],
            [
              -67.096333000396,
              44.856721999800975
            ],
            [
              -67.10266699990476,
              44.854944000152855
            ],
            [
              -67.10547200015921,
              44.86224999972673
            ],
            [
              -67.11099999975401,
              44.87027800025609
            ],
            [
              -67.11005599974781,
              44.87233299983367
            ],
            [
              -67.10574999999355,
              44.87327800021438
            ],
            [
              -67.10113899974245,
              44.86680599994009
            ],
            [
              -67.10061099966286,
              44.87102800026353
            ],
            [
              -67.10213899982516,
              44.87305599987635
            ],
            [
              -67.09844399999119,
              44.87572199974977
            ],
            [
              -67.09472200039302,
              44.87424999973214
            ],
            [
              -67.0932779998963,
              44.87163899986587
            ],
            [
              -67.09405600022116,
              44.867194000188874
            ],
            [
              -67.09113899981371,
              44.86338899999679
            ],
            [
              -67.08858299997961,
              44.86247199972106
            ],
            [
              -67.08644399989703,
              44.86444400010834
            ],
            [
              -67.08741700021554,
              44.868971999742605
            ],
            [
              -67.09380599997588,
              44.877250000163976
            ],
            [
              -67.09805599965367,
              44.87983300014935
            ],
            [
              -67.10272200015635,
              44.88013899984669
            ],
            [
              -67.10377800031554,
              44.88222199997955
            ],
            [
              -67.10841700015573,
              44.8825279997012
            ],
            [
              -67.11013899958847,
              44.884443999941915
            ],
            [
              -67.10561100007638,
              44.88738900007952
            ],
            [
              -67.10213899982516,
              44.886027999998674
            ],
            [
              -67.10561100007638,
              44.89225000017785
            ],
            [
              -67.10394399999689,
              44.8966390002586
            ],
            [
              -67.10147199982838,
              44.896583000185224
            ],
            [
              -67.09975000039563,
              44.89416700027154
            ],
            [
              -67.09386100022749,
              44.89497200015495
            ],
            [
              -67.08977800005599,
              44.88936100023486
            ],
            [
              -67.0896390001388,
              44.882832999759486
            ],
            [
              -67.08422199997376,
              44.878972000307066
            ],
            [
              -67.07655600012127,
              44.878972000307066
            ],
            [
              -67.06452800043805,
              44.86852800000678
            ],
            [
              -67.06152800018992,
              44.87161099976127
            ],
            [
              -67.05813899977937,
              44.86494399988102
            ],
            [
              -67.05375000018444,
              44.86119399983847
            ],
            [
              -67.05241700001581,
              44.855749999754394
            ],
            [
              -67.04872200018183,
              44.850944000128216
            ],
            [
              -67.05113900009876,
              44.848056000307515
            ],
            [
              -67.04897200042709,
              44.84344400022263
            ],
            [
              -67.05280600017824,
              44.83911100025258
            ],
            [
              -67.04577800001022,
              44.8424999999054
            ],
            [
              -67.04497200009627,
              44.84074999989649
            ],
            [
              -67.04744400026478,
              44.8381670002812
            ],
            [
              -67.04655600033507,
              44.836443999794014
            ],
            [
              -67.0447779999275,
              44.83875000004325
            ],
            [
              -67.0422780001699,
              44.83661100016946
            ],
            [
              -67.04080600008407,
              44.83794400013569
            ],
            [
              -67.04330599984169,
              44.840722000055386
            ],
            [
              -67.04100000025285,
              44.843888999766435
            ],
            [
              -67.03841699975625,
              44.84397199974326
            ],
            [
              -67.04066700016692,
              44.84633300002422
            ],
            [
              -67.03988899984205,
              44.85238900002318
            ],
            [
              -67.03547199975972,
              44.85072200026567
            ],
            [
              -67.03458300000509,
              44.8527500001058
            ],
            [
              -67.02941699991023,
              44.85569399999349
            ],
            [
              -67.02397200015608,
              44.85313900002404
            ],
            [
              -67.02544400024188,
              44.856888999982566
            ],
            [
              -67.01913900014713,
              44.86072200029144
            ],
            [
              -67.01402800030384,
              44.85730600003348
            ],
            [
              -67.01405599989293,
              44.851417000076864
            ],
            [
              -67.01736099973958,
              44.84919399996722
            ],
            [
              -67.01355600030072,
              44.849999999798946
            ],
            [
              -67.01227800038367,
              44.84905599991922
            ],
            [
              -67.01330600005547,
              44.84752800000548
            ],
            [
              -67.01066700038069,
              44.847361000064055
            ],
            [
              -67.00561099989066,
              44.849750000207564
            ],
            [
              -67.00574999980785,
              44.85288900004759
            ],
            [
              -67.00413899980487,
              44.85486100006517
            ],
            [
              -67.00194399964577,
              44.85577799993284
            ],
            [
              -66.99919399964293,
              44.853721999843735
            ],
            [
              -66.99505600011815,
              44.857083000104005
            ],
            [
              -66.9892220002016,
              44.865389000132936
            ],
            [
              -66.9825000003553,
              44.864582999837914
            ],
            [
              -66.98211100019289,
              44.859999999752084
            ],
            [
              -66.97883300011041,
              44.85669400008156
            ],
            [
              -66.98669399995657,
              44.85286099973813
            ],
            [
              -66.9937780002011,
              44.84580599980304
            ],
            [
              -66.99047199963124,
              44.840832999936964
            ],
            [
              -66.9895829998766,
              44.834110999915964
            ],
            [
              -66.98372200019585,
              44.82247199990587
            ],
            [
              -66.98333300003344,
              44.8178889998276
            ],
            [
              -66.98836100003605,
              44.82541699990433
            ],
            [
              -66.9912499999561,
              44.825806000268784
            ],
            [
              -66.98797199987362,
              44.823278000210315
            ],
            [
              -66.9846390004379,
              44.81500000004272
            ],
            [
              -66.98330600026925,
              44.813722000206106
            ],
            [
              -66.97502799977327,
              44.81619400004601
            ],
            [
              -66.9641940003415,
              44.82286099975369
            ],
            [
              -66.95255599974728,
              44.82288899999037
            ],
            [
              -66.94958300016165,
              44.8208329997002
            ],
            [
              -66.9487499995852,
              44.81663899974229
            ],
            [
              -66.95922200041537,
              44.8095829999696
            ],
            [
              -66.97255599960475,
              44.80872199984146
            ],
            [
              -66.97586100034972,
              44.811250000190405
            ],
            [
              -66.9800280001868,
              44.811250000190405
            ],
            [
              -66.98047199970249,
              44.80994399996456
            ],
            [
              -66.9779719999449,
              44.8083059998726
            ],
            [
              -66.98086099986493,
              44.80544399970349
            ],
            [
              -66.98672200044398,
              44.803722000064305
            ],
            [
              -66.98880600027498,
              44.8016390000193
            ],
            [
              -66.98794400028454,
              44.798306000296265
            ],
            [
              -66.99376516956389,
              44.79453582002154
            ],
            [
              -66.95904699961488,
              44.743684000132156
            ],
            [
              -66.90254400040801,
              44.77656599978864
            ]
          ]
        ]
      }
    },
    {
      "type": "Feature",
      "properties": {
        "LFA": "37",
        "MLS": "82.5",
        "name": "LFA 37"
      },
      "geometry": {
        "type": "Polygon",
        "coordinates": [
          [
            [
              -66.26605799966285,
              44.93341000026404
            ],
            [
              -66.74940700006314,
              44.93341000026404
            ],
            [
              -66.84524600025955,
              44.833411000055875
            ],
            [
              -66.20772099997193,
              44.83341200022285
            ],
            [
              -66.26605799966285,
              44.93341000026404
            ]
          ]
        ]
      }
    },
    {
      "type": "Feature",
      "properties": {
        "LFA": "38",
        "MLS": "82.5",
        "name": "LFA 38"
      },
      "geometry": {
        "type": "Polygon",
        "coordinates": [
          [
            [
              -67.33333300023425,
              43.901459000171826
            ],
            [
              -66.4577260000099,
              44.50841499988511
            ],
            [
              -66.33599000029028,
              44.66666700016009
            ],
            [
              -66.33333300017382,
              44.66666700016009
            ],
            [
              -66.33333300017382,
              44.67012099980809
            ],
            [
              -66.20772099997193,
              44.83341200022285
            ],
            [
              -66.84524600025955,
              44.833411000055875
            ],
            [
              -66.90254400040801,
              44.77656599978864
            ],
            [
              -66.95904699961488,
              44.743684000132156
            ],
            [
              -67.01102899988062,
              44.68940100001357
            ],
            [
              -67.05875899992047,
              44.661182999909634
            ],
            [
              -67.09445000040645,
              44.64397099995124
            ],
            [
              -67.12111600003372,
              44.62892199970662
            ],
            [
              -67.1462700002905,
              44.61268200025614
            ],
            [
              -67.17727699983212,
              44.58930199990063
            ],
            [
              -67.21163199977639,
              44.557551999957255
            ],
            [
              -67.22973699994876,
              44.53730000001041
            ],
            [
              -67.24588100031379,
              44.516258999699716
            ],
            [
              -67.26821299969939,
              44.479665000046545
            ],
            [
              -67.27878599991355,
              44.45695600002255
            ],
            [
              -67.28718599970998,
              44.43379399972138
            ],
            [
              -67.29338100019987,
              44.41028400017775
            ],
            [
              -67.29733299995179,
              44.38652200010058
            ],
            [
              -67.29905000026,
              44.36261699994879
            ],
            [
              -67.29851499960938,
              44.33866399973385
            ],
            [
              -67.29263100036242,
              44.29892399987188
            ],
            [
              -67.28115699979973,
              44.261231000249474
            ],
            [
              -67.26890200033576,
              44.21024800005925
            ],
            [
              -67.33333300023425,
              44.02839599999266
            ],
            [
              -67.3994239996412,
              43.85564599989672
            ],
            [
              -67.33333300023425,
              43.901459000171826
            ]
          ]
        ]
      }
    },
    {
      "type": "Feature",
      "properties": {
        "LFA": "40",
        "MLS": "NA",
        "name": "LFA 40"
      },
      "geometry": {
        "type": "Polygon",
        "coordinates": [
          [
            [
              -65.21666666964916,
              42.58333333029846
            ],
            [
              -65.2333333296094,
              42.91666667024835
            ],
            [
              -65.21666666964916,
              42.91666667024835
            ],
            [
              -66.50000000042498,
              42.91666667024835
            ],
            [
              -66.50000000042498,
              42.404166669934774
            ],
            [
              -66.34999999969726,
              42.38694443981888
            ],
            [
              -66.22500000013885,
              42.350000000131715
            ],
            [
              -65.21666666964916,
              42.350000000131715
            ],
            [
              -65.21666666964916,
              42.58333333029846
            ]
          ]
        ]
      }
    },
    {
      "type": "Feature",
      "properties": {
        "LFA": "31A",
        "MLS": "82.5",
        "name": "LFA 31A"
      },
      "geometry": {
        "type": "Polygon",
        "coordinates": [
          [
            [
              -60.70565516284531,
              44.45254112387549
            ],
            [
              -60.349123999998874,
              44.566624000132954
            ],
            [
              -60.16578400037652,
              44.666621999958814
            ],
            [
              -60.6324529999363,
              45.411066000036776
            ],
            [
              -61.38505599967137,
              45.41041699979238
            ],
            [
              -61.3879720002539,
              45.41666699996404
            ],
            [
              -61.391693999852066,
              45.41958299985014
            ],
            [
              -61.408361000273814,
              45.4212500000003
            ],
            [
              -61.41919399988068,
              45.41705600025701
            ],
            [
              -61.43502799972598,
              45.40205599988961
            ],
            [
              -61.4441670003875,
              45.40288900006346
            ],
            [
              -61.457499999751974,
              45.3987219998363
            ],
            [
              -61.46833300025716,
              45.39788900004101
            ],
            [
              -61.4783330001859,
              45.39041699981289
            ],
            [
              -61.48458300002907,
              45.381639000021444
            ],
            [
              -61.489250000356655,
              45.380389000024024
            ],
            [
              -61.48877800035354,
              45.382499999892914
            ],
            [
              -61.48463900010556,
              45.38580599999844
            ],
            [
              -61.4900560002706,
              45.38622199995542
            ],
            [
              -61.49124999962375,
              45.387500000050046
            ],
            [
              -61.49041699994562,
              45.39080599984075
            ],
            [
              -61.485055999857074,
              45.39124999998522
            ],
            [
              -61.486221999621144,
              45.3958329997846
            ],
            [
              -61.477971999612556,
              45.400805999756315
            ],
            [
              -61.489166999617666,
              45.40455599981169
            ],
            [
              -61.49711100020282,
              45.41416700003686
            ],
            [
              -61.496306000113776,
              45.41666699996404
            ],
            [
              -61.502944000294455,
              45.419944000198214
            ],
            [
              -61.50297199988355,
              45.424972000216066
            ],
            [
              -61.505860999803595,
              45.43291700013303
            ],
            [
              -61.51922199965547,
              45.43458300014586
            ],
            [
              -61.51422200014026,
              45.43291700013303
            ],
            [
              -61.5129440002232,
              45.42916700000748
            ],
            [
              -61.510472000054676,
              45.42747200027583
            ],
            [
              -61.51205600029349,
              45.42247199977619
            ],
            [
              -61.50624999996603,
              45.41497200010462
            ],
            [
              -61.507082999644155,
              45.4082779999252
            ],
            [
              -61.50249999988045,
              45.40961100017688
            ],
            [
              -61.50047200012596,
              45.40666700030217
            ],
            [
              -61.50175000004302,
              45.40455599981169
            ],
            [
              -61.50458299988654,
              45.40413900015285
            ],
            [
              -61.49380600035617,
              45.40416699982404
            ],
            [
              -61.49836099963247,
              45.400389000170755
            ],
            [
              -61.50544400005207,
              45.399193999848954
            ],
            [
              -61.49711100020282,
              45.392500000189536
            ],
            [
              -61.49633299987795,
              45.38830599968756
            ],
            [
              -61.49047200019722,
              45.383333000015554
            ],
            [
              -61.491694000037754,
              45.38208300024491
            ],
            [
              -61.50047200012596,
              45.38169400012606
            ],
            [
              -61.49080600010806,
              45.379556000062394
            ],
            [
              -61.48872200027705,
              45.374999999957424
            ],
            [
              -61.48461099961815,
              45.3716389999292
            ],
            [
              -61.485055999857074,
              45.370444000060246
            ],
            [
              -61.49086100035966,
              45.37122199969552
            ],
            [
              -61.49294400036573,
              45.36916700029936
            ],
            [
              -61.47425000001439,
              45.367916999753774
            ],
            [
              -61.47213900041921,
              45.36502799982866
            ],
            [
              -61.47205599968022,
              45.36163899997992
            ],
            [
              -61.46749999968072,
              45.35958299976015
            ],
            [
              -61.46630600032756,
              45.355805999792835
            ],
            [
              -61.461666999589056,
              45.35286099977653
            ],
            [
              -61.44166699973158,
              45.34958299989935
            ],
            [
              -61.432500000379285,
              45.34955599971004
            ],
            [
              -61.4266940000518,
              45.35124999989919
            ],
            [
              -61.38172200041074,
              45.35124999989919
            ],
            [
              -61.376666999745616,
              45.34872200014534
            ],
            [
              -61.33419400003723,
              45.35205599986991
            ],
            [
              -61.330889000190595,
              45.353721999695274
            ],
            [
              -61.31252799992518,
              45.352083000129234
            ],
            [
              -61.306667000244445,
              45.35291700004126
            ],
            [
              -61.289193999908754,
              45.34955599971004
            ],
            [
              -61.28083299957209,
              45.3445830002599
            ],
            [
              -61.27252800021022,
              45.34291699976325
            ],
            [
              -61.264222000125145,
              45.33872200002559
            ],
            [
              -61.26083299971461,
              45.34124999996655
            ],
            [
              -61.2537219997059,
              45.34249999996286
            ],
            [
              -61.261667000115956,
              45.345388999833936
            ],
            [
              -61.262528000281506,
              45.34955599971004
            ],
            [
              -61.24833300002826,
              45.352083000129234
            ],
            [
              -61.24333299961472,
              45.3487500001227
            ],
            [
              -61.24463900001919,
              45.35083300024468
            ],
            [
              -61.243361000102134,
              45.35291700004126
            ],
            [
              -61.23755599959958,
              45.354556000073615
            ],
            [
              -61.2333889997625,
              45.35294399988977
            ],
            [
              -61.22586100000227,
              45.352889000231464
            ],
            [
              -61.22002799991062,
              45.35541700008621
            ],
            [
              -61.213361000315935,
              45.35544400000453
            ],
            [
              -61.20583299965738,
              45.34788899969286
            ],
            [
              -61.19752800029553,
              45.35124999989919
            ],
            [
              -61.19544399956621,
              45.35333300018252
            ],
            [
              -61.1970830000566,
              45.355000000202736
            ],
            [
              -61.19502799963961,
              45.35622200016001
            ],
            [
              -61.192500000292924,
              45.35625000021447
            ],
            [
              -61.19083300021344,
              45.35291700004126
            ],
            [
              -61.18169399955192,
              45.352083000129234
            ],
            [
              -61.16002800033819,
              45.355389000250845
            ],
            [
              -61.15497199984815,
              45.358722000013024
            ],
            [
              -61.14086100015883,
              45.358722000013024
            ],
            [
              -61.14291700040073,
              45.355805999792835
            ],
            [
              -61.13750000023569,
              45.35211099970648
            ],
            [
              -61.105082999634234,
              45.342889000057546
            ],
            [
              -61.10000000027834,
              45.34622199982656
            ],
            [
              -61.08833300027012,
              45.34619399986142
            ],
            [
              -61.070028000081216,
              45.35041700003509
            ],
            [
              -61.061694000407044,
              45.3503890002511
            ],
            [
              -61.05338900014687,
              45.34711099988437
            ],
            [
              -61.03166699995834,
              45.34455600021104
            ],
            [
              -61.03249999963646,
              45.3503890002511
            ],
            [
              -61.02588900011825,
              45.34952800013139
            ],
            [
              -61.022499999707726,
              45.3537779997393
            ],
            [
              -61.01591699977862,
              45.3545829997715
            ],
            [
              -61.01333300035542,
              45.352083000129234
            ],
            [
              -61.00838900001838,
              45.352028000265456
            ],
            [
              -61.003806000254706,
              45.348306000203436
            ],
            [
              -61.00416699992973,
              45.34711099988437
            ],
            [
              -61.00000000009264,
              45.34788899969286
            ],
            [
              -60.998778000252074,
              45.34666699973576
            ],
            [
              -60.99713899976168,
              45.3424440001252
            ],
            [
              -61.00505599968435,
              45.34044400018604
            ],
            [
              -60.98416700007223,
              45.335360999834684
            ],
            [
              -60.97422200039509,
              45.327889000156375
            ],
            [
              -60.97083299998455,
              45.32794400010581
            ],
            [
              -60.964972000303796,
              45.32372200029975
            ],
            [
              -60.9604170001292,
              45.32249999981349
            ],
            [
              -60.96091699972139,
              45.31958300014484
            ],
            [
              -60.965028000380286,
              45.320388999969026
            ],
            [
              -60.967528000137904,
              45.31791699998696
            ],
            [
              -60.97499999982162,
              45.3153890001159
            ],
            [
              -60.97633299999027,
              45.316666999960034
            ],
            [
              -60.97294399957972,
              45.32083300027211
            ],
            [
              -60.97755599965573,
              45.322916999733884
            ],
            [
              -60.97841699982128,
              45.3195560001764
            ],
            [
              -60.98955599974989,
              45.31580599994255
            ],
            [
              -60.98461099958795,
              45.31416699993705
            ],
            [
              -60.983777999909826,
              45.312499999706354
            ],
            [
              -60.9854170004002,
              45.3091670000649
            ],
            [
              -60.98416700007223,
              45.307944000182424
            ],
            [
              -60.9791940003212,
              45.30705600007374
            ],
            [
              -60.972055999650024,
              45.309139000098284
            ],
            [
              -60.974610999659205,
              45.305833000133504
            ],
            [
              -60.97377799998108,
              45.30413900019091
            ],
            [
              -60.97499999982162,
              45.302056000296936
            ],
            [
              -60.978805999983685,
              45.30166700027711
            ],
            [
              -60.978749999907194,
              45.29913900030736
            ],
            [
              -60.97625000014959,
              45.29830600030784
            ],
            [
              -60.976693999665294,
              45.29705599996033
            ],
            [
              -60.98172199966791,
              45.29458299988556
            ],
            [
              -60.9883609996735,
              45.29458299988556
            ],
            [
              -60.98794399992198,
              45.29330599978539
            ],
            [
              -60.98958300041238,
              45.29247200029141
            ],
            [
              -60.9833610001583,
              45.29208300024226
            ],
            [
              -60.97791700022907,
              45.28833299985754
            ],
            [
              -60.980861000400694,
              45.28455599972047
            ],
            [
              -60.986332999919014,
              45.288306000169705
            ],
            [
              -60.98625000007832,
              45.28586099974173
            ],
            [
              -60.98458299999886,
              45.28497200022188
            ],
            [
              -60.98544400016439,
              45.28333299985218
            ],
            [
              -60.98169400007882,
              45.28205599990952
            ],
            [
              -60.98169400007882,
              45.27961100000145
            ],
            [
              -60.97958299958532,
              45.27997199978814
            ],
            [
              -60.97794399999324,
              45.27580600009083
            ],
            [
              -60.980083000075844,
              45.2728890001754
            ],
            [
              -60.98175000015531,
              45.2737780000141
            ],
            [
              -60.98249999999277,
              45.270416999759746
            ],
            [
              -60.98422200032383,
              45.27211100002131
            ],
            [
              -60.98630600015484,
              45.270805999820745
            ],
            [
              -60.98088899998979,
              45.26374999991453
            ],
            [
              -60.97913900006963,
              45.26458299971198
            ],
            [
              -60.97794399999324,
              45.262499999923165
            ],
            [
              -60.98211099983033,
              45.260805999887296
            ],
            [
              -60.98044399975086,
              45.257499999802874
            ],
            [
              -60.98249999999277,
              45.25458300003832
            ],
            [
              -60.98672200008142,
              45.25452799972801
            ],
            [
              -60.989638999590554,
              45.256638999823075
            ],
            [
              -60.987138999832965,
              45.254139000048134
            ],
            [
              -60.98747199991888,
              45.25122200028417
            ],
            [
              -60.993361000087035,
              45.25625000005935
            ],
            [
              -60.99416700000098,
              45.25455600009961
            ],
            [
              -60.99797200033812,
              45.25416699997915
            ],
            [
              -60.995417000328935,
              45.257499999802874
            ],
            [
              -60.996250000007066,
              45.2591670001901
            ],
            [
              -60.993721999762066,
              45.25997199999001
            ],
            [
              -60.99958300034112,
              45.263332999725776
            ],
            [
              -60.99794399985074,
              45.270805999820745
            ],
            [
              -60.995471999682216,
              45.27247200011003
            ],
            [
              -61.00458299985632,
              45.270805999820745
            ],
            [
              -61.003000000340755,
              45.27249999985108
            ],
            [
              -61.003000000340755,
              45.27919400002597
            ],
            [
              -60.99708299968519,
              45.286611000008435
            ],
            [
              -61.000888999847255,
              45.2904169999935
            ],
            [
              -61.0017220004237,
              45.28791699998735
            ],
            [
              -61.004222000181315,
              45.28788900026931
            ],
            [
              -61.00752799985286,
              45.2904169999935
            ],
            [
              -61.00919400010743,
              45.28705599996681
            ],
            [
              -61.01583300011302,
              45.28705599996681
            ],
            [
              -61.019639000275085,
              45.289138999811385
            ],
            [
              -61.01838899994713,
              45.2904169999935
            ],
            [
              -61.01583300011302,
              45.28958299972682
            ],
            [
              -61.01547200043802,
              45.29083299985568
            ],
            [
              -61.019167000271985,
              45.2912500002314
            ],
            [
              -61.02044400036413,
              45.28749999975522
            ],
            [
              -61.023777999624784,
              45.28663899972528
            ],
            [
              -61.02208299995621,
              45.284139000062495
            ],
            [
              -61.025916999707356,
              45.28374999974623
            ],
            [
              -61.02788900028367,
              45.28500000011562
            ],
            [
              -61.02794399963694,
              45.288360999988356
            ],
            [
              -61.02541700011515,
              45.288306000169705
            ],
            [
              -61.0287780000383,
              45.289971999859375
            ],
            [
              -61.027139000446226,
              45.29247200029141
            ],
            [
              -61.03333300021291,
              45.29622200000634
            ],
            [
              -61.035027999881486,
              45.29374999994167
            ],
            [
              -61.037556000126486,
              45.29625000003408
            ],
            [
              -61.0496109995739,
              45.29416699972402
            ],
            [
              -61.04383299973384,
              45.29247200029141
            ],
            [
              -61.04419400030718,
              45.29122200026278
            ],
            [
              -61.04922200030978,
              45.2912500002314
            ],
            [
              -61.04833299965685,
              45.28872199971496
            ],
            [
              -61.043333000141644,
              45.28794399986029
            ],
            [
              -61.034166999715936,
              45.27955599991642
            ],
            [
              -61.03088899963347,
              45.280416999994124
            ],
            [
              -61.02836100028677,
              45.27874999970284
            ],
            [
              -61.02375000003568,
              45.27166699990854
            ],
            [
              -61.03083299955698,
              45.270416999759746
            ],
            [
              -61.031639000369246,
              45.27458299998408
            ],
            [
              -61.03380600004092,
              45.27330599970551
            ],
            [
              -61.032111000372346,
              45.27083300025098
            ],
            [
              -61.03624999972202,
              45.2683330001739
            ],
            [
              -61.03300000012697,
              45.2683330001739
            ],
            [
              -61.03374999996443,
              45.2649719999233
            ],
            [
              -61.032111000372346,
              45.2591670001901
            ],
            [
              -61.03666700037185,
              45.2537500002332
            ],
            [
              -61.0399999998076,
              45.25288900031007
            ],
            [
              -61.04338900021814,
              45.25541700004427
            ],
            [
              -61.04833299965685,
              45.255389000097196
            ],
            [
              -61.05333300007038,
              45.25872200028426
            ],
            [
              -61.053360999659475,
              45.250388999876996
            ],
            [
              -61.05624999957951,
              45.25163900025246
            ],
            [
              -61.05747200031837,
              45.25541700004427
            ],
            [
              -61.06044400007909,
              45.25416699997915
            ],
            [
              -61.05624999957951,
              45.25083300009382
            ],
            [
              -61.05374999982189,
              45.244167000053956
            ],
            [
              -61.054221999825,
              45.24205599999913
            ],
            [
              -61.05791699965898,
              45.23999999982264
            ],
            [
              -61.05088900038927,
              45.24038900019543
            ],
            [
              -61.049193999822386,
              45.242083000187606
            ],
            [
              -61.0450279998102,
              45.241221999874945
            ],
            [
              -61.0450279998102,
              45.23624999984313
            ],
            [
              -61.04922200030978,
              45.23711100022467
            ],
            [
              -61.05122199957689,
              45.23497199999809
            ],
            [
              -61.0425559996417,
              45.232889000209155
            ],
            [
              -61.0424999995652,
              45.22955599985953
            ],
            [
              -61.054221999825,
              45.22794399981459
            ],
            [
              -61.05666700022934,
              45.224556000298364
            ],
            [
              -61.059193999751116,
              45.224582999944396
            ],
            [
              -61.0608609998306,
              45.22788900028249
            ],
            [
              -61.067971999839315,
              45.227471999959064
            ],
            [
              -61.06380599982713,
              45.23163899971028
            ],
            [
              -61.068806000240656,
              45.23166699997793
            ],
            [
              -61.066693999922265,
              45.23455599990573
            ],
            [
              -61.06999999959381,
              45.23455599990573
            ],
            [
              -61.07338900000436,
              45.23705600007463
            ],
            [
              -61.078360999930474,
              45.23622199993567
            ],
            [
              -61.08422199961123,
              45.23786100017886
            ],
            [
              -61.08755599977017,
              45.24205599999913
            ],
            [
              -61.08672200026714,
              45.23791700026238
            ],
            [
              -61.08836099985921,
              45.23708300010893
            ],
            [
              -61.09172199978235,
              45.23875000012809
            ],
            [
              -61.0946390001898,
              45.235833000133375
            ],
            [
              -61.0833889999331,
              45.233750000273325
            ],
            [
              -61.07708300001342,
              45.228332999840354
            ],
            [
              -61.07752800025234,
              45.22541700005874
            ],
            [
              -61.08330600009241,
              45.22625000030603
            ],
            [
              -61.08672200026714,
              45.22374999994565
            ],
            [
              -61.08838900034661,
              45.224556000298364
            ],
            [
              -61.09172199978235,
              45.22124999974007
            ],
            [
              -61.095028000352215,
              45.22211100021695
            ],
            [
              -61.098389000275354,
              45.217889000217085
            ],
            [
              -61.103388999790575,
              45.21869399971674
            ],
            [
              -61.105860999959084,
              45.22205600010307
            ],
            [
              -61.10916699963064,
              45.22205600010307
            ],
            [
              -61.10961100004466,
              45.22080599990804
            ],
            [
              -61.10630600019801,
              45.21836099990978
            ],
            [
              -61.10669399963722,
              45.21624999985085
            ],
            [
              -61.10919400029313,
              45.21622200021524
            ],
            [
              -61.11005600028357,
              45.21458299989463
            ],
            [
              -61.116666999801765,
              45.21544400008025
            ],
            [
              -61.12172199956857,
              45.21208299973256
            ],
            [
              -61.123361000058964,
              45.21372199996248
            ],
            [
              -61.12666699973051,
              45.21372199996248
            ],
            [
              -61.12672199998209,
              45.21205599984606
            ],
            [
              -61.12419399973709,
              45.21288900030922
            ],
            [
              -61.12377799981047,
              45.21080600004508
            ],
            [
              -61.12708299965712,
              45.20827799991822
            ],
            [
              -61.125417000300864,
              45.20752800009667
            ],
            [
              -61.12666699973051,
              45.20622199990502
            ],
            [
              -61.13583300015622,
              45.207916999946555
            ],
            [
              -61.13672199991085,
              45.21038899972499
            ],
            [
              -61.13958300024178,
              45.20997200014481
            ],
            [
              -61.13958300024178,
              45.212500000289495
            ],
            [
              -61.13755600031218,
              45.21458299989463
            ],
            [
              -61.134166999901645,
              45.21205599984606
            ],
            [
              -61.13127799998162,
              45.21413899989274
            ],
            [
              -61.13252800030958,
              45.21541699989097
            ],
            [
              -61.13419399966583,
              45.21372199996248
            ],
            [
              -61.13752799982478,
              45.21544400008025
            ],
            [
              -61.14583300008494,
              45.211221999922344
            ],
            [
              -61.14708300041292,
              45.212500000289495
            ],
            [
              -61.146278000323875,
              45.21494399995652
            ],
            [
              -61.14919400000809,
              45.2153889998452
            ],
            [
              -61.152555999756146,
              45.211221999922344
            ],
            [
              -61.15588900009018,
              45.21041699970109
            ],
            [
              -61.15627800025261,
              45.213332999944946
            ],
            [
              -61.162138999933354,
              45.217500000227965
            ],
            [
              -61.162971999611486,
              45.2216670001486
            ],
            [
              -61.158750000421136,
              45.227499999748865
            ],
            [
              -61.158778000010216,
              45.230805999988284
            ],
            [
              -61.15544399985125,
              45.23413899978463
            ],
            [
              -61.16086100001632,
              45.23455599990573
            ],
            [
              -61.16249999960837,
              45.231277999994624
            ],
            [
              -61.167527999610996,
              45.23125000016793
            ],
            [
              -61.16919399986557,
              45.22955599985953
            ],
            [
              -61.17122199962007,
              45.23163899971028
            ],
            [
              -61.17050000027002,
              45.236667000288314
            ],
            [
              -61.16458299961446,
              45.23913900020324
            ],
            [
              -61.166249999693946,
              45.23997199986541
            ],
            [
              -61.16586100042983,
              45.242083000187606
            ],
            [
              -61.16005599992727,
              45.242083000187606
            ],
            [
              -61.15833299977129,
              45.24041699994716
            ],
            [
              -61.14919400000809,
              45.24705600011981
            ],
            [
              -61.144222000081974,
              45.248749999907375
            ],
            [
              -61.142082999999396,
              45.25169400019866
            ],
            [
              -61.14380600015535,
              45.25416699997915
            ],
            [
              -61.13955599957929,
              45.25747200025057
            ],
            [
              -61.13880599974183,
              45.263306000153825
            ],
            [
              -61.134556000064066,
              45.26911100027486
            ],
            [
              -61.12083299981395,
              45.27791699984239
            ],
            [
              -61.11797200038132,
              45.28163900020548
            ],
            [
              -61.12502800013843,
              45.27874999970284
            ],
            [
              -61.12836099957417,
              45.27541700016454
            ],
            [
              -61.13919400007936,
              45.2712499997151
            ],
            [
              -61.14838899991905,
              45.269556000307695
            ],
            [
              -61.155860999602794,
              45.2712499997151
            ],
            [
              -61.15663899992764,
              45.269583000068145
            ],
            [
              -61.159250000013316,
              45.269583000068145
            ],
            [
              -61.16627800018136,
              45.27997199978814
            ],
            [
              -61.170388999941935,
              45.29502799986118
            ],
            [
              -61.16999999977952,
              45.3003890002302
            ],
            [
              -61.17383299970576,
              45.299193999731045
            ],
            [
              -61.17461100003061,
              45.29497199984898
            ],
            [
              -61.16877799993896,
              45.282471999781286
            ],
            [
              -61.16872199986247,
              45.27916699978089
            ],
            [
              -61.164611000101864,
              45.27330599970551
            ],
            [
              -61.165472000267414,
              45.27166699990854
            ],
            [
              -61.15541700008708,
              45.26500000020298
            ],
            [
              -61.15916700017265,
              45.264556000102246
            ],
            [
              -61.1583610002587,
              45.26208300003722
            ],
            [
              -61.16336099977392,
              45.26202800003592
            ],
            [
              -61.16586100042983,
              45.259556000205116
            ],
            [
              -61.168388999776525,
              45.259556000205116
            ],
            [
              -61.16999999977952,
              45.26208300003722
            ],
            [
              -61.17169399962317,
              45.259556000205116
            ],
            [
              -61.176721999625805,
              45.25705599985499
            ],
            [
              -61.18083300028469,
              45.257860999863446
            ],
            [
              -61.18044400012227,
              45.254139000048134
            ],
            [
              -61.18172200003932,
              45.25291700022502
            ],
            [
              -61.18502799971087,
              45.25541700004427
            ],
            [
              -61.186278000038826,
              45.251667000151265
            ],
            [
              -61.179582999956736,
              45.24333299992608
            ],
            [
              -61.18752800036679,
              45.24041699994716
            ],
            [
              -61.18877799979644,
              45.236667000288314
            ],
            [
              -61.182943999879875,
              45.234167000085776
            ],
            [
              -61.18208299971435,
              45.228332999840354
            ],
            [
              -61.17880600035511,
              45.22502799969125
            ],
            [
              -61.17966699962232,
              45.22330600002287
            ],
            [
              -61.17630599969918,
              45.2216670001486
            ],
            [
              -61.17752800043806,
              45.21872200003345
            ],
            [
              -61.179582999956736,
              45.218333000048034
            ],
            [
              -61.175389000355466,
              45.21502800007696
            ],
            [
              -61.17461100003061,
              45.21163899983078
            ],
            [
              -61.178740770987375,
              45.2112356899228
            ],
            [
              -60.70565516284531,
              44.45254112387549
            ]
          ]
        ]
      }
    },
    {
      "type": "Feature",
      "properties": {
        "LFA": "31B",
        "MLS": "82.5",
        "name": "LFA 31B"
      },
      "geometry": {
        "type": "Polygon",
        "coordinates": [
          [
            [
              -61.178740770987375,
              45.2112356899228
            ],
            [
              -61.18208299971435,
              45.210832999892126
            ],
            [
              -61.18419400020782,
              45.21791700029746
            ],
            [
              -61.19422199972567,
              45.20794399989926
            ],
            [
              -61.197139000133106,
              45.20999999969331
            ],
            [
              -61.19463900037549,
              45.21247200007314
            ],
            [
              -61.19580599996447,
              45.21375000019619
            ],
            [
              -61.198750000136094,
              45.213332999944946
            ],
            [
              -61.19794400022214,
              45.21836099990978
            ],
            [
              -61.202972000224754,
              45.22247199994271
            ],
            [
              -61.20044399997974,
              45.22580600029506
            ],
            [
              -61.2012499998937,
              45.22836099983872
            ],
            [
              -61.20838900038981,
              45.22788900028249
            ],
            [
              -61.21083300007092,
              45.224556000298364
            ],
            [
              -61.21294399966609,
              45.22499999994923
            ],
            [
              -61.21294399966609,
              45.23002800012412
            ],
            [
              -61.211721999825535,
              45.232916999860976
            ],
            [
              -61.208750000064825,
              45.23411100010225
            ],
            [
              -61.209638999819454,
              45.23750000013435
            ],
            [
              -61.208360999902396,
              45.23955599968887
            ],
            [
              -61.20341699956537,
              45.23958299980031
            ],
            [
              -61.20294399973736,
              45.236667000288314
            ],
            [
              -61.19838899956275,
              45.23208299970873
            ],
            [
              -61.195416999802035,
              45.23413899978463
            ],
            [
              -61.19627799996757,
              45.23936041058667
            ],
            [
              -61.20285823847549,
              45.24991323818604
            ],
            [
              -61.20672200031032,
              45.250388999876996
            ],
            [
              -61.21127800030985,
              45.25416699997915
            ],
            [
              -61.20955599997876,
              45.254999999991405
            ],
            [
              -61.211721999825535,
              45.2612779998169
            ],
            [
              -61.213778000067435,
              45.25747200025057
            ],
            [
              -61.2129720001535,
              45.254999999991405
            ],
            [
              -61.21630600031245,
              45.254139000048134
            ],
            [
              -61.21547199991112,
              45.24749999982789
            ],
            [
              -61.21672200023906,
              45.246250000069026
            ],
            [
              -61.24586099985974,
              45.24538900029289
            ],
            [
              -61.24625000002217,
              45.25169400019866
            ],
            [
              -61.24922199978289,
              45.25208300018355
            ],
            [
              -61.24955599969372,
              45.2491669996844
            ],
            [
              -61.25172200043881,
              45.247082999829345
            ],
            [
              -61.25836100044441,
              45.24705600011981
            ],
            [
              -61.258389000033496,
              45.24375000025548
            ],
            [
              -61.265028000039095,
              45.24288899990577
            ],
            [
              -61.27247200013373,
              45.246250000069026
            ],
            [
              -61.278306000050286,
              45.245417000110386
            ],
            [
              -61.28374999997953,
              45.25083300009382
            ],
            [
              -61.28455599989347,
              45.25580599982303
            ],
            [
              -61.282555999728075,
              45.25788899985633
            ],
            [
              -61.28088899964858,
              45.25705599985499
            ],
            [
              -61.278361000301885,
              45.259556000205116
            ],
            [
              -61.274166999802304,
              45.25958300029578
            ],
            [
              -61.27047199996832,
              45.261666999911874
            ],
            [
              -61.275000000378746,
              45.26372200028287
            ],
            [
              -61.278361000301885,
              45.26291699990768
            ],
            [
              -61.27999999989397,
              45.264528000235835
            ],
            [
              -61.2808610000595,
              45.26038900020533
            ],
            [
              -61.298332999671956,
              45.25788899985633
            ],
            [
              -61.29797199999693,
              45.25419400010284
            ],
            [
              -61.299222000324896,
              45.25294400031061
            ],
            [
              -61.30163900024182,
              45.25291700022502
            ],
            [
              -61.3042219998401,
              45.25627800021426
            ],
            [
              -61.30755599999907,
              45.25541700004427
            ],
            [
              -61.30500000016496,
              45.25124999975613
            ],
            [
              -61.31836100001684,
              45.25122200028417
            ],
            [
              -61.32166699968838,
              45.25452799972801
            ],
            [
              -61.32833300035649,
              45.25372200009659
            ],
            [
              -61.32958299978613,
              45.251667000151265
            ],
            [
              -61.32544400043645,
              45.249944000115526
            ],
            [
              -61.324610999860006,
              45.24497199997708
            ],
            [
              -61.33461099978875,
              45.24580600007755
            ],
            [
              -61.330860999703184,
              45.241221999874945
            ],
            [
              -61.32419400010849,
              45.23958299980031
            ],
            [
              -61.32341699960854,
              45.23619400001447
            ],
            [
              -61.326638999614524,
              45.23624999984313
            ],
            [
              -61.327499999780045,
              45.23791700026238
            ],
            [
              -61.33000000043598,
              45.23538899970013
            ],
            [
              -61.33419400003723,
              45.23538899970013
            ],
            [
              -61.333749999623215,
              45.23997199986541
            ],
            [
              -61.33499999995119,
              45.241221999874945
            ],
            [
              -61.34419399996599,
              45.24205599999913
            ],
            [
              -61.34583299955804,
              45.24458299999128
            ],
            [
              -61.36208300022827,
              45.227499999748865
            ],
            [
              -61.358749999894236,
              45.225860999944544
            ],
            [
              -61.36583300031384,
              45.22372200020686
            ],
            [
              -61.3700829999916,
              45.21711100010888
            ],
            [
              -61.37630600007059,
              45.22250000029715
            ],
            [
              -61.37461100040202,
              45.21997199985422
            ],
            [
              -61.37463899999111,
              45.21327800019955
            ],
            [
              -61.37630600007059,
              45.21086100028253
            ],
            [
              -61.37377799982558,
              45.20663899976263
            ],
            [
              -61.37580599958008,
              45.20622199990502
            ],
            [
              -61.379194000165725,
              45.209582999792595
            ],
            [
              -61.38086100024519,
              45.20788900000555
            ],
            [
              -61.382528000324676,
              45.211221999922344
            ],
            [
              -61.38213900016224,
              45.20830600030063
            ],
            [
              -61.384611000330764,
              45.206666999686014
            ],
            [
              -61.38377799975432,
              45.204167000306214
            ],
            [
              -61.38794399976649,
              45.20250000000025
            ],
            [
              -61.382555999913755,
              45.20208300018414
            ],
            [
              -61.38172200041074,
              45.20041699968613
            ],
            [
              -61.37750000032206,
              45.20286100017016
            ],
            [
              -61.37591699990817,
              45.199583000011195
            ],
            [
              -61.375055999742635,
              45.20375000004994
            ],
            [
              -61.370917000392964,
              45.20461100030648
            ],
            [
              -61.36836099966054,
              45.200388999851334
            ],
            [
              -61.358360999731794,
              45.199555999888005
            ],
            [
              -61.357111000302154,
              45.19827799986843
            ],
            [
              -61.35794399998028,
              45.19497200030411
            ],
            [
              -61.35463900013363,
              45.19166700011758
            ],
            [
              -61.3558330003851,
              45.18958299987418
            ],
            [
              -61.35044399980915,
              45.19080600023362
            ],
            [
              -61.354556000292966,
              45.194139000167795
            ],
            [
              -61.34916699971699,
              45.1987500002746
            ],
            [
              -61.33005599961415,
              45.20041699968613
            ],
            [
              -61.32919399962371,
              45.1987500002746
            ],
            [
              -61.32500000002244,
              45.19872200025246
            ],
            [
              -61.3242219996976,
              45.200388999851334
            ],
            [
              -61.316693999937364,
              45.20124999970346
            ],
            [
              -61.31463900041867,
              45.199166999832734
            ],
            [
              -61.314610999931276,
              45.19497200030411
            ],
            [
              -61.31125000000812,
              45.19333299978999
            ],
            [
              -61.31166699975965,
              45.19041699987167
            ],
            [
              -61.31752800033871,
              45.188722000119405
            ],
            [
              -61.33669399979483,
              45.188722000119405
            ],
            [
              -61.3375280001962,
              45.18541699977394
            ],
            [
              -61.351694000137115,
              45.187055999694664
            ],
            [
              -61.355471999811755,
              45.18500000012825
            ],
            [
              -61.35463900013363,
              45.18333299989906
            ],
            [
              -61.35794399998028,
              45.180806000231
            ],
            [
              -61.357888999728694,
              45.17913900003845
            ],
            [
              -61.36249999997978,
              45.17702800016932
            ],
            [
              -61.364167000059275,
              45.17455599980096
            ],
            [
              -61.37502800015354,
              45.17122200009614
            ],
            [
              -61.37541700031598,
              45.17413899976217
            ],
            [
              -61.37836099958928,
              45.17624999971349
            ],
            [
              -61.377082999672226,
              45.17249999970579
            ],
            [
              -61.37916700040155,
              45.17041700010142
            ],
            [
              -61.384166999916744,
              45.17038900007308
            ],
            [
              -61.38422200016833,
              45.172082999811295
            ],
            [
              -61.381277999996705,
              45.17249999970579
            ],
            [
              -61.384193999680946,
              45.1728890002809
            ],
            [
              -61.386249999922846,
              45.17166700000887
            ],
            [
              -61.38547199959797,
              45.17000000015521
            ],
            [
              -61.386721999925946,
              45.16869399995227
            ],
            [
              -61.416694000123066,
              45.162888999749924
            ],
            [
              -61.42583299988627,
              45.162888999749924
            ],
            [
              -61.43583299981501,
              45.172916999713486
            ],
            [
              -61.443389000062645,
              45.17372199983626
            ],
            [
              -61.44838899957786,
              45.17788900012694
            ],
            [
              -61.457472000162895,
              45.17869400025465
            ],
            [
              -61.459193999595634,
              45.18125000016097
            ],
            [
              -61.45966700032196,
              45.17913900003845
            ],
            [
              -61.45791700040179,
              45.177500000144
            ],
            [
              -61.458806000156436,
              45.17499999970686
            ],
            [
              -61.4512220003197,
              45.17077799986743
            ],
            [
              -61.451249999908796,
              45.16747200024059
            ],
            [
              -61.44877799974029,
              45.16333300003516
            ],
            [
              -61.45502799958345,
              45.16211099996213
            ],
            [
              -61.45711099958955,
              45.159999999779345
            ],
            [
              -61.457944000165995,
              45.15580600002724
            ],
            [
              -61.4625000001655,
              45.15122200023405
            ],
            [
              -61.46674999984325,
              45.14955599987975
            ],
            [
              -61.477499999609456,
              45.14952799973457
            ],
            [
              -61.488389000191134,
              45.159583000218184
            ],
            [
              -61.492556000028216,
              45.15791699976687
            ],
            [
              -61.49755600044175,
              45.16122200015831
            ],
            [
              -61.51416699988867,
              45.162083000284646
            ],
            [
              -61.51583300014324,
              45.16369399972804
            ],
            [
              -61.5191670003022,
              45.162083000284646
            ],
            [
              -61.522528000225336,
              45.16372199988057
            ],
            [
              -61.528361000317,
              45.162888999749924
            ],
            [
              -61.53083299958719,
              45.164583000228205
            ],
            [
              -61.5400280003252,
              45.165388999793194
            ],
            [
              -61.54338900024834,
              45.16038900021255
            ],
            [
              -61.54544399976703,
              45.16169400001592
            ],
            [
              -61.54500000025134,
              45.162888999749924
            ],
            [
              -61.54752799959804,
              45.1629170002981
            ],
            [
              -61.54708300025742,
              45.16083299971163
            ],
            [
              -61.55044400018057,
              45.15916699970374
            ],
            [
              -61.54958300001502,
              45.157500000164006
            ],
            [
              -61.5554169999316,
              45.154138999717965
            ],
            [
              -61.55666700025956,
              45.14952799973457
            ],
            [
              -61.56336099961842,
              45.14955599987975
            ],
            [
              -61.56419400019486,
              45.15208300005894
            ],
            [
              -61.57002800011143,
              45.15455599984391
            ],
            [
              -61.571278000439385,
              45.15916699970374
            ],
            [
              -61.56791699961794,
              45.16083299971163
            ],
            [
              -61.56916699994589,
              45.162888999749924
            ],
            [
              -61.578360999960694,
              45.16038900021255
            ],
            [
              -61.58044399996677,
              45.158361000159395
            ],
            [
              -61.57794400020918,
              45.157472000120805
            ],
            [
              -61.579638999877744,
              45.15497199981401
            ],
            [
              -61.575805999951505,
              45.152917000106896
            ],
            [
              -61.57583299971568,
              45.151278000113386
            ],
            [
              -61.58086099971828,
              45.15041700016456
            ],
            [
              -61.58672200029736,
              45.146249999720524
            ],
            [
              -61.59166699956098,
              45.14872200006605
            ],
            [
              -61.59505599997153,
              45.14538899984922
            ],
            [
              -61.60088900006317,
              45.14455599971238
            ],
            [
              -61.60333299974429,
              45.14702800002493
            ],
            [
              -61.60666699990326,
              45.14622199985199
            ],
            [
              -61.61416700007438,
              45.15041700016456
            ],
            [
              -61.6242220002547,
              45.15122200023405
            ],
            [
              -61.63672199994105,
              45.1595560001232
            ],
            [
              -61.64249999978112,
              45.15791699976687
            ],
            [
              -61.642917000430955,
              45.159971999697795
            ],
            [
              -61.646278000354094,
              45.16161099984926
            ],
            [
              -61.64550000002924,
              45.164167000118105
            ],
            [
              -61.64211099961869,
              45.1666389998417
            ],
            [
              -61.650389000114686,
              45.175833000047355
            ],
            [
              -61.65794399963909,
              45.18747199977315
            ],
            [
              -61.66708300030061,
              45.19494399968895
            ],
            [
              -61.672499999567336,
              45.20205599998142
            ],
            [
              -61.67122199965028,
              45.197499999880186
            ],
            [
              -61.666249999724165,
              45.19247199978702
            ],
            [
              -61.66711099988968,
              45.18997200023831
            ],
            [
              -61.66461100013209,
              45.185832999800674
            ],
            [
              -61.65213900003482,
              45.1733329998847
            ],
            [
              -61.65205600019416,
              45.1666389998417
            ],
            [
              -61.653333000286295,
              45.16375000001933
            ],
            [
              -61.662528000126,
              45.15791699976687
            ],
            [
              -61.68588899990662,
              45.16122200015831
            ],
            [
              -61.69797199984144,
              45.17330599997342
            ],
            [
              -61.70044400000995,
              45.1783059999344
            ],
            [
              -61.71547199994131,
              45.19247199978702
            ],
            [
              -61.71794400010982,
              45.20077799978072
            ],
            [
              -61.71794400010982,
              45.20833300006869
            ],
            [
              -61.719971999864335,
              45.20788900000555
            ],
            [
              -61.72127800026879,
              45.210832999892126
            ],
            [
              -61.72086099961896,
              45.2153889998452
            ],
            [
              -61.72336100027487,
              45.21541699989097
            ],
            [
              -61.72669399971061,
              45.21872200003345
            ],
            [
              -61.7350280002831,
              45.21869399971674
            ],
            [
              -61.74166700028869,
              45.22208300030368
            ],
            [
              -61.7467220000555,
              45.22705600001113
            ],
            [
              -61.7533610000611,
              45.22708299973512
            ],
            [
              -61.757527999898166,
              45.23211099975764
            ],
            [
              -61.75997199957929,
              45.231277999994624
            ],
            [
              -61.76499999958191,
              45.23458299986272
            ],
            [
              -61.77172200032649,
              45.23452799979625
            ],
            [
              -61.780082999764836,
              45.24124999984866
            ],
            [
              -61.795056000342946,
              45.24455599972588
            ],
            [
              -61.79583299994455,
              45.242110999737044
            ],
            [
              -61.78252800016919,
              45.23955599968887
            ],
            [
              -61.76919400008148,
              45.23125000016793
            ],
            [
              -61.75922199974183,
              45.22875000017401
            ],
            [
              -61.754222000226626,
              45.224582999944396
            ],
            [
              -61.74833300005847,
              45.22377800030335
            ],
            [
              -61.73252799962717,
              45.21455599992938
            ],
            [
              -61.72711100036044,
              45.20747199981788
            ],
            [
              -61.72797199962767,
              45.19336099993168
            ],
            [
              -61.71755599977231,
              45.18208300025116
            ],
            [
              -61.712556000257095,
              45.1821110002287
            ],
            [
              -61.71130599992914,
              45.18083299975232
            ],
            [
              -61.71041700017452,
              45.17663900000361
            ],
            [
              -61.71213899960726,
              45.17580600005482
            ],
            [
              -61.70419400009553,
              45.169611000113846
            ],
            [
              -61.699193999682,
              45.16874999976174
            ],
            [
              -61.69880600024279,
              45.16497199977215
            ],
            [
              -61.694167000402615,
              45.159583000218184
            ],
            [
              -61.672555999643826,
              45.1470560001311
            ],
            [
              -61.645472000440144,
              45.12416700022986
            ],
            [
              -61.64672199986978,
              45.119555999850576
            ],
            [
              -61.65166700003172,
              45.118749999898796
            ],
            [
              -61.68005599981497,
              45.119582999877565
            ],
            [
              -61.68422199982714,
              45.11791699980295
            ],
            [
              -61.69791699958986,
              45.118306000295036
            ],
            [
              -61.68916699998908,
              45.11627800021903
            ],
            [
              -61.68166699981795,
              45.109555999971406
            ],
            [
              -61.67413900005773,
              45.10958300029219
            ],
            [
              -61.66919399989579,
              45.10791699990242
            ],
            [
              -61.665027999883606,
              45.10288899985349
            ],
            [
              -61.65919399996705,
              45.10036100010747
            ],
            [
              -61.65541700011729,
              45.09666700001935
            ],
            [
              -61.65419399955351,
              45.0895560002172
            ],
            [
              -61.66838899980673,
              45.0895560002172
            ],
            [
              -61.680860999904,
              45.09455600010606
            ],
            [
              -61.6875559999861,
              45.09538900000134
            ],
            [
              -61.69422199975588,
              45.09375000030865
            ],
            [
              -61.69500000008074,
              45.090443999979
            ],
            [
              -61.70255600032837,
              45.08875000025252
            ],
            [
              -61.70502799959856,
              45.09369399973958
            ],
            [
              -61.720027999940825,
              45.10124999984423
            ],
            [
              -61.723417000351375,
              45.10538900025804
            ],
            [
              -61.72919400036652,
              45.106249999847
            ],
            [
              -61.727944000038576,
              45.0975000001934
            ],
            [
              -61.73127800019753,
              45.09583299970105
            ],
            [
              -61.72752800011195,
              45.09458299991181
            ],
            [
              -61.72877800043991,
              45.092471999694766
            ],
            [
              -61.725028000354364,
              45.090443999979
            ],
            [
              -61.72499999986695,
              45.08872200006031
            ],
            [
              -61.754222000226626,
              45.091277999725556
            ],
            [
              -61.75788899957319,
              45.09330600026773
            ],
            [
              -61.759639000391665,
              45.09830599969469
            ],
            [
              -61.76249999982431,
              45.10038900030035
            ],
            [
              -61.7641390003147,
              45.09538900000134
            ],
            [
              -61.77083299967356,
              45.09538900000134
            ],
            [
              -61.77249999975304,
              45.09288899991819
            ],
            [
              -61.77672199984171,
              45.09538900000134
            ],
            [
              -61.78416699976127,
              45.09541700009581
            ],
            [
              -61.78547200034081,
              45.09419400006845
            ],
            [
              -61.77999999992417,
              45.092916999970114
            ],
            [
              -61.78044400033818,
              45.09080599968731
            ],
            [
              -61.77752799975565,
              45.087916999922754
            ],
            [
              -61.77166700007492,
              45.086193999718716
            ],
            [
              -61.77461100024653,
              45.088278000252224
            ],
            [
              -61.770805999909385,
              45.0895560002172
            ],
            [
              -61.76333300040075,
              45.08788899995649
            ],
            [
              -61.75997199957929,
              45.08625000003082
            ],
            [
              -61.753750000223526,
              45.079138999763096
            ],
            [
              -61.75419399973923,
              45.07711099988431
            ],
            [
              -61.77002799958453,
              45.07711099988431
            ],
            [
              -61.77294400016705,
              45.08000000000487
            ],
            [
              -61.77500000040895,
              45.085389000106595
            ],
            [
              -61.782499999681775,
              45.085417000029814
            ],
            [
              -61.790028000340314,
              45.08875000025252
            ],
            [
              -61.80169399962531,
              45.0895560002172
            ],
            [
              -61.819222000212584,
              45.0971109999284
            ],
            [
              -61.825861000218175,
              45.09619400009458
            ],
            [
              -61.837528000226406,
              45.10124999984423
            ],
            [
              -61.84252799974161,
              45.106277999687805
            ],
            [
              -61.845028000397534,
              45.10622199999252
            ],
            [
              -61.84791700031757,
              45.10327800006604
            ],
            [
              -61.84291699990405,
              45.09833300026386
            ],
            [
              -61.843778000069584,
              45.095805999852196
            ],
            [
              -61.835805999895335,
              45.09458299991181
            ],
            [
              -61.82791699956177,
              45.085833000172066
            ],
            [
              -61.82544399956836,
              45.07749999998967
            ],
            [
              -61.82877799972731,
              45.075832999979475
            ],
            [
              -61.82583299973079,
              45.07375000009719
            ],
            [
              -61.82330600020899,
              45.07875000003205
            ],
            [
              -61.81999999963913,
              45.07877800003759
            ],
            [
              -61.819666999553185,
              45.075861000145665
            ],
            [
              -61.8237780002121,
              45.07247199988449
            ],
            [
              -61.82124999996709,
              45.06499999993793
            ],
            [
              -61.8283330003867,
              45.06205599986654
            ],
            [
              -61.83336100038933,
              45.06455599977223
            ],
            [
              -61.85000000032366,
              45.06374999988248
            ],
            [
              -61.849221999998804,
              45.066249999943444
            ],
            [
              -61.84711100040362,
              45.066638999747305
            ],
            [
              -61.847971999670854,
              45.06830600020839
            ],
            [
              -61.846722000241186,
              45.06961099987193
            ],
            [
              -61.83922200007006,
              45.0703889999381
            ],
            [
              -61.837499999738995,
              45.067056000115265
            ],
            [
              -61.83711099957656,
              45.070832999841656
            ],
            [
              -61.843361000318055,
              45.07288900020308
            ],
            [
              -61.85250000008128,
              45.07205600015276
            ],
            [
              -61.86874999985317,
              45.07827799986789
            ],
            [
              -61.86874999985317,
              45.07330600001658
            ],
            [
              -61.87208300018723,
              45.07249999979426
            ],
            [
              -61.865889000420545,
              45.07208299980936
            ],
            [
              -61.863361000175544,
              45.068749999797625
            ],
            [
              -61.85749999959647,
              45.067083000230525
            ],
            [
              -61.855888999593496,
              45.06374999988248
            ],
            [
              -61.85502800032629,
              45.066249999943444
            ],
            [
              -61.85333299975939,
              45.066249999943444
            ],
            [
              -61.84791700031757,
              45.05500000015074
            ],
            [
              -61.8420559997385,
              45.04916699989056
            ],
            [
              -61.8421109999901,
              45.04663900000208
            ],
            [
              -61.846250000238086,
              45.04080600012658
            ],
            [
              -61.854193999924924,
              45.03538900011055
            ],
            [
              -61.870861000346665,
              45.04458299996838
            ],
            [
              -61.88502800011249,
              45.04622199987008
            ],
            [
              -61.885444000039115,
              45.04913899997545
            ],
            [
              -61.88913899987308,
              45.05374999976037
            ],
            [
              -61.89419399963988,
              45.05122199998453
            ],
            [
              -61.898306000123696,
              45.05541699974695
            ],
            [
              -61.90505599955907,
              45.05702800029537
            ],
            [
              -61.905472000383995,
              45.0599440000452
            ],
            [
              -61.91208299990219,
              45.06499999993793
            ],
            [
              -61.912056000138,
              45.069971999776975
            ],
            [
              -61.91669400015327,
              45.07291699990854
            ],
            [
              -61.932500000409505,
              45.07708299969626
            ],
            [
              -61.94336099960545,
              45.08375000012205
            ],
            [
              -61.94213899976489,
              45.07997199996389
            ],
            [
              -61.944250000258386,
              45.07958300019512
            ],
            [
              -61.950444000025065,
              45.08416699996373
            ],
            [
              -61.954639000349566,
              45.092471999694766
            ],
            [
              -61.95830599969614,
              45.09538900000134
            ],
            [
              -61.957944000196186,
              45.09252800019375
            ],
            [
              -61.95211100010454,
              45.085833000172066
            ],
            [
              -61.94963899993603,
              45.07997199996389
            ],
            [
              -61.943389000092864,
              45.0779169997773
            ],
            [
              -61.94255600041474,
              45.07452800028175
            ],
            [
              -61.939999999682314,
              45.07708299969626
            ],
            [
              -61.93416699959065,
              45.07458300019728
            ],
            [
              -61.927499999995966,
              45.068749999797625
            ],
            [
              -61.91833299974535,
              45.067056000115265
            ],
            [
              -61.91711099990479,
              45.06333300014334
            ],
            [
              -61.91413900014409,
              45.06208299980538
            ],
            [
              -61.903416999966986,
              45.05038900023956
            ],
            [
              -61.895860999719375,
              45.047917000211164
            ],
            [
              -61.893806000200684,
              45.04577799986291
            ],
            [
              -61.89372199963677,
              45.042472000012076
            ],
            [
              -61.88966699995268,
              45.03580599985462
            ],
            [
              -61.88213900019247,
              45.02827800022325
            ],
            [
              -61.88499999962508,
              45.02624999974651
            ],
            [
              -61.89005600011511,
              45.02705599992742
            ],
            [
              -61.89083299971674,
              45.02538900007641
            ],
            [
              -61.901749999887514,
              45.023721999935866
            ],
            [
              -61.9083889998931,
              45.02958299986674
            ],
            [
              -61.91672199974238,
              45.028749999923406
            ],
            [
              -61.926721999671095,
              45.032028000315236
            ],
            [
              -61.93086099991911,
              45.03538900011055
            ],
            [
              -61.93586100033263,
              45.03538900011055
            ],
            [
              -61.949611000346934,
              45.0499720001554
            ],
            [
              -61.95211100010454,
              45.05502799973491
            ],
            [
              -61.94958299985953,
              45.05586099981406
            ],
            [
              -61.95419400011064,
              45.059555999778105
            ],
            [
              -61.96336100036123,
              45.06125000026355
            ],
            [
              -61.964138999787785,
              45.067083000230525
            ],
            [
              -61.973361000289984,
              45.066249999943444
            ],
            [
              -61.9783890002926,
              45.068749999797625
            ],
            [
              -61.97919400038163,
              45.06458299979934
            ],
            [
              -61.96919399955458,
              45.06374999988248
            ],
            [
              -61.96794400012493,
              45.06166699996761
            ],
            [
              -61.971278000283895,
              45.06000000006911
            ],
            [
              -61.968360999876445,
              45.05705600015572
            ],
            [
              -61.95588899977921,
              45.05041700017737
            ],
            [
              -61.95211100010454,
              45.05000000029735
            ],
            [
              -61.95791700043202,
              45.040832999943014
            ],
            [
              -61.94705600033775,
              45.030806000087146
            ],
            [
              -61.947916999604956,
              45.02827800022325
            ],
            [
              -61.94627800001289,
              45.020832999712404
            ],
            [
              -61.94963899993603,
              45.01830600021439
            ],
            [
              -61.950500000101556,
              45.01500000006524
            ],
            [
              -61.94711099969102,
              45.011639000128156
            ],
            [
              -61.94752800034085,
              45.009583000010586
            ],
            [
              -61.95422199969972,
              45.010388999851436
            ],
            [
              -61.953722000107526,
              45.01497199994038
            ],
            [
              -61.96499999995331,
              45.02375000022666
            ],
            [
              -61.96830599962488,
              45.023721999935866
            ],
            [
              -61.97166700044633,
              45.02622200004358
            ],
            [
              -61.98166700037505,
              45.024582999916085
            ],
            [
              -61.99083299990246,
              45.02622200004358
            ],
            [
              -61.99586099990506,
              45.02538900007641
            ],
            [
              -61.99713899982211,
              45.020832999712404
            ],
            [
              -62.00088899990769,
              45.01786099998466
            ],
            [
              -62.00588900032121,
              45.01791699993549
            ],
            [
              -62.00458299991675,
              45.013332999711366
            ],
            [
              -62.0054440000823,
              45.01080600009752
            ],
            [
              -62.01166700016129,
              45.009556000058346
            ],
            [
              -62.0104720000849,
              45.00497200000983
            ],
            [
              -62.013388999594035,
              45.0037500002288
            ],
            [
              -62.019610999848105,
              45.011639000128156
            ],
            [
              -62.019555999596534,
              45.01413900012395
            ],
            [
              -62.01669400033899,
              45.0178889999669
            ],
            [
              -62.01297199984252,
              45.01830600021439
            ],
            [
              -62.01291699959092,
              45.020832999712404
            ],
            [
              -62.02833299985979,
              45.02455600005146
            ],
            [
              -62.02708300043015,
              45.02163899996717
            ],
            [
              -62.02880599968782,
              45.02080599998409
            ],
            [
              -62.025472000427165,
              45.01830600021439
            ],
            [
              -62.02716700009574,
              45.017528000188975
            ],
            [
              -62.02708300043015,
              45.013277999938715
            ],
            [
              -62.0325280001843,
              45.01041700031181
            ],
            [
              -62.034194000438866,
              45.00624999969223
            ],
            [
              -62.03833299978854,
              45.00458299998195
            ],
            [
              -62.04091700011004,
              45.00541700004348
            ],
            [
              -62.041666999947495,
              45.002889000115836
            ],
            [
              -62.054166999633836,
              45.002889000115836
            ],
            [
              -62.0650829999797,
              45.00538900031455
            ],
            [
              -62.066638999731104,
              45.0037219996851
            ],
            [
              -62.079999999582974,
              45.0037219996851
            ],
            [
              -62.08669399984016,
              45.00458299998195
            ],
            [
              -62.091721999842775,
              45.00708299993044
            ],
            [
              -62.09127800032708,
              45.00502799986163
            ],
            [
              -62.09508299976593,
              45.00458299998195
            ],
            [
              -62.093722000008185,
              45.00247200003325
            ],
            [
              -62.09583299960336,
              45.00122199978571
            ],
            [
              -62.09830599959679,
              45.0037500002288
            ],
            [
              -62.09908300009673,
              45.00000000005036
            ],
            [
              -62.087528000241505,
              44.99786099996754
            ],
            [
              -62.085027999585584,
              44.99791699978282
            ],
            [
              -62.08419400008257,
              44.99955599968264
            ],
            [
              -62.05502799979937,
              44.99874999986285
            ],
            [
              -62.04500000028154,
              44.996278000008154
            ],
            [
              -62.041666999947495,
              44.993721999865386
            ],
            [
              -62.03666700043228,
              44.993750000214135
            ],
            [
              -62.032499999696874,
              44.99708299979901
            ],
            [
              -62.00169399999672,
              44.994582999884905
            ],
            [
              -62.00041699990459,
              44.99330599969749
            ],
            [
              -62.00088899990769,
              44.976222000163126
            ],
            [
              -62.01830600016688,
              44.97461099971946
            ],
            [
              -62.02672199985681,
              44.97794400022207
            ],
            [
              -62.030805999853236,
              44.9779169999748
            ],
            [
              -62.041693999711676,
              44.972056000245935
            ],
            [
              -62.04999999979675,
              44.972056000245935
            ],
            [
              -62.05294399996838,
              44.96911099977201
            ],
            [
              -62.054638999636936,
              44.964166999897465
            ],
            [
              -62.05377800036973,
              44.95747200001846
            ],
            [
              -62.05502799979937,
              44.95541700025966
            ],
            [
              -62.056721999643024,
              44.95538900025897
            ],
            [
              -62.06050000021601,
              44.96077799978932
            ],
            [
              -62.0604719997286,
              44.9666110001019
            ],
            [
              -62.057556000044386,
              44.967917000101345
            ],
            [
              -62.056694000053945,
              44.96625000005791
            ],
            [
              -62.05502799979937,
              44.96958300029337
            ],
            [
              -62.062500000381405,
              44.970388999741786
            ],
            [
              -62.065861000304544,
              44.97288899997996
            ],
            [
              -62.070833000230685,
              44.972861000244144
            ],
            [
              -62.075805999981704,
              44.97541700031765
            ],
            [
              -62.07880600022983,
              44.974138999904845
            ],
            [
              -62.07583299974589,
              44.97291699970211
            ],
            [
              -62.067110999734204,
              44.9641389997173
            ],
            [
              -62.06833299957475,
              44.959582999682716
            ],
            [
              -62.076722000398824,
              44.96291700001555
            ],
            [
              -62.07794400023938,
              44.96749999977061
            ],
            [
              -62.08088900023591,
              44.96872199972293
            ],
            [
              -62.08127800039833,
              44.96499999980084
            ],
            [
              -62.07880600022983,
              44.96333300015859
            ],
            [
              -62.08416700031837,
              44.96125000023045
            ],
            [
              -62.08663899958857,
              44.96202799987559
            ],
            [
              -62.09169400025369,
              44.96788899984485
            ],
            [
              -62.09333299984577,
              44.96625000005791
            ],
            [
              -62.098333000259295,
              44.96622200025885
            ],
            [
              -62.10916699969107,
              44.96288899986087
            ],
            [
              -62.11583300035916,
              44.96375000027239
            ],
            [
              -62.1191669996198,
              44.96708300022178
            ],
            [
              -62.12497200012237,
              44.96622200025885
            ],
            [
              -62.125889000364396,
              44.96455599969278
            ],
            [
              -62.128778000284434,
              44.9649720000272
            ],
            [
              -62.118749999868285,
              44.95833299972318
            ],
            [
              -62.11958300044473,
              44.95661100010799
            ],
            [
              -62.118389000193254,
              44.95541700025966
            ],
            [
              -62.11505599985921,
              44.95788900014212
            ],
            [
              -62.10416700017585,
              44.952889000167026
            ],
            [
              -62.10166700041823,
              44.9479169998947
            ],
            [
              -62.10497200026489,
              44.94788900004946
            ],
            [
              -62.11583300035916,
              44.95294400005399
            ],
            [
              -62.120027999785336,
              44.95291700011605
            ],
            [
              -62.12836099963459,
              44.96041699990582
            ],
            [
              -62.13333299956073,
              44.95708299986619
            ],
            [
              -62.137082999646275,
              44.960028000013835
            ],
            [
              -62.13836099956333,
              44.964582999874814
            ],
            [
              -62.143360999976856,
              44.964582999874814
            ],
            [
              -62.14419399965498,
              44.96291700001555
            ],
            [
              -62.14666699964841,
              44.96375000027239
            ],
            [
              -62.14797200022795,
              44.95747200001846
            ],
            [
              -62.15123181032423,
              44.9559018298719
            ],
            [
              -62.10094748041838,
              44.89302067013281
            ],
            [
              -62.097082999931324,
              44.89161099994746
            ],
            [
              -62.099000240106236,
              44.890589490305054
            ],
            [
              -61.53249999966667,
              44.18330099974431
            ],
            [
              -60.70565516284531,
              44.45254112387549
            ],
            [
              -61.178740770987375,
              45.2112356899228
            ]
          ]
        ]
      }
    }
  ]
}
