{
  "type": "FeatureCollection",
  "features": [
    {
      "type": "Feature",
      "properties": {
        "OBJECTID": 140714,
        "THEMELAYER": "Speed Restrictions/Right Whales",
        "INFORM": "50 CFR 224.105: All vessels greater than or equal to 65ft/19.8m in length must slow to speeds of 10 knots or less in seasonal management areas.",
        "OBJNAM": "North Atlantic Right Whale Seasonal Management Area (SMA)",
        "name": "North Atlantic Right Whale Seasonal Management Area (SMA)"
      },
      "geometry": {
        "type": "Polygon",
        "coordinates": [
          [
            [
              -70.82904562499999,
              41.33720494900001
            ],
            [
              -71.856693,
              41.071093399999995
            ],
            [
              -71.64029399999998,
              40.599017
            ],
            [
              -70.61247800000001,
              40.864908000000014
            ],
            [
              -70.82904562499999,
              41.33720494900001
            ]
          ]
        ]
      }
    },
    {
      "type": "Feature",
      "properties": {
        "OBJECTID": 140715,
        "THEMELAYER": "Speed Restrictions/Right Whales",
        "INFORM": "50 CFR 224.105: All vessels greater than or equal to 65ft/19.8m in length must slow to speeds of 10 knots or less in seasonal management areas.",
        "OBJNAM": "North Atlantic Right Whale Seasonal Management Area (SMA)",
        "name": "North Atlantic Right Whale Seasonal Management Area (SMA)"
      },
      "geometry": {
        "type": "Polygon",
        "coordinates": [
          [
            [
              -69.60000000000002,
              41.516666999999984
            ],
            [
              -69.08333299999998,
              41.0
            ],
            [
              -67.14119699999998,
              42.149291600000026
            ],
            [
              -67.45072199999998,
              42.500013000000024
            ],
            [
              -70.5,
              42.5
            ],
            [
              -70.5,
              42.19999999999999
            ],
            [
              -70.72682600000002,
              42.19973700000003
            ],
            [
              -70.72562920000001,
              42.197957024999994
            ],
            [
              -70.72782139999998,
              42.19573109999999
            ],
            [
              -70.72497082500001,
              42.197237667000024
            ],
            [
              -70.72310809999999,
              42.194432000000006
            ],
            [
              -70.72578320000002,
              42.19280980000002
            ],
            [
              -70.71871549999997,
              42.194410833999996
            ],
            [
              -70.71871549999997,
              42.191302699999994
            ],
            [
              -70.7222056,
              42.18724020000002
            ],
            [
              -70.7223573,
              42.1848703
            ],
            [
              -70.715116223,
              42.17335482300001
            ],
            [
              -70.71516259999999,
              42.16803590000001
            ],
            [
              -70.71698550000002,
              42.16506140000001
            ],
            [
              -70.71920190100002,
              42.16496437400002
            ],
            [
              -70.71756540000001,
              42.167026299999975
            ],
            [
              -70.72191859999998,
              42.16719389999997
            ],
            [
              -70.71959609999999,
              42.17028520000002
            ],
            [
              -70.71969380000002,
              42.17179850000002
            ],
            [
              -70.72072789999999,
              42.172211300000015
            ],
            [
              -70.72044160000002,
              42.17306550000001
            ],
            [
              -70.72139320000002,
              42.171336499999995
            ],
            [
              -70.72009980000001,
              42.17183870000002
            ],
            [
              -70.7199468,
              42.17017559999999
            ],
            [
              -70.7224349,
              42.169556399999976
            ],
            [
              -70.72293710000002,
              42.17136169999998
            ],
            [
              -70.72387099999997,
              42.16812879999998
            ],
            [
              -70.72728269999999,
              42.16954070000003
            ],
            [
              -70.72594420000001,
              42.1694832
            ],
            [
              -70.72476849999998,
              42.17046909999999
            ],
            [
              -70.72446769999999,
              42.1719119
            ],
            [
              -70.72482259999998,
              42.172300800000016
            ],
            [
              -70.72486300000003,
              42.17053069999997
            ],
            [
              -70.72696680000001,
              42.17028770000002
            ],
            [
              -70.726965,
              42.17072760000002
            ],
            [
              -70.72741300000001,
              42.17060459999999
            ],
            [
              -70.7270317,
              42.170241799999985
            ],
            [
              -70.72571629999999,
              42.17035370000002
            ],
            [
              -70.72592029999998,
              42.169620399999985
            ],
            [
              -70.72714389999999,
              42.169985800000006
            ],
            [
              -70.730076677,
              42.168549665
            ],
            [
              -70.73163119999998,
              42.17127549999998
            ],
            [
              -70.73004450000002,
              42.17128330000003
            ],
            [
              -70.72949030000001,
              42.1718353
            ],
            [
              -70.72906089999998,
              42.171628
            ],
            [
              -70.72888039999998,
              42.17179479999999
            ],
            [
              -70.72956929999998,
              42.17188479999999
            ],
            [
              -70.73007569999999,
              42.17149970000003
            ],
            [
              -70.73112149999997,
              42.171724100000006
            ],
            [
              -70.73064690000001,
              42.172029399999985
            ],
            [
              -70.73059899999998,
              42.172290299999986
            ],
            [
              -70.73081989999997,
              42.1724787
            ],
            [
              -70.73124339999998,
              42.172545000000014
            ],
            [
              -70.73189789999998,
              42.17154260000001
            ],
            [
              -70.73395929999998,
              42.17505790000001
            ],
            [
              -70.73973339999998,
              42.17629160000001
            ],
            [
              -70.74158260000002,
              42.17559510000001
            ],
            [
              -70.7413345,
              42.173558300000025
            ],
            [
              -70.74255840000001,
              42.174045999999976
            ],
            [
              -70.74266510000001,
              42.173879899999974
            ],
            [
              -70.7401074,
              42.172882000000016
            ],
            [
              -70.74107800000002,
              42.17273949999998
            ],
            [
              -70.74272780000001,
              42.1708716
            ],
            [
              -70.74327720000002,
              42.17157320000001
            ],
            [
              -70.745723,
              42.171687899999995
            ],
            [
              -70.744505,
              42.17236170000001
            ],
            [
              -70.7456972,
              42.17276229999999
            ],
            [
              -70.7447952,
              42.172719400000005
            ],
            [
              -70.74457669999998,
              42.173003800000004
            ],
            [
              -70.74768189999998,
              42.17629160000001
            ],
            [
              -70.7481957,
              42.17503019999998
            ],
            [
              -70.74481650000001,
              42.17291519999998
            ],
            [
              -70.74595470000003,
              42.17273210000002
            ],
            [
              -70.74479229999997,
              42.17222770000001
            ],
            [
              -70.74572799999999,
              42.17220150000003
            ],
            [
              -70.74686839999998,
              42.17156349999999
            ],
            [
              -70.74308380000002,
              42.17069700000002
            ],
            [
              -70.7399125,
              42.1712986
            ],
            [
              -70.73984100000001,
              42.17308939999998
            ],
            [
              -70.7410405,
              42.17357750000002
            ],
            [
              -70.73938020000003,
              42.175717299999974
            ],
            [
              -70.73625340000001,
              42.17520639999998
            ],
            [
              -70.73702350000002,
              42.17321340000001
            ],
            [
              -70.73643980000003,
              42.17439689999998
            ],
            [
              -70.733990162,
              42.17366422600003
            ],
            [
              -70.73363920000003,
              42.17075870000002
            ],
            [
              -70.73600420000002,
              42.17219779999999
            ],
            [
              -70.7336879,
              42.17000389999998
            ],
            [
              -70.7346526,
              42.16964039999999
            ],
            [
              -70.73454980000002,
              42.1687867
            ],
            [
              -70.73590189999999,
              42.16914550000001
            ],
            [
              -70.7371865,
              42.16836599999999
            ],
            [
              -70.7374527,
              42.16794770000001
            ],
            [
              -70.73747580000003,
              42.167338700000016
            ],
            [
              -70.7358954,
              42.169008099999985
            ],
            [
              -70.733249,
              42.16798590000002
            ],
            [
              -70.73449290000002,
              42.169484599999976
            ],
            [
              -70.73295259999998,
              42.1693942
            ],
            [
              -70.73341870000002,
              42.172492999999974
            ],
            [
              -70.73104009999997,
              42.16829289999998
            ],
            [
              -70.72627849999998,
              42.168701699999986
            ],
            [
              -70.72548280500001,
              42.16710702300003
            ],
            [
              -70.72898859999998,
              42.16699679999999
            ],
            [
              -70.73199216400002,
              42.164531275
            ],
            [
              -70.7324979,
              42.1648682
            ],
            [
              -70.73595710000001,
              42.16538000000003
            ],
            [
              -70.7355394,
              42.16415919999997
            ],
            [
              -70.73311510600001,
              42.163032611999995
            ],
            [
              -70.73402192200001,
              42.161804598
            ],
            [
              -70.7375619,
              42.164716699999985
            ],
            [
              -70.73979133799997,
              42.16316969899998
            ],
            [
              -70.73970170000001,
              42.163588000000004
            ],
            [
              -70.7391131,
              42.163772300000005
            ],
            [
              -70.73844329999997,
              42.16488220000002
            ],
            [
              -70.7403367,
              42.1638734
            ],
            [
              -70.73946239999998,
              42.164824899999985
            ],
            [
              -70.73976959999999,
              42.16624760000002
            ],
            [
              -70.7396114,
              42.164838799999984
            ],
            [
              -70.74048950000002,
              42.16504709999998
            ],
            [
              -70.74132909999997,
              42.16476660000001
            ],
            [
              -70.74145220000003,
              42.164559800000006
            ],
            [
              -70.73976049999999,
              42.16471769999998
            ],
            [
              -70.74059030000001,
              42.163694899999996
            ],
            [
              -70.74004538399998,
              42.16309980599999
            ],
            [
              -70.74229464000001,
              42.16134412600002
            ],
            [
              -70.74415699999997,
              42.163147400000014
            ],
            [
              -70.7442729,
              42.161821299999986
            ],
            [
              -70.74510709999998,
              42.161902
            ],
            [
              -70.74467979999997,
              42.1622802
            ],
            [
              -70.74498369999998,
              42.164032299999974
            ],
            [
              -70.74540409999997,
              42.16195399999998
            ],
            [
              -70.74798700000002,
              42.16510870000002
            ],
            [
              -70.75029749999999,
              42.16530119999999
            ],
            [
              -70.75417900000002,
              42.16378300000002
            ],
            [
              -70.75610030000001,
              42.1594063
            ],
            [
              -70.7605413,
              42.15958389999997
            ],
            [
              -70.76225879999998,
              42.15716379999998
            ],
            [
              -70.76411309999997,
              42.159139900000014
            ],
            [
              -70.76572069999997,
              42.159211200000016
            ],
            [
              -70.76860549999998,
              42.154366400000015
            ],
            [
              -70.77197749999999,
              42.155508699999984
            ],
            [
              -70.77567779999998,
              42.155490199999974
            ],
            [
              -70.76797900000003,
              42.1540402
            ],
            [
              -70.76545759999999,
              42.15860479999998
            ],
            [
              -70.76233109999998,
              42.156683199999975
            ],
            [
              -70.76008359999997,
              42.159034899999995
            ],
            [
              -70.75836170000002,
              42.15832390000003
            ],
            [
              -70.7595493,
              42.159318799999994
            ],
            [
              -70.75552950000002,
              42.15895130000001
            ],
            [
              -70.753739,
              42.16316069999999
            ],
            [
              -70.74969759999999,
              42.164636400000006
            ],
            [
              -70.74663279999999,
              42.161529599999994
            ],
            [
              -70.7482415,
              42.16146279999998
            ],
            [
              -70.74453820000002,
              42.16071520000003
            ],
            [
              -70.73739135699998,
              42.16149780699999
            ],
            [
              -70.7326435,
              42.159277900000006
            ],
            [
              -70.72948910000002,
              42.16059130000002
            ],
            [
              -70.72892180000002,
              42.162933899999985
            ],
            [
              -70.73004860100002,
              42.16242125100001
            ],
            [
              -70.72774796800002,
              42.16408595299998
            ],
            [
              -70.72661,
              42.162061800000004
            ],
            [
              -70.72023300000001,
              42.1610536
            ],
            [
              -70.719293602,
              42.160354677999976
            ],
            [
              -70.722282,
              42.160783400000014
            ],
            [
              -70.7246217,
              42.159872500000006
            ],
            [
              -70.72240040100002,
              42.15960970100002
            ],
            [
              -70.72403200000002,
              42.158376299999986
            ],
            [
              -70.72327260100002,
              42.15709849000001
            ],
            [
              -70.72596320000002,
              42.15632629999999
            ],
            [
              -70.72593849999998,
              42.15359760000001
            ],
            [
              -70.72662229999997,
              42.15398879999998
            ],
            [
              -70.72706419999997,
              42.1539411
            ],
            [
              -70.72755890000002,
              42.15300500000001
            ],
            [
              -70.72724449999998,
              42.15222019999999
            ],
            [
              -70.72787679999999,
              42.15208050000001
            ],
            [
              -70.72811330000002,
              42.15236479999999
            ],
            [
              -70.72819930000003,
              42.15239309999998
            ],
            [
              -70.7283066,
              42.15235869999998
            ],
            [
              -70.72844220000002,
              42.15226969999998
            ],
            [
              -70.7284856,
              42.15181740000003
            ],
            [
              -70.72714839999998,
              42.15217869999998
            ],
            [
              -70.72695169999997,
              42.153864899999974
            ],
            [
              -70.72616399999998,
              42.15332119999999
            ],
            [
              -70.72572989999998,
              42.153645400000016
            ],
            [
              -70.72554029999998,
              42.15624730000002
            ],
            [
              -70.72271669999998,
              42.15680470000001
            ],
            [
              -70.7219149,
              42.15797329999998
            ],
            [
              -70.7209681,
              42.1569834
            ],
            [
              -70.72157909999999,
              42.15803149999999
            ],
            [
              -70.72366797000001,
              42.15828871100001
            ],
            [
              -70.7221644,
              42.15853499999997
            ],
            [
              -70.7223141,
              42.160341700000004
            ],
            [
              -70.71894739999999,
              42.15765219999997
            ],
            [
              -70.72016756400001,
              42.15986650399998
            ],
            [
              -70.71899889899998,
              42.16013541500001
            ],
            [
              -70.71719810000002,
              42.15879560000002
            ],
            [
              -70.71490748299999,
              42.15182057800001
            ],
            [
              -70.71784109999999,
              42.152382999999986
            ],
            [
              -70.71676960000002,
              42.15321770000003
            ],
            [
              -70.71765520000002,
              42.15416809999999
            ],
            [
              -70.7202244,
              42.154331300000024
            ],
            [
              -70.71807960000001,
              42.155114500000025
            ],
            [
              -70.71803829999999,
              42.156343600000014
            ],
            [
              -70.72158769999999,
              42.15605449999998
            ],
            [
              -70.71830690000002,
              42.1553303
            ],
            [
              -70.7215784,
              42.154220699999996
            ],
            [
              -70.71963729999999,
              42.15388899999999
            ],
            [
              -70.720685,
              42.15396850000002
            ],
            [
              -70.7219412,
              42.15283219999998
            ],
            [
              -70.72232029999998,
              42.15323510000002
            ],
            [
              -70.72286880000001,
              42.1533197
            ],
            [
              -70.7230796,
              42.15317110000001
            ],
            [
              -70.72403639999999,
              42.1532004
            ],
            [
              -70.72414199999997,
              42.15311439999999
            ],
            [
              -70.72193320000002,
              42.152735699999994
            ],
            [
              -70.720576,
              42.153871200000026
            ],
            [
              -70.7201086,
              42.15264000000002
            ],
            [
              -70.71867950000001,
              42.15392539999999
            ],
            [
              -70.71727720000001,
              42.15329029999998
            ],
            [
              -70.72188460000001,
              42.1509815
            ],
            [
              -70.72021819999998,
              42.15168649999998
            ],
            [
              -70.71884490000002,
              42.150003200000015
            ],
            [
              -70.71943190000002,
              42.150041199999976
            ],
            [
              -70.71976419999999,
              42.149599799999976
            ],
            [
              -70.71998680000002,
              42.150321099999985
            ],
            [
              -70.7205897,
              42.15035210000002
            ],
            [
              -70.72207220000001,
              42.14907899999997
            ],
            [
              -70.72042959999999,
              42.1502873
            ],
            [
              -70.71974080000001,
              42.14948199999998
            ],
            [
              -70.7186575,
              42.14987000000002
            ],
            [
              -70.71845919999998,
              42.15184529999999
            ],
            [
              -70.71826449999998,
              42.150759900000025
            ],
            [
              -70.71647999999999,
              42.14991930000002
            ],
            [
              -70.71680959999998,
              42.14884310000002
            ],
            [
              -70.7179117,
              42.14886910000001
            ],
            [
              -70.71818560000003,
              42.14852589999998
            ],
            [
              -70.71762619999998,
              42.14793329999998
            ],
            [
              -70.71642029999998,
              42.14788060000001
            ],
            [
              -70.71799279999999,
              42.14873110000002
            ],
            [
              -70.71645999999998,
              42.148572100000024
            ],
            [
              -70.71623039999997,
              42.15113250000002
            ],
            [
              -70.714507217,
              42.151182345999985
            ],
            [
              -70.708350091,
              42.14588857000001
            ],
            [
              -70.7104448,
              42.144658600000014
            ],
            [
              -70.71242030000002,
              42.1456872
            ],
            [
              -70.71419370000001,
              42.14616169999999
            ],
            [
              -70.7156943,
              42.146295699999996
            ],
            [
              -70.7157123,
              42.14548309999998
            ],
            [
              -70.709845804,
              42.144523506999974
            ],
            [
              -70.71176209999999,
              42.14360069999998
            ],
            [
              -70.71168640000002,
              42.14315379999999
            ],
            [
              -70.7082044,
              42.1454258
            ],
            [
              -70.70756399999999,
              42.1444151
            ],
            [
              -70.70639720000003,
              42.14394090000002
            ],
            [
              -70.7072465,
              42.1424184
            ],
            [
              -70.70587291700002,
              42.14395069300002
            ],
            [
              -70.70337085800003,
              42.141908408000006
            ],
            [
              -70.70518399999997,
              42.140903700000024
            ],
            [
              -70.7054147,
              42.140313100000014
            ],
            [
              -70.70493570000002,
              42.13982540000001
            ],
            [
              -70.70582489999998,
              42.139810899999986
            ],
            [
              -70.7057843,
              42.13876099999999
            ],
            [
              -70.70658859999998,
              42.138137900000004
            ],
            [
              -70.7066117,
              42.13785150000001
            ],
            [
              -70.70704210000002,
              42.13777040000002
            ],
            [
              -70.70737960000002,
              42.13731180000002
            ],
            [
              -70.7073403,
              42.137227800000005
            ],
            [
              -70.70611539999999,
              42.13816880000002
            ],
            [
              -70.70611630000002,
              42.13850050000002
            ],
            [
              -70.70575450000001,
              42.1386339
            ],
            [
              -70.70548609999997,
              42.139740500000016
            ],
            [
              -70.70475929999998,
              42.139808000000016
            ],
            [
              -70.70404239999999,
              42.14144140000002
            ],
            [
              -70.69777520000002,
              42.13903490000001
            ],
            [
              -70.69656120000002,
              42.140600839
            ],
            [
              -70.69231389999999,
              42.13404129999998
            ],
            [
              -70.6872947,
              42.1310694
            ],
            [
              -70.68740209999999,
              42.13299690000002
            ],
            [
              -70.6921059,
              42.135465099999976
            ],
            [
              -70.69650072899998,
              42.14470896199998
            ],
            [
              -70.66138210000003,
              42.10530349999999
            ],
            [
              -70.64218485200001,
              42.09136924699999
            ],
            [
              -70.63942400000002,
              42.087198
            ],
            [
              -70.63858549999998,
              42.082097999999974
            ],
            [
              -70.6435333,
              42.07868500000001
            ],
            [
              -70.64587239999997,
              42.080773799999974
            ],
            [
              -70.6463994,
              42.086151400000006
            ],
            [
              -70.6562467,
              42.08749069999999
            ],
            [
              -70.66074020000002,
              42.09082569999998
            ],
            [
              -70.66377499999999,
              42.09126470000001
            ],
            [
              -70.6649923,
              42.09426669999999
            ],
            [
              -70.6666452,
              42.09447349999999
            ],
            [
              -70.66512160000002,
              42.091469700000005
            ],
            [
              -70.65870589999997,
              42.087844399999994
            ],
            [
              -70.6602762,
              42.08668669999997
            ],
            [
              -70.6606152,
              42.08475390000001
            ],
            [
              -70.6584446,
              42.08722499999999
            ],
            [
              -70.65069190000003,
              42.08632499999999
            ],
            [
              -70.64944910000003,
              42.084649300000024
            ],
            [
              -70.64769489999998,
              42.08162829999998
            ],
            [
              -70.64863600000001,
              42.07894379999999
            ],
            [
              -70.6472071,
              42.0805507
            ],
            [
              -70.64501009999998,
              42.0781796
            ],
            [
              -70.6479845,
              42.07551169999999
            ],
            [
              -70.64852960000002,
              42.06714249999999
            ],
            [
              -70.6426027,
              42.04930209999998
            ],
            [
              -70.6307238,
              42.03473939999998
            ],
            [
              -70.62083389999998,
              42.02654480000001
            ],
            [
              -70.60837880000003,
              42.012257799999986
            ],
            [
              -70.5993737,
              42.00528700000001
            ],
            [
              -70.59972749999997,
              42.00333649999999
            ],
            [
              -70.60319449999997,
              42.0030079
            ],
            [
              -70.60878350000002,
              42.007435999999984
            ],
            [
              -70.61316679999999,
              42.007936400000006
            ],
            [
              -70.62335080000003,
              42.00300759999999
            ],
            [
              -70.63191239999998,
              41.99454370000001
            ],
            [
              -70.63802950000002,
              41.9947621
            ],
            [
              -70.6374184,
              41.99794250000002
            ],
            [
              -70.63192559999999,
              41.99689460000002
            ],
            [
              -70.63121519999999,
              41.99967650000002
            ],
            [
              -70.63269129999998,
              42.002482499999985
            ],
            [
              -70.63077809999999,
              42.0014539
            ],
            [
              -70.63082329999997,
              42.0007435
            ],
            [
              -70.63060840000003,
              42.0007483
            ],
            [
              -70.62416696899999,
              42.00598442400002
            ],
            [
              -70.61331619999999,
              42.011053600000025
            ],
            [
              -70.61229800000001,
              42.01042460000002
            ],
            [
              -70.60873550000002,
              42.01031419999998
            ],
            [
              -70.60798019999999,
              42.009569699999986
            ],
            [
              -70.60903339999999,
              42.00917850000002
            ],
            [
              -70.60886310000001,
              42.008567400000004
            ],
            [
              -70.60819140000001,
              42.008688500000005
            ],
            [
              -70.60743209999998,
              42.00947100000002
            ],
            [
              -70.60763889999998,
              42.008746299999984
            ],
            [
              -70.60726849999998,
              42.00824349999999
            ],
            [
              -70.60388499999999,
              42.00644649999998
            ],
            [
              -70.60374940000003,
              42.0065649
            ],
            [
              -70.60740190000001,
              42.00963280000002
            ],
            [
              -70.60819529999998,
              42.00886550000001
            ],
            [
              -70.60894380000002,
              42.00898569999998
            ],
            [
              -70.60782640000002,
              42.00948970000002
            ],
            [
              -70.6077444,
              42.009768699999995
            ],
            [
              -70.60862909999997,
              42.010467300000016
            ],
            [
              -70.61202550000002,
              42.01072850000003
            ],
            [
              -70.61300519999998,
              42.012543100000016
            ],
            [
              -70.61112179999998,
              42.0126032
            ],
            [
              -70.6151676,
              42.018921499999976
            ],
            [
              -70.6218629,
              42.0256536
            ],
            [
              -70.62480679999999,
              42.02681289999998
            ],
            [
              -70.62442659999999,
              42.02586209999998
            ],
            [
              -70.62526179999998,
              42.02378520000002
            ],
            [
              -70.6260552,
              42.027659700000015
            ],
            [
              -70.62889810000001,
              42.029446500000006
            ],
            [
              -70.62985629999997,
              42.032538699999975
            ],
            [
              -70.6455325,
              42.050532799999985
            ],
            [
              -70.6463182,
              42.05512220000003
            ],
            [
              -70.64999649999999,
              42.05789779999998
            ],
            [
              -70.65084209999998,
              42.056522900000004
            ],
            [
              -70.6484039,
              42.05567580000002
            ],
            [
              -70.65050830000001,
              42.055218000000025
            ],
            [
              -70.64911030000002,
              42.054519200000016
            ],
            [
              -70.64994899999999,
              42.05367690000003
            ],
            [
              -70.65238160000001,
              42.053743999999995
            ],
            [
              -70.65260649999999,
              42.05466030000002
            ],
            [
              -70.6521237,
              42.05579940000001
            ],
            [
              -70.65222569999997,
              42.05638210000001
            ],
            [
              -70.65349359999999,
              42.05438290000001
            ],
            [
              -70.65281119999997,
              42.05331940000002
            ],
            [
              -70.65557990000002,
              42.054654400000004
            ],
            [
              -70.656747,
              42.05771600000003
            ],
            [
              -70.65396120000003,
              42.0614415
            ],
            [
              -70.65481920000002,
              42.06295929999999
            ],
            [
              -70.65346870000002,
              42.06456780000002
            ],
            [
              -70.65482420000001,
              42.06612460000002
            ],
            [
              -70.65373599999998,
              42.067508799999985
            ],
            [
              -70.65513099999998,
              42.06634330000003
            ],
            [
              -70.65425019999998,
              42.06462690000001
            ],
            [
              -70.65567429999999,
              42.062632699999995
            ],
            [
              -70.6586643,
              42.06518410000001
            ],
            [
              -70.65804220000001,
              42.06711960000001
            ],
            [
              -70.6590094,
              42.06571300000002
            ],
            [
              -70.65837169999998,
              42.06403110000002
            ],
            [
              -70.65584239999998,
              42.061158499999976
            ],
            [
              -70.6615246,
              42.05756680000002
            ],
            [
              -70.65929010000002,
              42.05372699999998
            ],
            [
              -70.66003640000002,
              42.05261039999999
            ],
            [
              -70.66605679999998,
              42.05755210000001
            ],
            [
              -70.66621950000001,
              42.06056030000002
            ],
            [
              -70.66928899999999,
              42.06294209999999
            ],
            [
              -70.66785420000002,
              42.064091399999995
            ],
            [
              -70.6681984,
              42.06564100000003
            ],
            [
              -70.66963879999997,
              42.0629993
            ],
            [
              -70.66698480000002,
              42.06066440000001
            ],
            [
              -70.6669761,
              42.05757310000001
            ],
            [
              -70.66350440000002,
              42.05393750000002
            ],
            [
              -70.66589499999998,
              42.055260799999985
            ],
            [
              -70.66409599999997,
              42.054116299999976
            ],
            [
              -70.67080140000002,
              42.0536333
            ],
            [
              -70.6697974,
              42.05785479999997
            ],
            [
              -70.6714015,
              42.059459000000004
            ],
            [
              -70.67617619999999,
              42.05829360000001
            ],
            [
              -70.67731900000001,
              42.05557909999999
            ],
            [
              -70.6788661,
              42.05572669999998
            ],
            [
              -70.67767759999998,
              42.05499259999999
            ],
            [
              -70.67675689999999,
              42.05570669999997
            ],
            [
              -70.67596370000001,
              42.057845999999984
            ],
            [
              -70.67178000000001,
              42.059008500000004
            ],
            [
              -70.67045139999999,
              42.0573569
            ],
            [
              -70.6727363,
              42.054622800000004
            ],
            [
              -70.67068260000002,
              42.05140749999998
            ],
            [
              -70.6647681,
              42.052388399999984
            ],
            [
              -70.66045639999999,
              42.04824070000001
            ],
            [
              -70.65105237799997,
              42.047241799999995
            ],
            [
              -70.65176810000003,
              42.045389399999976
            ],
            [
              -70.657146184,
              42.04253840000001
            ],
            [
              -70.66623620000001,
              42.044680400000004
            ],
            [
              -70.66624860000002,
              42.046332800000016
            ],
            [
              -70.6690534,
              42.048012700000015
            ],
            [
              -70.67189459999997,
              42.04664359999998
            ],
            [
              -70.6680983,
              42.04671159999998
            ],
            [
              -70.6689596,
              42.044978800000024
            ],
            [
              -70.66734350000002,
              42.04244349999999
            ],
            [
              -70.66997629999997,
              42.041874800000016
            ],
            [
              -70.66782380000001,
              42.040672400000005
            ],
            [
              -70.67051320000002,
              42.03809180000002
            ],
            [
              -70.66936279999999,
              42.03653969999999
            ],
            [
              -70.669973863,
              42.03016578699999
            ],
            [
              -70.6715534,
              42.029046900000026
            ],
            [
              -70.67055240000002,
              42.02623560000001
            ],
            [
              -70.67479880000002,
              42.02527650000002
            ],
            [
              -70.6770214,
              42.022504500000025
            ],
            [
              -70.675814,
              42.02147009999999
            ],
            [
              -70.6786745,
              42.020269299999995
            ],
            [
              -70.67415310000001,
              42.018700799999976
            ],
            [
              -70.6736497,
              42.01521229999997
            ],
            [
              -70.67241508299998,
              42.02095199500002
            ],
            [
              -70.67055690000001,
              42.01983960000001
            ],
            [
              -70.66841729999999,
              42.00993149999999
            ],
            [
              -70.67289010100001,
              42.006952790000014
            ],
            [
              -70.68105427400002,
              42.00590750600003
            ],
            [
              -70.68643800000001,
              42.01216240000002
            ],
            [
              -70.68627140000001,
              42.01881830000002
            ],
            [
              -70.68743760000001,
              42.0190063
            ],
            [
              -70.69234390000003,
              42.01341780000001
            ],
            [
              -70.6951393,
              42.01412490000001
            ],
            [
              -70.69588820000001,
              42.0166557
            ],
            [
              -70.70054699999997,
              42.01145559999998
            ],
            [
              -70.70277629999998,
              42.01186339999998
            ],
            [
              -70.70218290000003,
              42.01027370000003
            ],
            [
              -70.70361220799998,
              42.00906215600003
            ],
            [
              -70.70770470000002,
              42.00920739999998
            ],
            [
              -70.70917209999999,
              42.006761900000015
            ],
            [
              -70.71162550000003,
              42.007725900000025
            ],
            [
              -70.71352300000001,
              42.00620859999998
            ],
            [
              -70.71143634700002,
              42.00476154400002
            ],
            [
              -70.7100888,
              42.0000048
            ],
            [
              -70.71036750000002,
              41.99263380000002
            ],
            [
              -70.71883389999999,
              41.9950475
            ],
            [
              -70.7173472,
              41.996967299999994
            ],
            [
              -70.7179347,
              41.997784000000024
            ],
            [
              -70.72281500000003,
              41.99759979999999
            ],
            [
              -70.72348670000002,
              41.99635840000002
            ],
            [
              -70.71803510000001,
              41.99750499999999
            ],
            [
              -70.71925429999999,
              41.994844899999975
            ],
            [
              -70.71072140000001,
              41.99166530000002
            ],
            [
              -70.70892409999999,
              41.993252299999995
            ],
            [
              -70.7096704,
              41.99599790000002
            ],
            [
              -70.70824420000002,
              42.00022489999998
            ],
            [
              -70.70074219999998,
              41.998173399999985
            ],
            [
              -70.69923151400002,
              41.99509202899998
            ],
            [
              -70.69894979999998,
              41.9867256
            ],
            [
              -70.68993019999999,
              41.98169009999998
            ],
            [
              -70.68700584700002,
              41.981927180000014
            ],
            [
              -70.68011769999998,
              41.9784937
            ],
            [
              -70.66968120000001,
              41.96467949999999
            ],
            [
              -70.66663595699998,
              41.96419596700002
            ],
            [
              -70.66697269999997,
              41.96104819999999
            ],
            [
              -70.6622969,
              41.9598196
            ],
            [
              -70.66074129999998,
              41.95738299999999
            ],
            [
              -70.66162589999999,
              41.956179099999986
            ],
            [
              -70.6562581,
              41.95536249999998
            ],
            [
              -70.65441170000003,
              41.952765899999974
            ],
            [
              -70.65009789999999,
              41.95144260000001
            ],
            [
              -70.65160200000003,
              41.95003680000002
            ],
            [
              -70.6507226,
              41.94960800000001
            ],
            [
              -70.63918292199997,
              41.94965264199999
            ],
            [
              -70.62820490000001,
              41.94628890000001
            ],
            [
              -70.63694249999998,
              41.954514200000006
            ],
            [
              -70.63691060000002,
              41.95689820000001
            ],
            [
              -70.64077559999998,
              41.96082389999998
            ],
            [
              -70.64729030000001,
              41.972777199999996
            ],
            [
              -70.65248759999997,
              41.97708010000002
            ],
            [
              -70.65236140000002,
              41.979668600000025
            ],
            [
              -70.6477418,
              41.97735080000001
            ],
            [
              -70.6371426,
              41.958437
            ],
            [
              -70.62957690000002,
              41.94887720000003
            ],
            [
              -70.62183019999998,
              41.94210420000002
            ],
            [
              -70.61618950000002,
              41.940338699999984
            ],
            [
              -70.60850799999997,
              41.94079579999999
            ],
            [
              -70.59777600000001,
              41.9482744
            ],
            [
              -70.58392034100001,
              41.95029197100001
            ],
            [
              -70.57942066300001,
              41.94744595200001
            ],
            [
              -70.58002770000002,
              41.94644740000001
            ],
            [
              -70.57982019999997,
              41.945602399999984
            ],
            [
              -70.579221534,
              41.947299921000024
            ],
            [
              -70.5793875,
              41.9456083
            ],
            [
              -70.5707883,
              41.94193139999999
            ],
            [
              -70.56698940000001,
              41.937155099999984
            ],
            [
              -70.55231309999999,
              41.92908240000003
            ],
            [
              -70.54434800000001,
              41.92631469999998
            ],
            [
              -70.53921989999998,
              41.92666150000002
            ],
            [
              -70.5401493,
              41.923543300000006
            ],
            [
              -70.5381999,
              41.92082829999998
            ],
            [
              -70.54522170000001,
              41.91893110000001
            ],
            [
              -70.54750710000002,
              41.91058959999998
            ],
            [
              -70.5440337,
              41.90354189999999
            ],
            [
              -70.53216200000003,
              41.889397900000006
            ],
            [
              -70.53225950000001,
              41.86799339999999
            ],
            [
              -70.52565440000001,
              41.85869889999998
            ],
            [
              -70.52887420000002,
              41.85448450000001
            ],
            [
              -70.53228760000002,
              41.84012580000001
            ],
            [
              -70.5359431,
              41.839109199999996
            ],
            [
              -70.53761220000001,
              41.83408930000002
            ],
            [
              -70.54203000000001,
              41.831151499999976
            ],
            [
              -70.5434353,
              41.82260489999999
            ],
            [
              -70.53804939999998,
              41.81095149999999
            ],
            [
              -70.52525229999998,
              41.79764770000003
            ],
            [
              -70.51300930000002,
              41.788000599999975
            ],
            [
              -70.49377559999999,
              41.77829680000002
            ],
            [
              -70.49721060000002,
              41.77692289999999
            ],
            [
              -70.49365660000001,
              41.77339949999998
            ],
            [
              -70.47428070000001,
              41.76246329999998
            ],
            [
              -70.42577990000001,
              41.747229300000015
            ],
            [
              -70.37374510000001,
              41.73840489999998
            ],
            [
              -70.29479909999998,
              41.73457159999998
            ],
            [
              -70.28306509999999,
              41.73203990000002
            ],
            [
              -70.27931815199997,
              41.73036274999998
            ],
            [
              -70.27589940000001,
              41.72721419999999
            ],
            [
              -70.28517149999999,
              41.73131760000001
            ],
            [
              -70.28367939999998,
              41.729096700000014
            ],
            [
              -70.2731981,
              41.724603
            ],
            [
              -70.2731331,
              41.72338669999999
            ],
            [
              -70.2816651,
              41.722394699999995
            ],
            [
              -70.28481549999998,
              41.72447039999997
            ],
            [
              -70.2861322,
              41.727673100000004
            ],
            [
              -70.28857520000003,
              41.7267377
            ],
            [
              -70.28982339999999,
              41.727846699999986
            ],
            [
              -70.29250510000003,
              41.72109080000001
            ],
            [
              -70.29462610000002,
              41.72277200000002
            ],
            [
              -70.29637200000002,
              41.7219594
            ],
            [
              -70.29566299999999,
              41.72342579999997
            ],
            [
              -70.29689619999999,
              41.72500689999998
            ],
            [
              -70.29605190000001,
              41.7229643
            ],
            [
              -70.29802360399998,
              41.72229778500002
            ],
            [
              -70.30077269999998,
              41.725420499999984
            ],
            [
              -70.30284139999998,
              41.725910899999974
            ],
            [
              -70.30347560000001,
              41.72496749999999
            ],
            [
              -70.3047325,
              41.725374199999976
            ],
            [
              -70.30544889999999,
              41.72500259999998
            ],
            [
              -70.30546199999998,
              41.725975300000016
            ],
            [
              -70.30591959999998,
              41.72634620000002
            ],
            [
              -70.3057518,
              41.725027899999986
            ],
            [
              -70.30535320000001,
              41.72491489999999
            ],
            [
              -70.3048,
              41.72523610000002
            ],
            [
              -70.30427650000001,
              41.7250636
            ],
            [
              -70.30516460000001,
              41.72410580000002
            ],
            [
              -70.30518119999999,
              41.723096399999974
            ],
            [
              -70.30247229999998,
              41.7251407
            ],
            [
              -70.30012149999999,
              41.72237369999999
            ],
            [
              -70.30312379999998,
              41.7226819
            ],
            [
              -70.30325260000001,
              41.72176710000002
            ],
            [
              -70.29899540000002,
              41.721465799999976
            ],
            [
              -70.30447502099997,
              41.72068305200003
            ],
            [
              -70.30732214,
              41.72278134700002
            ],
            [
              -70.30815619999998,
              41.7266358
            ],
            [
              -70.31446870000002,
              41.72803470000002
            ],
            [
              -70.31853790000002,
              41.72688369999997
            ],
            [
              -70.31847490000001,
              41.72804609999997
            ],
            [
              -70.31961519999999,
              41.72858179999997
            ],
            [
              -70.3190715,
              41.726382
            ],
            [
              -70.32695890000002,
              41.72581680000002
            ],
            [
              -70.32834939999998,
              41.72655070000002
            ],
            [
              -70.32598460000003,
              41.727019900000016
            ],
            [
              -70.32723779999998,
              41.728709200000026
            ],
            [
              -70.32664269999998,
              41.72717130000001
            ],
            [
              -70.32933229999998,
              41.72789060000002
            ],
            [
              -70.32789279999997,
              41.72979090000001
            ],
            [
              -70.32963710000001,
              41.72762080000001
            ],
            [
              -70.3311162,
              41.728810099999976
            ],
            [
              -70.33056210000001,
              41.73057219999998
            ],
            [
              -70.33199639999998,
              41.731175199999996
            ],
            [
              -70.33135470000002,
              41.72902190000002
            ],
            [
              -70.33522319999997,
              41.727864599999975
            ],
            [
              -70.33670740000002,
              41.72945679999998
            ],
            [
              -70.34026999999998,
              41.727540999999974
            ],
            [
              -70.34080369999998,
              41.72948489999999
            ],
            [
              -70.34301099999999,
              41.73052519999999
            ],
            [
              -70.34358730000002,
              41.72995309999999
            ],
            [
              -70.34088129999998,
              41.729284199999995
            ],
            [
              -70.34040809999999,
              41.72719239999998
            ],
            [
              -70.337494332,
              41.72840805200002
            ],
            [
              -70.33474109999997,
              41.72718179999998
            ],
            [
              -70.33181180000003,
              41.728612199999986
            ],
            [
              -70.32916269999998,
              41.72550660000002
            ],
            [
              -70.34574459999999,
              41.7245595
            ],
            [
              -70.3454633,
              41.72577799999999
            ],
            [
              -70.3444953,
              41.72495650000002
            ],
            [
              -70.34377330000001,
              41.7252153
            ],
            [
              -70.34494430000001,
              41.72605759999999
            ],
            [
              -70.34598110000002,
              41.72557440000003
            ],
            [
              -70.34630499999997,
              41.72765750000002
            ],
            [
              -70.34790249999998,
              41.72828190000001
            ],
            [
              -70.3474804,
              41.72919589999998
            ],
            [
              -70.34811430000002,
              41.728238499999975
            ],
            [
              -70.34643260000001,
              41.72752939999998
            ],
            [
              -70.34616799999998,
              41.72446009999999
            ],
            [
              -70.3472127,
              41.7240142
            ],
            [
              -70.34469469999999,
              41.72406109999997
            ],
            [
              -70.34753410000002,
              41.72376329999997
            ],
            [
              -70.3499324,
              41.72474310000001
            ],
            [
              -70.3489533,
              41.72731049999999
            ],
            [
              -70.35022270000002,
              41.726514399999985
            ],
            [
              -70.35110429999997,
              41.73079389999998
            ],
            [
              -70.35339140000002,
              41.730103199999974
            ],
            [
              -70.3513666,
              41.728609500000005
            ],
            [
              -70.35436270000002,
              41.730211699999984
            ],
            [
              -70.35705840000003,
              41.730283799999995
            ],
            [
              -70.3608365,
              41.726707999999974
            ],
            [
              -70.36114079999999,
              41.72767190000002
            ],
            [
              -70.3621713,
              41.72797630000002
            ],
            [
              -70.36176410000002,
              41.72860159999999
            ],
            [
              -70.3623811,
              41.729068299999994
            ],
            [
              -70.3623086,
              41.7279226
            ],
            [
              -70.36123629999997,
              41.72759159999998
            ],
            [
              -70.36136099999999,
              41.72655409999999
            ],
            [
              -70.36518899999999,
              41.728544699999986
            ],
            [
              -70.3681363,
              41.728304200000025
            ],
            [
              -70.36485620000002,
              41.727871300000004
            ],
            [
              -70.36724070000002,
              41.72593119999999
            ],
            [
              -70.3703271,
              41.7281711
            ],
            [
              -70.37299560000002,
              41.72756420000002
            ],
            [
              -70.3729262,
              41.724831800000004
            ],
            [
              -70.37055670000001,
              41.727835200000015
            ],
            [
              -70.3681024,
              41.725599999999986
            ],
            [
              -70.36407029999998,
              41.7261699
            ],
            [
              -70.36407809999997,
              41.72498860000002
            ],
            [
              -70.36329790000002,
              41.72440030000001
            ],
            [
              -70.36328509999998,
              41.725777100000016
            ],
            [
              -70.35878659999997,
              41.72611949999998
            ],
            [
              -70.35625099999999,
              41.72474039999997
            ],
            [
              -70.35845799999998,
              41.726214700000014
            ],
            [
              -70.35479859999998,
              41.727954899999986
            ],
            [
              -70.3504974,
              41.72165560000002
            ],
            [
              -70.35126709999997,
              41.721980900000005
            ],
            [
              -70.35165660000001,
              41.72136569999998
            ],
            [
              -70.35171880000001,
              41.72181039999998
            ],
            [
              -70.35342800000001,
              41.722115599999995
            ],
            [
              -70.35388469999998,
              41.72170749999998
            ],
            [
              -70.35159220000003,
              41.72125490000002
            ],
            [
              -70.3510427,
              41.72184540000001
            ],
            [
              -70.3499665,
              41.721116499999994
            ],
            [
              -70.35104799999999,
              41.72093810000001
            ],
            [
              -70.35101750000001,
              41.72041180000002
            ],
            [
              -70.3514333,
              41.72050860000002
            ],
            [
              -70.3526,
              41.72013870000001
            ],
            [
              -70.3516057,
              41.719967199999985
            ],
            [
              -70.35005369999999,
              41.72070489999999
            ],
            [
              -70.349822754,
              41.72127592200002
            ],
            [
              -70.34839419999997,
              41.7200507
            ],
            [
              -70.3492789,
              41.71923700000002
            ],
            [
              -70.34689409999999,
              41.718983200000025
            ],
            [
              -70.35099930000001,
              41.71674139999999
            ],
            [
              -70.35417080000002,
              41.71812729999999
            ],
            [
              -70.3561224,
              41.71777580000003
            ],
            [
              -70.35695959999998,
              41.71778740000002
            ],
            [
              -70.35643499999998,
              41.717976299999975
            ],
            [
              -70.35680889999998,
              41.7192
            ],
            [
              -70.35609249999999,
              41.71940799999999
            ],
            [
              -70.35625110000001,
              41.71990090000003
            ],
            [
              -70.3570441,
              41.719761300000016
            ],
            [
              -70.35680550000001,
              41.71789799999999
            ],
            [
              -70.36035299999998,
              41.71768980000002
            ],
            [
              -70.36062820000001,
              41.718252800000016
            ],
            [
              -70.36212979999999,
              41.719174599999974
            ],
            [
              -70.36356749999999,
              41.71945899999997
            ],
            [
              -70.36044750000002,
              41.717436299999974
            ],
            [
              -70.36179199999998,
              41.71591910000001
            ],
            [
              -70.36455380000001,
              41.717082000000005
            ],
            [
              -70.3684265,
              41.71759250000002
            ],
            [
              -70.36157980000002,
              41.71566619999999
            ],
            [
              -70.35916759999998,
              41.71769089999998
            ],
            [
              -70.35328299999998,
              41.71725379999998
            ],
            [
              -70.35278319999998,
              41.71328970000002
            ],
            [
              -70.35698910000002,
              41.71690840000002
            ],
            [
              -70.35830729999998,
              41.71611180000002
            ],
            [
              -70.35830069999997,
              41.71389629999999
            ],
            [
              -70.3587771,
              41.71413239999998
            ],
            [
              -70.35928460000002,
              41.713681199999996
            ],
            [
              -70.35475380000003,
              41.712127099999975
            ],
            [
              -70.3554643,
              41.71067929999998
            ],
            [
              -70.35501590000001,
              41.70970319999998
            ],
            [
              -70.35543969999998,
              41.710174300000006
            ],
            [
              -70.3567238,
              41.71015410000001
            ],
            [
              -70.35328329999999,
              41.70861880000001
            ],
            [
              -70.35702529999998,
              41.7087947
            ],
            [
              -70.35809649999999,
              41.70774290000003
            ],
            [
              -70.35769779999998,
              41.70704569999998
            ],
            [
              -70.35670420000002,
              41.70712070000002
            ],
            [
              -70.3569842,
              41.70655360000001
            ],
            [
              -70.3581122,
              41.707157800000004
            ],
            [
              -70.35856719999998,
              41.70696889999999
            ],
            [
              -70.35727200000002,
              41.7063273
            ],
            [
              -70.3569281,
              41.706409399999984
            ],
            [
              -70.35652160000001,
              41.70711560000001
            ],
            [
              -70.35795189999999,
              41.70773070000001
            ],
            [
              -70.3568707,
              41.708694700000024
            ],
            [
              -70.35297600000001,
              41.70849770000001
            ],
            [
              -70.35504659999998,
              41.710395000000005
            ],
            [
              -70.35418920000001,
              41.7121123
            ],
            [
              -70.35798119999998,
              41.71489680000002
            ],
            [
              -70.3572997,
              41.71662220000002
            ],
            [
              -70.353339,
              41.71265039999997
            ],
            [
              -70.35093280000001,
              41.713532799999996
            ],
            [
              -70.35205789999998,
              41.71183359999998
            ],
            [
              -70.35132249999998,
              41.710525700000005
            ],
            [
              -70.35065229999998,
              41.713554199999976
            ],
            [
              -70.35194339999998,
              41.71617199999997
            ],
            [
              -70.34794069999998,
              41.71631129999997
            ],
            [
              -70.34938110000002,
              41.714331000000016
            ],
            [
              -70.348862,
              41.712991699999975
            ],
            [
              -70.3479577,
              41.714870399999995
            ],
            [
              -70.34211979999998,
              41.713519399999996
            ],
            [
              -70.34180409999999,
              41.712192000000016
            ],
            [
              -70.3441479,
              41.7115733
            ],
            [
              -70.3451033,
              41.710202400000014
            ],
            [
              -70.3481994,
              41.709605899999985
            ],
            [
              -70.34820880000001,
              41.707640200000014
            ],
            [
              -70.34981340000002,
              41.70722219999999
            ],
            [
              -70.350597,
              41.70476439999999
            ],
            [
              -70.34968099999998,
              41.70301280000001
            ],
            [
              -70.35140230000002,
              41.70435789999999
            ],
            [
              -70.35243580000002,
              41.70431869999999
            ],
            [
              -70.35280210000002,
              41.7040437
            ],
            [
              -70.350099,
              41.70271589999999
            ],
            [
              -70.3495145,
              41.70288499999998
            ],
            [
              -70.34897319999999,
              41.70357059999998
            ],
            [
              -70.35036680000002,
              41.704637400000024
            ],
            [
              -70.34914179999998,
              41.707341799999995
            ],
            [
              -70.3468527,
              41.70527920000001
            ],
            [
              -70.34844190000001,
              41.704726600000015
            ],
            [
              -70.34727520000001,
              41.7046775
            ],
            [
              -70.34658719999999,
              41.705656999999974
            ],
            [
              -70.34601450000002,
              41.705005099999994
            ],
            [
              -70.34728260000003,
              41.704414499999984
            ],
            [
              -70.34687489999999,
              41.70365420000002
            ],
            [
              -70.34471880000001,
              41.70342290000002
            ],
            [
              -70.34679139999997,
              41.703828499999986
            ],
            [
              -70.3458152,
              41.70521830000001
            ],
            [
              -70.3482042,
              41.70682790000001
            ],
            [
              -70.34561059999999,
              41.709727999999984
            ],
            [
              -70.3441623,
              41.70945330000001
            ],
            [
              -70.34490440000002,
              41.70696750000002
            ],
            [
              -70.3436984,
              41.70629020000001
            ],
            [
              -70.34164379999999,
              41.70628599999998
            ],
            [
              -70.3418398,
              41.70343919999999
            ],
            [
              -70.3406584,
              41.70490109999997
            ],
            [
              -70.34159729999999,
              41.706540399999994
            ],
            [
              -70.3446806,
              41.70709369999997
            ],
            [
              -70.34385259999999,
              41.70929840000002
            ],
            [
              -70.34038049999998,
              41.706620699999974
            ],
            [
              -70.33711929999998,
              41.7078257
            ],
            [
              -70.33596649999998,
              41.706133299999976
            ],
            [
              -70.33755730000001,
              41.70700950000003
            ],
            [
              -70.33825439999998,
              41.70640420000001
            ],
            [
              -70.33500709999998,
              41.704483400000015
            ],
            [
              -70.3366739,
              41.708549800000014
            ],
            [
              -70.33417739999999,
              41.706284400000015
            ],
            [
              -70.33386300000001,
              41.708680500000014
            ],
            [
              -70.3328687,
              41.7070511
            ],
            [
              -70.3284918,
              41.705607799999996
            ],
            [
              -70.33114660000001,
              41.70689110000001
            ],
            [
              -70.32922939999997,
              41.7081895
            ],
            [
              -70.32720799999998,
              41.706878200000006
            ],
            [
              -70.32715280000002,
              41.7083427
            ],
            [
              -70.32933650000001,
              41.70889140000003
            ],
            [
              -70.32772219999998,
              41.71140430000003
            ],
            [
              -70.31778079999998,
              41.7089373
            ],
            [
              -70.30558789999998,
              41.71016559999998
            ],
            [
              -70.30366500000002,
              41.709033499999975
            ],
            [
              -70.30432769999999,
              41.707389999999975
            ],
            [
              -70.30232269999999,
              41.70681480000002
            ],
            [
              -70.3020062,
              41.70411230000002
            ],
            [
              -70.3014933,
              41.708300399999985
            ],
            [
              -70.30018510000002,
              41.70504579999999
            ],
            [
              -70.2952158,
              41.70566680000002
            ],
            [
              -70.30008400000003,
              41.70825880000001
            ],
            [
              -70.29479939999999,
              41.71032659999997
            ],
            [
              -70.27994319999999,
              41.7091509
            ],
            [
              -70.26597099999998,
              41.7135351
            ],
            [
              -70.26164419999998,
              41.71180199999998
            ],
            [
              -70.26405999999997,
              41.71062210000002
            ],
            [
              -70.26291329999998,
              41.71073009999998
            ],
            [
              -70.26321630000001,
              41.70915459999998
            ],
            [
              -70.26555409999997,
              41.709226
            ],
            [
              -70.26429680000001,
              41.7080737
            ],
            [
              -70.26557200000002,
              41.70781019999998
            ],
            [
              -70.26520909999999,
              41.70688819999998
            ],
            [
              -70.2640672,
              41.707781599999976
            ],
            [
              -70.2615303,
              41.7061023
            ],
            [
              -70.26389239999997,
              41.70454280000001
            ],
            [
              -70.25936560000002,
              41.7034041
            ],
            [
              -70.2584718,
              41.7045698
            ],
            [
              -70.2602794,
              41.70673629999999
            ],
            [
              -70.26381900000001,
              41.70825050000002
            ],
            [
              -70.26211269999999,
              41.70930440000001
            ],
            [
              -70.26205520000002,
              41.7104951
            ],
            [
              -70.25966649999998,
              41.7102223
            ],
            [
              -70.25943139999998,
              41.71187830000002
            ],
            [
              -70.2585813,
              41.70994059999998
            ],
            [
              -70.2543111,
              41.710620199999994
            ],
            [
              -70.25285179999997,
              41.70921679999998
            ],
            [
              -70.25216119999999,
              41.7093744
            ],
            [
              -70.25415029999999,
              41.71089810000001
            ],
            [
              -70.25858240000002,
              41.710979099999975
            ],
            [
              -70.25787639999999,
              41.7120395
            ],
            [
              -70.2580155,
              41.713237400000025
            ],
            [
              -70.25661889999998,
              41.71238390000002
            ],
            [
              -70.255988,
              41.712543700000026
            ],
            [
              -70.257409,
              41.71332030000002
            ],
            [
              -70.25824269999998,
              41.71323990000002
            ],
            [
              -70.25837619999999,
              41.71244419999999
            ],
            [
              -70.25916387299998,
              41.71305291499999
            ],
            [
              -70.257679172,
              41.71507978599999
            ],
            [
              -70.25338729999999,
              41.7167508
            ],
            [
              -70.2536685,
              41.71374020000002
            ],
            [
              -70.24941940000002,
              41.71402610000001
            ],
            [
              -70.2480114,
              41.71265870000002
            ],
            [
              -70.24665329999999,
              41.71414820000001
            ],
            [
              -70.24403180000002,
              41.71350849999999
            ],
            [
              -70.2433643,
              41.7137922
            ],
            [
              -70.24334249999998,
              41.714385900000025
            ],
            [
              -70.24267659999998,
              41.71283469999997
            ],
            [
              -70.24285809999998,
              41.71428370000001
            ],
            [
              -70.2432652,
              41.7144935
            ],
            [
              -70.24378489999998,
              41.71443770000002
            ],
            [
              -70.24404770000001,
              41.71365070000002
            ],
            [
              -70.24436229999998,
              41.71454879999999
            ],
            [
              -70.2432288,
              41.714788899999974
            ],
            [
              -70.24395729999998,
              41.71583220000002
            ],
            [
              -70.2431689,
              41.71572759999998
            ],
            [
              -70.24303229999998,
              41.71615400000002
            ],
            [
              -70.24253329999999,
              41.71583720000001
            ],
            [
              -70.2423293,
              41.716740500000014
            ],
            [
              -70.24345840000001,
              41.715805999999986
            ],
            [
              -70.24490200000002,
              41.71715790000002
            ],
            [
              -70.24387960000001,
              41.71732279999998
            ],
            [
              -70.2435873,
              41.718472599999984
            ],
            [
              -70.24510090000001,
              41.71707670000001
            ],
            [
              -70.24839600000001,
              41.71812490000002
            ],
            [
              -70.24481229999998,
              41.71895460000002
            ],
            [
              -70.244663,
              41.719296799999995
            ],
            [
              -70.2456575,
              41.71983610000001
            ],
            [
              -70.24478060000001,
              41.719638499999974
            ],
            [
              -70.24384839999999,
              41.72108909999997
            ],
            [
              -70.24515960000002,
              41.720963100000006
            ],
            [
              -70.24501520000001,
              41.7199665
            ],
            [
              -70.2457867,
              41.71981770000002
            ],
            [
              -70.24564400000003,
              41.71889429999999
            ],
            [
              -70.25108219999998,
              41.71854350000001
            ],
            [
              -70.24648130000003,
              41.7231759
            ],
            [
              -70.23915149999999,
              41.72497550000003
            ],
            [
              -70.23932359999998,
              41.72337420000002
            ],
            [
              -70.23805370000002,
              41.72247329999999
            ],
            [
              -70.23879290000002,
              41.72179490000002
            ],
            [
              -70.23777039999999,
              41.722260000000006
            ],
            [
              -70.23887009999999,
              41.72388799999999
            ],
            [
              -70.23491940000002,
              41.723098100000016
            ],
            [
              -70.23169100000001,
              41.72525009999998
            ],
            [
              -70.23041239999998,
              41.728420200000016
            ],
            [
              -70.22500930000001,
              41.724674900000025
            ],
            [
              -70.22072159999999,
              41.725439300000005
            ],
            [
              -70.22106150000002,
              41.72361840000002
            ],
            [
              -70.2198391,
              41.722110799999996
            ],
            [
              -70.22245650000002,
              41.72050610000002
            ],
            [
              -70.2235551,
              41.719033000000024
            ],
            [
              -70.22385120000001,
              41.71802220000001
            ],
            [
              -70.22318089999999,
              41.717384700000025
            ],
            [
              -70.22375360000001,
              41.717614500000025
            ],
            [
              -70.224875,
              41.71676400000001
            ],
            [
              -70.22447199999999,
              41.716206
            ],
            [
              -70.225369,
              41.715462
            ],
            [
              -70.225166,
              41.714200000000005
            ],
            [
              -70.226654,
              41.714113999999995
            ],
            [
              -70.22673300000002,
              41.712717999999995
            ],
            [
              -70.225797,
              41.71265599999998
            ],
            [
              -70.22632399999998,
              41.713436
            ],
            [
              -70.22502700000001,
              41.71416799999997
            ],
            [
              -70.22431899999998,
              41.716229999999996
            ],
            [
              -70.22479700000002,
              41.71670999999998
            ],
            [
              -70.22304179999998,
              41.717337199999974
            ],
            [
              -70.22340209999999,
              41.71894229999998
            ],
            [
              -70.22132590000001,
              41.718599900000015
            ],
            [
              -70.22225429999997,
              41.72041130000002
            ],
            [
              -70.216542,
              41.7229097
            ],
            [
              -70.21685059999999,
              41.72350110000002
            ],
            [
              -70.21816849999999,
              41.72355279999999
            ],
            [
              -70.216884,
              41.72508970000001
            ],
            [
              -70.21424330000002,
              41.724308399999984
            ],
            [
              -70.2134039,
              41.72482459999998
            ],
            [
              -70.21405370000002,
              41.72387259999999
            ],
            [
              -70.21352380000002,
              41.7231099
            ],
            [
              -70.21304939999999,
              41.72323940000001
            ],
            [
              -70.21248109999999,
              41.72449899999998
            ],
            [
              -70.21213519999998,
              41.72446200000002
            ],
            [
              -70.2123694,
              41.7240491
            ],
            [
              -70.21177290000003,
              41.72352380000001
            ],
            [
              -70.20616999999999,
              41.72266400000001
            ],
            [
              -70.20378,
              41.72313600000001
            ],
            [
              -70.20325200000002,
              41.723472000000015
            ],
            [
              -70.20328990000002,
              41.72391950000002
            ],
            [
              -70.20271600000001,
              41.72384199999999
            ],
            [
              -70.201524,
              41.724283000000014
            ],
            [
              -70.20096799999999,
              41.724197000000004
            ],
            [
              -70.200356,
              41.72476599999999
            ],
            [
              -70.20057700000001,
              41.725303
            ],
            [
              -70.19959599999999,
              41.72528
            ],
            [
              -70.19856800000002,
              41.72650900000002
            ],
            [
              -70.19958000000003,
              41.729625
            ],
            [
              -70.199998,
              41.72997700000002
            ],
            [
              -70.200469,
              41.72998200000001
            ],
            [
              -70.19872199999998,
              41.72654399999999
            ],
            [
              -70.20083199999999,
              41.725412000000006
            ],
            [
              -70.20102800000001,
              41.724286000000006
            ],
            [
              -70.20242000000002,
              41.72427800000003
            ],
            [
              -70.20273200000003,
              41.72393299999999
            ],
            [
              -70.20343600000001,
              41.724009000000024
            ],
            [
              -70.20378599999998,
              41.723229
            ],
            [
              -70.206411,
              41.723477
            ],
            [
              -70.20625100000001,
              41.722807999999986
            ],
            [
              -70.21253000000002,
              41.72462469999999
            ],
            [
              -70.2132977,
              41.723252
            ],
            [
              -70.21304679999997,
              41.72483349999999
            ],
            [
              -70.21685930000001,
              41.72530840000002
            ],
            [
              -70.21845139999999,
              41.72360229999998
            ],
            [
              -70.21687300000002,
              41.72306809999998
            ],
            [
              -70.21976990000002,
              41.722580600000015
            ],
            [
              -70.22035419999997,
              41.72692999999998
            ],
            [
              -70.21962989999997,
              41.726336100000026
            ],
            [
              -70.21877239999998,
              41.72693220000002
            ],
            [
              -70.218545,
              41.72641920000001
            ],
            [
              -70.21783870000002,
              41.72687619999999
            ],
            [
              -70.21768800000001,
              41.72664930000002
            ],
            [
              -70.21743300000003,
              41.72692280000001
            ],
            [
              -70.216794,
              41.726734299999976
            ],
            [
              -70.21626680000003,
              41.727009899999985
            ],
            [
              -70.22030840000002,
              41.72717720000003
            ],
            [
              -70.2222243,
              41.726470000000006
            ],
            [
              -70.22250530000002,
              41.72713490000001
            ],
            [
              -70.22164429999998,
              41.72694630000001
            ],
            [
              -70.22118260000002,
              41.727941199999975
            ],
            [
              -70.22288609999998,
              41.7287407
            ],
            [
              -70.22086960000001,
              41.72852230000001
            ],
            [
              -70.22043780000001,
              41.72917260000003
            ],
            [
              -70.22068460000003,
              41.729730700000005
            ],
            [
              -70.21998789999998,
              41.72934279999998
            ],
            [
              -70.21968370000002,
              41.72945060000001
            ],
            [
              -70.21876359999999,
              41.730360099999984
            ],
            [
              -70.219313,
              41.73051029999999
            ],
            [
              -70.21870489999998,
              41.730666499999984
            ],
            [
              -70.21863660000002,
              41.731014000000016
            ],
            [
              -70.21881680000001,
              41.73120039999998
            ],
            [
              -70.22084919999998,
              41.72972390000001
            ],
            [
              -70.2210273,
              41.72855850000002
            ],
            [
              -70.22317579999998,
              41.7287791
            ],
            [
              -70.22147840000002,
              41.727829299999996
            ],
            [
              -70.222691,
              41.7273012
            ],
            [
              -70.22366729999999,
              41.72514819999998
            ],
            [
              -70.22749329999999,
              41.727992700000016
            ],
            [
              -70.22395540000002,
              41.730050800000015
            ],
            [
              -70.2231243,
              41.730977199999984
            ],
            [
              -70.22323649999998,
              41.73183549999999
            ],
            [
              -70.22188080000001,
              41.730632000000014
            ],
            [
              -70.22220750000002,
              41.732484
            ],
            [
              -70.22279880000002,
              41.73243209999998
            ],
            [
              -70.2222825,
              41.73268630000001
            ],
            [
              -70.22207279999998,
              41.733029199999976
            ],
            [
              -70.2225621,
              41.733562199999994
            ],
            [
              -70.22237740000003,
              41.73401089999999
            ],
            [
              -70.22268159999999,
              41.7343075
            ],
            [
              -70.22416220000002,
              41.73016999999999
            ],
            [
              -70.22797070000001,
              41.728517099999976
            ],
            [
              -70.22880400000003,
              41.73013950000001
            ],
            [
              -70.23289849999998,
              41.730257600000016
            ],
            [
              -70.2334874,
              41.7277254
            ],
            [
              -70.2341571,
              41.72963249999998
            ],
            [
              -70.23530260000001,
              41.728065000000015
            ],
            [
              -70.23387330000003,
              41.726393599999994
            ],
            [
              -70.23904479999999,
              41.72705739999998
            ],
            [
              -70.2406307,
              41.7258726
            ],
            [
              -70.23175459999999,
              41.734166500000015
            ],
            [
              -70.2202342,
              41.74176490000002
            ],
            [
              -70.189513041,
              41.752024585000015
            ],
            [
              -70.186486,
              41.750584300000014
            ],
            [
              -70.1814326,
              41.75098539999999
            ],
            [
              -70.16528140000003,
              41.75584850000001
            ],
            [
              -70.15625653299998,
              41.75645083500001
            ],
            [
              -70.15339219999998,
              41.754754100000014
            ],
            [
              -70.15252850000002,
              41.7540252
            ],
            [
              -70.1552471,
              41.74856269999998
            ],
            [
              -70.15668540000001,
              41.74869130000002
            ],
            [
              -70.15839949999997,
              41.74793349999999
            ],
            [
              -70.15487810000002,
              41.748155499999996
            ],
            [
              -70.1508748,
              41.75364430000002
            ],
            [
              -70.15381480000002,
              41.756613800000025
            ],
            [
              -70.1408045,
              41.7604192
            ],
            [
              -70.1237188,
              41.75940730000002
            ],
            [
              -70.12358469999998,
              41.75784620000002
            ],
            [
              -70.12625279999997,
              41.75741249999999
            ],
            [
              -70.13089209999998,
              41.754411800000014
            ],
            [
              -70.13121269999999,
              41.75366730000002
            ],
            [
              -70.12952439999998,
              41.75264809999999
            ],
            [
              -70.13095800000002,
              41.753179699999976
            ],
            [
              -70.13153940000001,
              41.752812800000015
            ],
            [
              -70.12961790000003,
              41.75235070000002
            ],
            [
              -70.1292138,
              41.753039899999976
            ],
            [
              -70.12979910000001,
              41.75373930000001
            ],
            [
              -70.13097320000003,
              41.75383069999998
            ],
            [
              -70.12945380000002,
              41.7551072
            ],
            [
              -70.12413550000002,
              41.75635740000001
            ],
            [
              -70.11645430099998,
              41.76123624899998
            ],
            [
              -70.11404750000003,
              41.76055680000002
            ],
            [
              -70.1129846,
              41.76210980000002
            ],
            [
              -70.09074809999998,
              41.768836799999974
            ],
            [
              -70.08430190000001,
              41.768536900000015
            ],
            [
              -70.07313799999997,
              41.77311070000002
            ],
            [
              -70.06483029999998,
              41.772897
            ],
            [
              -70.04579539999997,
              41.7789095
            ],
            [
              -70.0293699,
              41.78655909999998
            ],
            [
              -70.02063399999997,
              41.78712860000002
            ],
            [
              -70.02070909999998,
              41.78631710000002
            ],
            [
              -70.0222369,
              41.786238500000024
            ],
            [
              -70.02332159999997,
              41.78586569999999
            ],
            [
              -70.02354759999997,
              41.7854878
            ],
            [
              -70.0187024,
              41.78557460000002
            ],
            [
              -70.02231690000002,
              41.790020200000015
            ],
            [
              -70.0159152,
              41.79644430000002
            ],
            [
              -70.01201040000001,
              41.79552619999998
            ],
            [
              -70.01443240399999,
              41.79750649699997
            ],
            [
              -70.00879090000001,
              41.800178700000004
            ],
            [
              -70.00600969999999,
              41.799528099999975
            ],
            [
              -70.0052877,
              41.801245900000026
            ],
            [
              -70.00460520000001,
              41.80038860000002
            ],
            [
              -70.0038523,
              41.80037549999997
            ],
            [
              -70.00516920000001,
              41.801892699999996
            ],
            [
              -70.0067113,
              41.79983370000002
            ],
            [
              -70.00950490000002,
              41.80103630000002
            ],
            [
              -70.00069300000001,
              41.808311
            ],
            [
              -70.00183879999997,
              41.81068529999999
            ],
            [
              -70.00010259999999,
              41.80864029999998
            ],
            [
              -69.9975842,
              41.80982019999999
            ],
            [
              -69.9989382,
              41.808376599999974
            ],
            [
              -69.99871330000002,
              41.808020399999975
            ],
            [
              -69.99720760000002,
              41.809859200000005
            ],
            [
              -69.99936730000002,
              41.80983020000002
            ],
            [
              -69.99987950000002,
              41.80883970000002
            ],
            [
              -70.0005698,
              41.81100140000001
            ],
            [
              -70.0030418,
              41.81126929999999
            ],
            [
              -70.00178799999998,
              41.80991449999999
            ],
            [
              -70.0028327,
              41.80771779999998
            ],
            [
              -70.006032,
              41.81253299999997
            ],
            [
              -70.00296309999999,
              41.813073299999985
            ],
            [
              -69.99849289999997,
              41.81960220000002
            ],
            [
              -69.9973951,
              41.81884359999998
            ],
            [
              -69.99617319999999,
              41.81955549999998
            ],
            [
              -69.99665679999998,
              41.818751099999986
            ],
            [
              -69.99599710000001,
              41.81779560000001
            ],
            [
              -69.99464690000002,
              41.81822039999997
            ],
            [
              -69.99605780000002,
              41.818023900000014
            ],
            [
              -69.9952151,
              41.81963080000003
            ],
            [
              -69.9983373,
              41.82018360000001
            ],
            [
              -70.0012802,
              41.818188899999996
            ],
            [
              -70.00224309999999,
              41.815437900000006
            ],
            [
              -70.00427009999999,
              41.81731780000001
            ],
            [
              -70.00475269999998,
              41.84563459999998
            ],
            [
              -70.00890340000001,
              41.86743130000002
            ],
            [
              -70.00879509999999,
              41.87540100000001
            ],
            [
              -70.00643589999999,
              41.8811652
            ],
            [
              -70.00510630000002,
              41.88224059999999
            ],
            [
              -70.00450417500002,
              41.88236693499999
            ],
            [
              -70.00506949999999,
              41.881757900000025
            ],
            [
              -70.00419640000001,
              41.88084199999997
            ],
            [
              -70.00557889999999,
              41.8808032
            ],
            [
              -70.00594260000003,
              41.880368499999975
            ],
            [
              -70.00394690000002,
              41.88067890000002
            ],
            [
              -70.00367169999998,
              41.88278279999997
            ],
            [
              -70.005190642,
              41.88351039899999
            ],
            [
              -70.00075629999998,
              41.88693510000002
            ],
            [
              -69.99846162,
              41.887016570000014
            ],
            [
              -69.99984869999997,
              41.88554199999999
            ],
            [
              -69.99829060000002,
              41.88520519999997
            ],
            [
              -69.9959814,
              41.8886023
            ],
            [
              -69.997546666,
              41.88922237999998
            ],
            [
              -69.9957119,
              41.88943879999999
            ],
            [
              -69.99676449999998,
              41.89053230000002
            ],
            [
              -69.99945659999997,
              41.88815729999999
            ],
            [
              -70.0025379,
              41.8924399
            ],
            [
              -70.00251669099998,
              41.89466262600001
            ],
            [
              -69.99858790000002,
              41.899055299999986
            ],
            [
              -70.00041900000002,
              41.89985730000001
            ],
            [
              -70.00096159999998,
              41.898106799999994
            ],
            [
              -70.00332354900002,
              41.90050453499998
            ],
            [
              -70.0024745,
              41.902253099999996
            ],
            [
              -70.004778063,
              41.90131222000002
            ],
            [
              -70.00497156099999,
              41.90424627300001
            ],
            [
              -69.9974583,
              41.90631760000002
            ],
            [
              -69.99433264200002,
              41.91017335700002
            ],
            [
              -69.99134559999999,
              41.9087591
            ],
            [
              -69.98852900000003,
              41.913624700000014
            ],
            [
              -69.99330809999998,
              41.9115051
            ],
            [
              -69.9947631,
              41.91299329999998
            ],
            [
              -69.99369300000001,
              41.91591260000001
            ],
            [
              -69.99846450000001,
              41.91519340000002
            ],
            [
              -70.0009384,
              41.91277339999999
            ],
            [
              -69.99606560000001,
              41.9102532
            ],
            [
              -70.00162440000003,
              41.91260080000001
            ],
            [
              -70.004500683,
              41.90942289999998
            ],
            [
              -70.00564568700003,
              41.909332585000016
            ],
            [
              -70.00468280000001,
              41.910298599999976
            ],
            [
              -70.0158998,
              41.91268450000001
            ],
            [
              -70.0159309,
              41.91452459999999
            ],
            [
              -70.01690425999999,
              41.91537618900003
            ],
            [
              -70.01648840000001,
              41.91638760000001
            ],
            [
              -70.01698049999999,
              41.91672999999997
            ],
            [
              -70.01822390000001,
              41.913587500000006
            ],
            [
              -70.01662069999998,
              41.91374539999998
            ],
            [
              -70.0176942,
              41.91210649999999
            ],
            [
              -70.0154518,
              41.91056500000002
            ],
            [
              -70.01759249999998,
              41.911415499999976
            ],
            [
              -70.01786099999998,
              41.91032130000002
            ],
            [
              -70.013558198,
              41.90959946100003
            ],
            [
              -70.013152225,
              41.90814127099998
            ],
            [
              -70.02010997100001,
              41.908019094
            ],
            [
              -70.02696479100001,
              41.914068429999986
            ],
            [
              -70.02382069999999,
              41.91505480000001
            ],
            [
              -70.027181858,
              41.914343840000015
            ],
            [
              -70.02984375300002,
              41.91772119699999
            ],
            [
              -70.028898852,
              41.919681002999994
            ],
            [
              -70.02433580000002,
              41.91864450000003
            ],
            [
              -70.02181990000003,
              41.92030779999999
            ],
            [
              -70.02173620000002,
              41.92199950000003
            ],
            [
              -70.02352250000001,
              41.922873700000025
            ],
            [
              -70.0216848,
              41.92690440000001
            ],
            [
              -70.02389490000002,
              41.93050864600002
            ],
            [
              -70.02365529999997,
              41.93323889999999
            ],
            [
              -70.02624958000001,
              41.933460363999984
            ],
            [
              -70.02407829999999,
              41.937579200000016
            ],
            [
              -70.0299713,
              41.933756200000005
            ],
            [
              -70.02797290000001,
              41.9314622
            ],
            [
              -70.02976619999998,
              41.930391499999985
            ],
            [
              -70.04534810000001,
              41.9312822
            ],
            [
              -70.06178586499999,
              41.927167983000004
            ],
            [
              -70.06441265000001,
              41.929105633000006
            ],
            [
              -70.06016299999999,
              41.93131199999999
            ],
            [
              -70.059595,
              41.934214999999995
            ],
            [
              -70.05818420000003,
              41.93322499999999
            ],
            [
              -70.0589966,
              41.93555220000002
            ],
            [
              -70.05735299999998,
              41.937036999999975
            ],
            [
              -70.05333250000001,
              41.93898300000001
            ],
            [
              -70.0529919,
              41.940338499999996
            ],
            [
              -70.05648079999997,
              41.94286949999997
            ],
            [
              -70.0536487,
              41.945806000000005
            ],
            [
              -70.05714710000001,
              41.943567900000005
            ],
            [
              -70.05390599999998,
              41.93929700000001
            ],
            [
              -70.059278,
              41.9365191
            ],
            [
              -70.06110489999998,
              41.93264240000002
            ],
            [
              -70.06426603800003,
              41.93157296499999
            ],
            [
              -70.0638889,
              41.933368400000006
            ],
            [
              -70.06532720000001,
              41.9334877
            ],
            [
              -70.07283136400002,
              41.92843243499999
            ],
            [
              -70.0724975,
              41.93554799999998
            ],
            [
              -70.07624329999999,
              41.94373839999997
            ],
            [
              -70.07697089999999,
              41.97885359999998
            ],
            [
              -70.07947920200002,
              41.99121230100002
            ],
            [
              -70.07672380000002,
              41.990995699999985
            ],
            [
              -70.07166360000002,
              41.984377499999994
            ],
            [
              -70.07002369999998,
              41.985179800000026
            ],
            [
              -70.07051059999998,
              41.9880258
            ],
            [
              -70.06861459999999,
              41.98978299999999
            ],
            [
              -70.07073539999999,
              41.99088469999998
            ],
            [
              -70.0687044,
              41.99233270000002
            ],
            [
              -70.06222229999997,
              41.99353589999998
            ],
            [
              -70.05257610000001,
              41.992590500000006
            ],
            [
              -70.05157689999999,
              41.99406099999999
            ],
            [
              -70.06233041899998,
              41.99521831200002
            ],
            [
              -70.06304970000002,
              41.99635649999999
            ],
            [
              -70.06903749999998,
              41.998386700000026
            ],
            [
              -70.07336750000002,
              41.99720259999998
            ],
            [
              -70.0803469,
              42.0
            ],
            [
              -70.08378299999998,
              42.01305500000001
            ],
            [
              -70.089785,
              42.02573100000001
            ],
            [
              -70.098276,
              42.03620000000001
            ],
            [
              -70.1146589,
              42.047646499999985
            ],
            [
              -70.14468410500001,
              42.059153115000015
            ],
            [
              -70.1462239,
              42.06109350000003
            ],
            [
              -70.15643590000002,
              42.06228650000003
            ],
            [
              -70.17214790000003,
              42.059090500000025
            ],
            [
              -70.17987190000002,
              42.05560150000002
            ],
            [
              -70.19174199999998,
              42.04694430000001
            ],
            [
              -70.1997968,
              42.032648300000005
            ],
            [
              -70.20018040000002,
              42.02993170000002
            ],
            [
              -70.1988379,
              42.028644799999995
            ],
            [
              -70.18624399999999,
              42.02353629999999
            ],
            [
              -70.18018389999997,
              42.0254056
            ],
            [
              -70.17906590000001,
              42.02442050000002
            ],
            [
              -70.17929138800002,
              42.025606041
            ],
            [
              -70.17294340000001,
              42.02818819999999
            ],
            [
              -70.16955769999998,
              42.0320241
            ],
            [
              -70.17410810000001,
              42.025735399999974
            ],
            [
              -70.18896900499999,
              42.019687798999996
            ],
            [
              -70.194076,
              42.02062699999999
            ],
            [
              -70.20681689999998,
              42.03007150000002
            ],
            [
              -70.22358209999999,
              42.0509591
            ],
            [
              -70.23793740000002,
              42.06004999999999
            ],
            [
              -70.2327545,
              42.057571499999995
            ],
            [
              -70.23329660000002,
              42.05898139999999
            ],
            [
              -70.23152329999999,
              42.058368099999996
            ],
            [
              -70.23281689999999,
              42.06048929999997
            ],
            [
              -70.23416980000002,
              42.060143700000026
            ],
            [
              -70.23382679999997,
              42.062092699999994
            ],
            [
              -70.2362043,
              42.06047699999999
            ],
            [
              -70.23815389999999,
              42.06158799999997
            ],
            [
              -70.23569400000002,
              42.06493499999999
            ],
            [
              -70.23913720000002,
              42.064219200000025
            ],
            [
              -70.24016169999999,
              42.06603580000001
            ],
            [
              -70.24211200000002,
              42.06309140000002
            ],
            [
              -70.2403382,
              42.06346960000002
            ],
            [
              -70.24038150000001,
              42.06057800000002
            ],
            [
              -70.24442690000001,
              42.06079149999999
            ],
            [
              -70.2454684,
              42.06313899999998
            ],
            [
              -70.24095690000001,
              42.069399799999985
            ],
            [
              -70.2285733,
              42.076482399999975
            ],
            [
              -70.21732509999998,
              42.079334700000004
            ],
            [
              -70.19811723599997,
              42.08073724299999
            ],
            [
              -70.14277307100002,
              42.073204514999986
            ],
            [
              -70.12555457899998,
              42.068449294000004
            ],
            [
              -70.10390280000001,
              42.06063039999998
            ],
            [
              -70.06190459999999,
              42.0402373
            ],
            [
              -70.0547578,
              42.03440699999999
            ],
            [
              -70.01177180000002,
              41.984840899999995
            ],
            [
              -69.99853704399999,
              41.96803088299998
            ],
            [
              -69.98703319999998,
              41.950168099999985
            ],
            [
              -69.97102840000002,
              41.916533300000026
            ],
            [
              -69.94998019500002,
              41.857360692999976
            ],
            [
              -69.94542519999999,
              41.84134790000002
            ],
            [
              -69.944285132,
              41.831422668000016
            ],
            [
              -69.9478168,
              41.83317069999998
            ],
            [
              -69.94946805400002,
              41.84049605500002
            ],
            [
              -69.9478226,
              41.84114720000002
            ],
            [
              -69.95070020000003,
              41.843555400000014
            ],
            [
              -69.95316150000002,
              41.84295109999999
            ],
            [
              -69.95738080299998,
              41.836361882999995
            ],
            [
              -69.960641409,
              41.834076659999994
            ],
            [
              -69.96684228599997,
              41.83318750299998
            ],
            [
              -69.97039469999999,
              41.836852299999975
            ],
            [
              -69.97324170000002,
              41.8362037
            ],
            [
              -69.972190479,
              41.833778671999994
            ],
            [
              -69.97412650000001,
              41.832046100000014
            ],
            [
              -69.9735915,
              41.83050279999998
            ],
            [
              -69.9618979,
              41.8214706
            ],
            [
              -69.95937570000001,
              41.8174113
            ],
            [
              -69.96644429999998,
              41.813009299999976
            ],
            [
              -69.96656262599998,
              41.811170531000016
            ],
            [
              -69.97537737599998,
              41.80310934800002
            ],
            [
              -69.9804499,
              41.80031680000002
            ],
            [
              -69.9862023,
              41.79144919999999
            ],
            [
              -69.98635519999999,
              41.7866444
            ],
            [
              -69.98245730000002,
              41.78624400000001
            ],
            [
              -69.9781764,
              41.78994399999999
            ],
            [
              -69.96495499999997,
              41.807062099999996
            ],
            [
              -69.96341817400003,
              41.808769403999975
            ],
            [
              -69.96081959999998,
              41.8086859
            ],
            [
              -69.96151282900001,
              41.81035154800003
            ],
            [
              -69.95954662999998,
              41.811069222000015
            ],
            [
              -69.9570746,
              41.80928899999998
            ],
            [
              -69.95256409299998,
              41.809408589999975
            ],
            [
              -69.952108038,
              41.79629544400001
            ],
            [
              -69.95553369999999,
              41.79439239999999
            ],
            [
              -69.94854659999999,
              41.79257849999999
            ],
            [
              -69.94443919999998,
              41.794921199999976
            ],
            [
              -69.94242145999999,
              41.80114957799998
            ],
            [
              -69.93950469999999,
              41.79982289999998
            ],
            [
              -69.9410054,
              41.81839830000001
            ],
            [
              -69.943912566,
              41.82615347199999
            ],
            [
              -69.94053650000001,
              41.825781800000016
            ],
            [
              -69.92892260000002,
              41.74453779999999
            ],
            [
              -69.928695645,
              41.722749753000016
            ],
            [
              -69.93149260000001,
              41.70607030000002
            ],
            [
              -69.93391559999998,
              41.705675600000006
            ],
            [
              -69.93331360000002,
              41.7081455
            ],
            [
              -69.93760700000001,
              41.711616307999975
            ],
            [
              -69.93561240000002,
              41.71094959999999
            ],
            [
              -69.932365,
              41.71276640000002
            ],
            [
              -69.93503930000003,
              41.71780890000002
            ],
            [
              -69.93265889999998,
              41.72287299999999
            ],
            [
              -69.93361399999998,
              41.734452999999974
            ],
            [
              -69.93148330000002,
              41.73717149999999
            ],
            [
              -69.93589159999999,
              41.74513949999999
            ],
            [
              -69.93631770000002,
              41.74992630000003
            ],
            [
              -69.94238689999997,
              41.7551196
            ],
            [
              -69.94115690000001,
              41.75816070000002
            ],
            [
              -69.93695120000001,
              41.759244799999976
            ],
            [
              -69.94055600000002,
              41.75953470000002
            ],
            [
              -69.94244909999998,
              41.766976
            ],
            [
              -69.94702647399998,
              41.770301003999975
            ],
            [
              -69.94678590000001,
              41.77201150000002
            ],
            [
              -69.94389455499999,
              41.773256156
            ],
            [
              -69.93661730000002,
              41.774449600000025
            ],
            [
              -69.93637239999998,
              41.776343999999995
            ],
            [
              -69.94434039999999,
              41.77521819999998
            ],
            [
              -69.94937325699999,
              41.772303720000025
            ],
            [
              -69.9499222,
              41.77389679999999
            ],
            [
              -69.94827930000002,
              41.774630100000024
            ],
            [
              -69.94974079999997,
              41.77558010000001
            ],
            [
              -69.95310080000002,
              41.77297179999999
            ],
            [
              -69.95366949999999,
              41.77052579999997
            ],
            [
              -69.94630486599999,
              41.76666583299999
            ],
            [
              -69.94512250000002,
              41.76374750000002
            ],
            [
              -69.94958270000001,
              41.766344100000026
            ],
            [
              -69.95898394699998,
              41.76139360399998
            ],
            [
              -69.96120339999999,
              41.7676184
            ],
            [
              -69.96473226199998,
              41.77078195299998
            ],
            [
              -69.962783,
              41.77471350000002
            ],
            [
              -69.96485391700003,
              41.77424216899999
            ],
            [
              -69.9699081,
              41.777912800000024
            ],
            [
              -69.96217080000002,
              41.779919800000016
            ],
            [
              -69.96546469999998,
              41.7831918
            ],
            [
              -69.97204720000002,
              41.77805009999997
            ],
            [
              -69.9707057,
              41.77525429999997
            ],
            [
              -69.96818622,
              41.774922764999985
            ],
            [
              -69.97092609999999,
              41.77332940000002
            ],
            [
              -69.96751551,
              41.77455590300002
            ],
            [
              -69.967426794,
              41.77335151199998
            ],
            [
              -69.9736201,
              41.77080849999999
            ],
            [
              -69.97391390000001,
              41.770020199999976
            ],
            [
              -69.9758119,
              41.771276
            ],
            [
              -69.97835889999999,
              41.770478500000024
            ],
            [
              -69.9754691,
              41.76903010000001
            ],
            [
              -69.97358329999997,
              41.76983680000001
            ],
            [
              -69.9732282,
              41.77061600000002
            ],
            [
              -69.96870916,
              41.770150109999975
            ],
            [
              -69.96629204700002,
              41.768329490999974
            ],
            [
              -69.96559099799998,
              41.76494610399999
            ],
            [
              -69.97791810000001,
              41.758422800000005
            ],
            [
              -69.98078349999997,
              41.75845029999999
            ],
            [
              -69.98119980000001,
              41.761127499999986
            ],
            [
              -69.98424890000001,
              41.761035900000024
            ],
            [
              -69.98364889999999,
              41.75935800000002
            ],
            [
              -69.98165289999997,
              41.75947719999999
            ],
            [
              -69.9809917,
              41.7582486
            ],
            [
              -69.9786039,
              41.75791859999998
            ],
            [
              -69.97226080000002,
              41.75834950000001
            ],
            [
              -69.970733542,
              41.76078414699998
            ],
            [
              -69.96716942299997,
              41.76204431299999
            ],
            [
              -69.96338309999999,
              41.760843299999976
            ],
            [
              -69.96006820000002,
              41.75727710000001
            ],
            [
              -69.97006349999998,
              41.751833799999986
            ],
            [
              -69.97082490000003,
              41.746476099999995
            ],
            [
              -69.96618656099997,
              41.74194249499999
            ],
            [
              -69.96843080000002,
              41.73982810000001
            ],
            [
              -69.96687980000002,
              41.7396981
            ],
            [
              -69.967507947,
              41.73792364899998
            ],
            [
              -69.9803119,
              41.736052856000015
            ],
            [
              -69.97902950000002,
              41.739293599999996
            ],
            [
              -69.98983240000001,
              41.73562759999999
            ],
            [
              -69.99599954299998,
              41.71815251100003
            ],
            [
              -69.99571079999998,
              41.721507599999995
            ],
            [
              -69.99842919999998,
              41.72039569999998
            ],
            [
              -69.99488910000002,
              41.71271589999998
            ],
            [
              -69.976138117,
              41.721472721
            ],
            [
              -69.96606209999999,
              41.718167900000026
            ],
            [
              -69.96493722500003,
              41.715912350999986
            ],
            [
              -69.97280860000001,
              41.7117657
            ],
            [
              -69.97398090000002,
              41.71300689999998
            ],
            [
              -69.97270739999999,
              41.716410800000006
            ],
            [
              -69.97747079999999,
              41.71778699999999
            ],
            [
              -69.9814872,
              41.7162548
            ],
            [
              -69.98229140000001,
              41.714851399999986
            ],
            [
              -69.97847489999998,
              41.71090570000001
            ],
            [
              -69.96990549999998,
              41.71046819999998
            ],
            [
              -69.9697018,
              41.70924689999998
            ],
            [
              -69.97749429999999,
              41.70596469999998
            ],
            [
              -69.9825414,
              41.71010860000001
            ],
            [
              -69.98508299999997,
              41.70855999999998
            ],
            [
              -69.98510270000003,
              41.7069429
            ],
            [
              -69.97941889999998,
              41.704342999999994
            ],
            [
              -69.96996969999998,
              41.7058571
            ],
            [
              -69.96901050000002,
              41.702209400000015
            ],
            [
              -69.96830968400002,
              41.708227196999985
            ],
            [
              -69.965921702,
              41.71067394300002
            ],
            [
              -69.9616565,
              41.70888930000001
            ],
            [
              -69.95692489999999,
              41.709439799999984
            ],
            [
              -69.94656049999998,
              41.70474380000002
            ],
            [
              -69.94600975600002,
              41.70312423799999
            ],
            [
              -69.95002670000002,
              41.69891059999998
            ],
            [
              -69.9516721,
              41.69119260000002
            ],
            [
              -69.94889330000001,
              41.68173780000001
            ],
            [
              -69.94621539500002,
              41.67840574000002
            ],
            [
              -69.9477564,
              41.67175809999998
            ],
            [
              -69.9462977,
              41.66662229999997
            ],
            [
              -69.9430734,
              41.666623000000016
            ],
            [
              -69.94330298800003,
              41.66964409299999
            ],
            [
              -69.93854019999998,
              41.66852949999998
            ],
            [
              -69.93835960000001,
              41.67060350000003
            ],
            [
              -69.93977744099999,
              41.67116962699998
            ],
            [
              -69.93690859999998,
              41.673060899999996
            ],
            [
              -69.94240290699997,
              41.678030202
            ],
            [
              -69.94121995299997,
              41.678889157000015
            ],
            [
              -69.93733889999999,
              41.67734489999998
            ],
            [
              -69.9375579,
              41.679171499999995
            ],
            [
              -69.93615770000002,
              41.679625999999985
            ],
            [
              -69.9352647,
              41.680787599999974
            ],
            [
              -69.93837763900001,
              41.679900062
            ],
            [
              -69.93467140000001,
              41.684973000000014
            ],
            [
              -69.93542055400002,
              41.691301689
            ],
            [
              -69.934147,
              41.69529619999997
            ],
            [
              -69.93805120000002,
              41.7048375
            ],
            [
              -69.93297220900001,
              41.700109802999975
            ],
            [
              -69.93160499999999,
              41.68804899999998
            ],
            [
              -69.93388047399998,
              41.675803707
            ],
            [
              -69.93866809999997,
              41.66662400000001
            ],
            [
              -69.75,
              41.66666700000002
            ],
            [
              -69.60000000000002,
              41.516666999999984
            ]
          ],
          [
            [
              -69.946118249,
              41.69107484099999
            ],
            [
              -69.94724129999997,
              41.68975990000001
            ],
            [
              -69.949576681,
              41.68962977699999
            ],
            [
              -69.94796838000002,
              41.69371159999997
            ],
            [
              -69.946118249,
              41.69107484099999
            ]
          ],
          [
            [
              -70.26035710000002,
              41.70517819999998
            ],
            [
              -70.26076999999998,
              41.705990199999974
            ],
            [
              -70.260536,
              41.70640780000002
            ],
            [
              -70.26019889999998,
              41.70617429999999
            ],
            [
              -70.26035710000002,
              41.70517819999998
            ]
          ],
          [
            [
              -70.2604048,
              41.70649159999999
            ],
            [
              -70.26068400000003,
              41.70656739999998
            ],
            [
              -70.26074979999999,
              41.706654800000024
            ],
            [
              -70.26034240000001,
              41.70656600000001
            ],
            [
              -70.2604048,
              41.70649159999999
            ]
          ],
          [
            [
              -70.33106020000002,
              41.709106399999996
            ],
            [
              -70.33196720000001,
              41.70724660000002
            ],
            [
              -70.3342965,
              41.70935179999998
            ],
            [
              -70.33849500000002,
              41.70857749999999
            ],
            [
              -70.33771159999998,
              41.71114979999999
            ],
            [
              -70.335962,
              41.7113731
            ],
            [
              -70.33112560000001,
              41.71045509999999
            ],
            [
              -70.33106020000002,
              41.709106399999996
            ]
          ],
          [
            [
              -70.34471450000001,
              41.710133600000006
            ],
            [
              -70.34061350000002,
              41.7121444
            ],
            [
              -70.34076370000002,
              41.71303929999999
            ],
            [
              -70.33809327,
              41.71256501900001
            ],
            [
              -70.34017340000003,
              41.70736820000002
            ],
            [
              -70.34471450000001,
              41.710133600000006
            ]
          ],
          [
            [
              -70.2635884,
              41.708775
            ],
            [
              -70.26337760000001,
              41.70891940000001
            ],
            [
              -70.2633209,
              41.7088809
            ],
            [
              -70.26343129999998,
              41.708765400000004
            ],
            [
              -70.2635884,
              41.708775
            ]
          ],
          [
            [
              -70.25901770000002,
              41.712511199999994
            ],
            [
              -70.25886630000002,
              41.712307399999986
            ],
            [
              -70.258891,
              41.712072999999975
            ],
            [
              -70.2590755,
              41.71217360000003
            ],
            [
              -70.25901770000002,
              41.712511199999994
            ]
          ],
          [
            [
              -69.95018339,
              41.723726258
            ],
            [
              -69.95253259999998,
              41.71845029999997
            ],
            [
              -69.951902356,
              41.71542803099999
            ],
            [
              -69.95428779999997,
              41.71699000000001
            ],
            [
              -69.95291020000002,
              41.71949009999997
            ],
            [
              -69.9543592,
              41.71863380000002
            ],
            [
              -69.95446129999999,
              41.71685239999999
            ],
            [
              -69.95219589999999,
              41.71521630000001
            ],
            [
              -69.96236579999999,
              41.71997329999999
            ],
            [
              -69.9611074,
              41.721901
            ],
            [
              -69.95018339,
              41.723726258
            ]
          ],
          [
            [
              -70.3472678,
              41.71586100000002
            ],
            [
              -70.34762699999999,
              41.7165837
            ],
            [
              -70.34442969999998,
              41.71866360000001
            ],
            [
              -70.34510849999998,
              41.717567900000006
            ],
            [
              -70.3472678,
              41.71586100000002
            ]
          ],
          [
            [
              -70.34423980000003,
              41.718873099999996
            ],
            [
              -70.34458030000002,
              41.718996600000025
            ],
            [
              -70.34460760000002,
              41.719048799999996
            ],
            [
              -70.34415360000003,
              41.719100000000026
            ],
            [
              -70.34423980000003,
              41.718873099999996
            ]
          ],
          [
            [
              -70.3515514,
              41.726112899999976
            ],
            [
              -70.35268109999998,
              41.72555779999999
            ],
            [
              -70.35295050000002,
              41.728430100000026
            ],
            [
              -70.3511072,
              41.727272700000015
            ],
            [
              -70.3515514,
              41.726112899999976
            ]
          ],
          [
            [
              -70.35853930000002,
              41.726923
            ],
            [
              -70.35934379999998,
              41.72690160000002
            ],
            [
              -70.3575176,
              41.72881530000001
            ],
            [
              -70.35766940000002,
              41.72741109999998
            ],
            [
              -70.35853930000002,
              41.726923
            ]
          ],
          [
            [
              -70.23229379999998,
              41.72769340000002
            ],
            [
              -70.23259409999997,
              41.72832599999998
            ],
            [
              -70.23193170000002,
              41.72860539999999
            ],
            [
              -70.2320633,
              41.72791710000001
            ],
            [
              -70.23229379999998,
              41.72769340000002
            ]
          ],
          [
            [
              -70.3566482,
              41.72962860000001
            ],
            [
              -70.35516890000002,
              41.729798800000026
            ],
            [
              -70.35371650000002,
              41.72919089999999
            ],
            [
              -70.35715520000002,
              41.72933870000003
            ],
            [
              -70.3566482,
              41.72962860000001
            ]
          ],
          [
            [
              -69.95932984199999,
              41.730106533000026
            ],
            [
              -69.96017369999998,
              41.73104080000002
            ],
            [
              -69.95987303200002,
              41.731708835000006
            ],
            [
              -69.95841630000001,
              41.7301597
            ],
            [
              -69.95932984199999,
              41.730106533000026
            ]
          ],
          [
            [
              -69.95477168500003,
              41.73421894400002
            ],
            [
              -69.95274433200001,
              41.73361699899999
            ],
            [
              -69.95284506399997,
              41.73102436200003
            ],
            [
              -69.95703900000001,
              41.729911000000016
            ],
            [
              -69.95845910000003,
              41.731815600000004
            ],
            [
              -69.95477168500003,
              41.73421894400002
            ]
          ],
          [
            [
              -69.94937107300001,
              41.74650462699998
            ],
            [
              -69.94979330000001,
              41.748540400000024
            ],
            [
              -69.95443619999998,
              41.74994770000001
            ],
            [
              -69.95456117100002,
              41.751867017999984
            ],
            [
              -69.9511794,
              41.74976939999999
            ],
            [
              -69.9499889,
              41.75073739999999
            ],
            [
              -69.9497508,
              41.751654299999984
            ],
            [
              -69.94783740000003,
              41.75119460000002
            ],
            [
              -69.94421820000002,
              41.747035100000005
            ],
            [
              -69.94937107300001,
              41.74650462699998
            ]
          ],
          [
            [
              -69.949009037,
              41.75981642099998
            ],
            [
              -69.9439648,
              41.758264999999994
            ],
            [
              -69.94260967299999,
              41.748567391999984
            ],
            [
              -69.94808410000002,
              41.751618500000006
            ],
            [
              -69.95177489999998,
              41.75173790000002
            ],
            [
              -69.95077126000001,
              41.75869756999998
            ],
            [
              -69.949009037,
              41.75981642099998
            ]
          ],
          [
            [
              -69.9407852,
              41.758486800000014
            ],
            [
              -69.94102299999997,
              41.75920230000003
            ],
            [
              -69.94002239999998,
              41.75887069999999
            ],
            [
              -69.94008389999999,
              41.7587724
            ],
            [
              -69.9407852,
              41.758486800000014
            ]
          ],
          [
            [
              -69.94208651600002,
              41.76139501799997
            ],
            [
              -69.94219959999998,
              41.7612785
            ],
            [
              -69.94226066200002,
              41.761264660999984
            ],
            [
              -69.94208651600002,
              41.76139501799997
            ]
          ],
          [
            [
              -69.94205621499998,
              41.76146804899997
            ],
            [
              -69.94198444400001,
              41.76191949899999
            ],
            [
              -69.94192620000001,
              41.76176459999999
            ],
            [
              -69.94205621499998,
              41.76146804899997
            ]
          ],
          [
            [
              -69.94215791099998,
              41.810593509
            ],
            [
              -69.94120417599999,
              41.807242110999994
            ],
            [
              -69.942330519,
              41.805808952999996
            ],
            [
              -69.94225069999999,
              41.80802210000002
            ],
            [
              -69.94215791099998,
              41.810593509
            ]
          ],
          [
            [
              -69.95938572099999,
              41.81110489500003
            ],
            [
              -69.95853499999998,
              41.81129349999998
            ],
            [
              -69.95592725400002,
              41.81104959300001
            ],
            [
              -69.95648057800003,
              41.81051723600001
            ],
            [
              -69.95938572099999,
              41.81110489500003
            ]
          ],
          [
            [
              -69.947571084,
              41.820243800000014
            ],
            [
              -69.95000219999997,
              41.82104420000002
            ],
            [
              -69.947452682,
              41.82001007500003
            ],
            [
              -69.94604279999999,
              41.814564700000005
            ],
            [
              -69.9471117,
              41.811641899999984
            ],
            [
              -69.949490884,
              41.811304135
            ],
            [
              -69.95581019999997,
              41.81925210000003
            ],
            [
              -69.95739509999999,
              41.82418710000002
            ],
            [
              -69.95557980000001,
              41.8253115
            ],
            [
              -69.951615301,
              41.82455968199997
            ],
            [
              -69.947571084,
              41.820243800000014
            ]
          ],
          [
            [
              -69.95983154599998,
              41.82454020799997
            ],
            [
              -69.9627686,
              41.8244861
            ],
            [
              -69.96548214199998,
              41.827970533999974
            ],
            [
              -69.95902293099999,
              41.82688073700001
            ],
            [
              -69.96154969999998,
              41.826481899999976
            ],
            [
              -69.95862748500002,
              41.82583821899999
            ],
            [
              -69.95983154599998,
              41.82454020799997
            ]
          ],
          [
            [
              -69.94908528799999,
              41.82965092500001
            ],
            [
              -69.94802290000001,
              41.82633370000002
            ],
            [
              -69.9559056,
              41.82792310000002
            ],
            [
              -69.95762400000001,
              41.83014029999998
            ],
            [
              -69.95640159999999,
              41.82958819999999
            ],
            [
              -69.9569745,
              41.831482900000026
            ],
            [
              -69.95541550000002,
              41.83209679999999
            ],
            [
              -69.9554981,
              41.83309489999999
            ],
            [
              -69.95660240000001,
              41.83403120000003
            ],
            [
              -69.9556399,
              41.83244130000003
            ],
            [
              -69.95722840000002,
              41.83177439999997
            ],
            [
              -69.95909538299998,
              41.83307075099998
            ],
            [
              -69.95705809999998,
              41.834159399999976
            ],
            [
              -69.954942803,
              41.834130732000006
            ],
            [
              -69.94908528799999,
              41.82965092500001
            ]
          ],
          [
            [
              -69.96048989100001,
              41.831298747999995
            ],
            [
              -69.95886009999998,
              41.832528000000025
            ],
            [
              -69.95787363199997,
              41.82824136800002
            ],
            [
              -69.96024252400002,
              41.829359823999994
            ],
            [
              -69.958801,
              41.830549399999995
            ],
            [
              -69.96048989100001,
              41.831298747999995
            ]
          ],
          [
            [
              -69.95087681400003,
              41.83868997600001
            ],
            [
              -69.95068659999998,
              41.83887160199998
            ],
            [
              -69.95067287199998,
              41.838592914
            ],
            [
              -69.95087681400003,
              41.83868997600001
            ]
          ],
          [
            [
              -69.95154430500003,
              41.83900764200001
            ],
            [
              -69.95129070000002,
              41.83957409999999
            ],
            [
              -69.95068659999998,
              41.83949542800002
            ],
            [
              -69.95068659999998,
              41.83915410999998
            ],
            [
              -69.95154430500003,
              41.83900764200001
            ]
          ],
          [
            [
              -69.95268861,
              41.83921339699998
            ],
            [
              -69.95257229999999,
              41.8394576
            ],
            [
              -69.95222289600002,
              41.83917119099999
            ],
            [
              -69.95268861,
              41.83921339699998
            ]
          ],
          [
            [
              -69.95372159800002,
              41.83930701100002
            ],
            [
              -69.95367623200002,
              41.83953088800001
            ],
            [
              -69.95338312299998,
              41.839276337
            ],
            [
              -69.95372159800002,
              41.83930701100002
            ]
          ],
          [
            [
              -69.951176164,
              41.83999723300002
            ],
            [
              -69.95089030000003,
              41.8399584
            ],
            [
              -69.95083866300001,
              41.83985218599997
            ],
            [
              -69.9509951,
              41.8398856
            ],
            [
              -69.951176164,
              41.83999723300002
            ]
          ],
          [
            [
              -70.07227402299998,
              41.92291208199998
            ],
            [
              -70.06548700000002,
              41.92238859999998
            ],
            [
              -70.06181129999999,
              41.91916600000002
            ],
            [
              -70.06932260000002,
              41.91283950000002
            ],
            [
              -70.07153170599997,
              41.90242526100002
            ],
            [
              -70.07227402299998,
              41.92291208199998
            ]
          ],
          [
            [
              -70.015473676,
              41.911813429999995
            ],
            [
              -70.0154556,
              41.91186019999998
            ],
            [
              -70.01538642100002,
              41.911849725000025
            ],
            [
              -70.01544360000003,
              41.91182839999999
            ],
            [
              -70.015473676,
              41.911813429999995
            ]
          ],
          [
            [
              -70.01583692899999,
              41.912328204000005
            ],
            [
              -70.01625200000001,
              41.91234589999999
            ],
            [
              -70.01615455000001,
              41.91262973900001
            ],
            [
              -70.01583692899999,
              41.912328204000005
            ]
          ],
          [
            [
              -70.016421321,
              41.91298336599999
            ],
            [
              -70.01656880000002,
              41.913093100000026
            ],
            [
              -70.01647000899999,
              41.91321667599999
            ],
            [
              -70.016421321,
              41.91298336599999
            ]
          ],
          [
            [
              -70.063115955,
              41.99540075499999
            ],
            [
              -70.06323450000002,
              41.995436100000006
            ],
            [
              -70.06364607199998,
              41.99587787399997
            ],
            [
              -70.06340449999999,
              41.995838100000014
            ],
            [
              -70.063115955,
              41.99540075499999
            ]
          ],
          [
            [
              -70.62488580000002,
              42.02320259999999
            ],
            [
              -70.6249661,
              42.023258999999996
            ],
            [
              -70.62486109999998,
              42.02336539999999
            ],
            [
              -70.6248607,
              42.02325830000001
            ],
            [
              -70.62488580000002,
              42.02320259999999
            ]
          ],
          [
            [
              -70.18084518799998,
              42.025616748000004
            ],
            [
              -70.18141251499998,
              42.025417792999974
            ],
            [
              -70.1815077,
              42.0254741
            ],
            [
              -70.18133169999999,
              42.025620100000026
            ],
            [
              -70.18084518799998,
              42.025616748000004
            ]
          ],
          [
            [
              -70.24056366899998,
              42.06010320600001
            ],
            [
              -70.2402035,
              42.06007840000001
            ],
            [
              -70.240097112,
              42.05996259599999
            ],
            [
              -70.24033989999998,
              42.06002059999997
            ],
            [
              -70.24056366899998,
              42.06010320600001
            ]
          ],
          [
            [
              -70.70015347100002,
              42.14626766700002
            ],
            [
              -70.698440904,
              42.14724729699998
            ],
            [
              -70.6975678,
              42.14371169999998
            ],
            [
              -70.69792875299999,
              42.143692343
            ],
            [
              -70.70015347100002,
              42.14626766700002
            ]
          ],
          [
            [
              -70.69736239999997,
              42.14378510300003
            ],
            [
              -70.6973643,
              42.143755699999986
            ],
            [
              -70.697462815,
              42.143661484999996
            ],
            [
              -70.69747310000002,
              42.14372530000003
            ],
            [
              -70.69736239999997,
              42.14378510300003
            ]
          ],
          [
            [
              -70.706898502,
              42.144787818
            ],
            [
              -70.7075519,
              42.144856600000026
            ],
            [
              -70.70797800000003,
              42.14553910000001
            ],
            [
              -70.707928724,
              42.14557500000001
            ],
            [
              -70.706898502,
              42.144787818
            ]
          ],
          [
            [
              -70.70436599200002,
              42.15136683700001
            ],
            [
              -70.70209540000002,
              42.15180179999999
            ],
            [
              -70.70233760000002,
              42.149458700000025
            ],
            [
              -70.703076415,
              42.14977664899999
            ],
            [
              -70.70436599200002,
              42.15136683700001
            ]
          ],
          [
            [
              -70.71653445800001,
              42.151214912
            ],
            [
              -70.71679089999998,
              42.150789299999985
            ],
            [
              -70.71823360000002,
              42.15095389999999
            ],
            [
              -70.71785549999998,
              42.151756499999976
            ],
            [
              -70.71653445800001,
              42.151214912
            ]
          ],
          [
            [
              -70.72819820000001,
              42.15226030000002
            ],
            [
              -70.7282275,
              42.1522789
            ],
            [
              -70.72820860000002,
              42.152369599999986
            ],
            [
              -70.72818590000003,
              42.15234650000002
            ],
            [
              -70.72819820000001,
              42.15226030000002
            ]
          ],
          [
            [
              -70.71554025500001,
              42.15287581000001
            ],
            [
              -70.71577480000002,
              42.15319260000001
            ],
            [
              -70.7158991,
              42.15373440000002
            ],
            [
              -70.71568928699998,
              42.15372602999997
            ],
            [
              -70.71554025500001,
              42.15287581000001
            ]
          ],
          [
            [
              -70.70799281199999,
              42.15597361599998
            ],
            [
              -70.7055805,
              42.153787997999984
            ],
            [
              -70.7055671,
              42.1531569
            ],
            [
              -70.705799593,
              42.15313469
            ],
            [
              -70.70799281199999,
              42.15597361599998
            ]
          ],
          [
            [
              -70.70381940200002,
              42.15547310900001
            ],
            [
              -70.705434792,
              42.15612559300001
            ],
            [
              -70.70780300000001,
              42.15806839999999
            ],
            [
              -70.7062727,
              42.15823110000002
            ],
            [
              -70.70381940200002,
              42.15547310900001
            ]
          ],
          [
            [
              -70.70824403,
              42.15778042599999
            ],
            [
              -70.708403761,
              42.15760974199998
            ],
            [
              -70.70854154699998,
              42.15752405400002
            ],
            [
              -70.70854880000002,
              42.157553699999994
            ],
            [
              -70.70824403,
              42.15778042599999
            ]
          ],
          [
            [
              -70.73305762000001,
              42.16328686999998
            ],
            [
              -70.7354168,
              42.16418249999998
            ],
            [
              -70.73571149999998,
              42.16500780000001
            ],
            [
              -70.73249329999999,
              42.16472240000002
            ],
            [
              -70.73305762000001,
              42.16328686999998
            ]
          ],
          [
            [
              -70.738618084,
              42.163376406
            ],
            [
              -70.73854720000003,
              42.16347159999998
            ],
            [
              -70.7382991,
              42.163408000000004
            ],
            [
              -70.73836419999998,
              42.16335959999998
            ],
            [
              -70.738618084,
              42.163376406
            ]
          ],
          [
            [
              -70.74773720000002,
              42.16468980000002
            ],
            [
              -70.7477017,
              42.1646892
            ],
            [
              -70.74770310000002,
              42.164646800000014
            ],
            [
              -70.7477601,
              42.16464780000001
            ],
            [
              -70.74773720000002,
              42.16468980000002
            ]
          ],
          [
            [
              -70.72058383299998,
              42.16489342099999
            ],
            [
              -70.72044912000001,
              42.16508870000001
            ],
            [
              -70.719738812,
              42.164936797999985
            ],
            [
              -70.72058229999999,
              42.164893500000005
            ],
            [
              -70.72058383299998,
              42.16489342099999
            ]
          ],
          [
            [
              -70.71931280500002,
              42.164958684
            ],
            [
              -70.71930918200002,
              42.16495930999997
            ],
            [
              -70.71928602000003,
              42.16496005800002
            ],
            [
              -70.71931280500002,
              42.164958684
            ]
          ],
          [
            [
              -70.72577795500001,
              42.166835462999984
            ],
            [
              -70.7255677,
              42.166902900000025
            ],
            [
              -70.72545789700001,
              42.16686936000002
            ],
            [
              -70.72555929999999,
              42.166736000000014
            ],
            [
              -70.72577795500001,
              42.166835462999984
            ]
          ],
          [
            [
              -70.72458732400003,
              42.16793990100001
            ],
            [
              -70.72308679999998,
              42.1683122
            ],
            [
              -70.72222740000001,
              42.169348000000014
            ],
            [
              -70.72121370000002,
              42.16884870000001
            ],
            [
              -70.72241550000001,
              42.167168600000025
            ],
            [
              -70.72458732400003,
              42.16793990100001
            ]
          ],
          [
            [
              -70.72088100000002,
              42.16951560000001
            ],
            [
              -70.72069529999999,
              42.16969899999998
            ],
            [
              -70.7206258,
              42.16970020000002
            ],
            [
              -70.72059300000001,
              42.169520999999975
            ],
            [
              -70.72088100000002,
              42.16951560000001
            ]
          ],
          [
            [
              -70.73364121200001,
              42.17295619700002
            ],
            [
              -70.73362589999999,
              42.17299029999998
            ],
            [
              -70.73360479000002,
              42.173041650000016
            ],
            [
              -70.7336062,
              42.17302219999999
            ],
            [
              -70.73364121200001,
              42.17295619700002
            ]
          ],
          [
            [
              -70.71933528800002,
              42.19623078699999
            ],
            [
              -70.7206931,
              42.19579190000002
            ],
            [
              -70.72104178799998,
              42.197607593999976
            ],
            [
              -70.72023300000001,
              42.197170200000016
            ],
            [
              -70.71933528800002,
              42.19623078699999
            ]
          ]
        ]
      }
    },
    {
      "type": "Feature",
      "properties": {
        "OBJECTID": 140721,
        "THEMELAYER": "Recommended Routes",
        "INFORM": null,
        "OBJNAM": "Block Island Sound to Buzzards Bay",
        "name": "Block Island Sound to Buzzards Bay"
      },
      "geometry": {
        "type": "Polygon",
        "coordinates": [
          [
            [
              -71.625,
              41.296786199999985
            ],
            [
              -72.03499959999999,
              41.23692390000002
            ],
            [
              -72.0730706,
              41.24661609999998
            ],
            [
              -72.0772968,
              41.23720989999998
            ],
            [
              -72.0183758,
              41.22222499999998
            ],
            [
              -71.84364015,
              41.25481407299998
            ],
            [
              -71.57766099999998,
              41.29362400000002
            ],
            [
              -71.43393759999998,
              41.29369380000003
            ],
            [
              -71.43394430000001,
              41.303590199999974
            ],
            [
              -71.57822599999997,
              41.30361099999999
            ],
            [
              -71.625,
              41.296786199999985
            ]
          ]
        ]
      }
    },
    {
      "type": "Feature",
      "properties": {
        "OBJECTID": 140722,
        "THEMELAYER": "Recommended Routes",
        "INFORM": null,
        "OBJNAM": "Block Island Sound to Buzzards Bay",
        "name": "Block Island Sound to Buzzards Bay"
      },
      "geometry": {
        "type": "Polygon",
        "coordinates": [
          [
            [
              -71.0983809,
              41.39999999999998
            ],
            [
              -71.34411010000002,
              41.3038133
            ],
            [
              -71.34410050000002,
              41.292665699999986
            ],
            [
              -71.04064299999999,
              41.41144600000001
            ],
            [
              -70.99516080299998,
              41.451028785000005
            ],
            [
              -70.82921290000002,
              41.50586499999997
            ],
            [
              -70.71706899999998,
              41.575333
            ],
            [
              -70.69949220000001,
              41.62165879999998
            ],
            [
              -70.70260780000001,
              41.6223124
            ],
            [
              -70.72212200000001,
              41.577946999999995
            ],
            [
              -70.83412240000001,
              41.511925599999984
            ],
            [
              -71.00889289999998,
              41.45415910000003
            ],
            [
              -71.048994,
              41.419392000000016
            ],
            [
              -71.0983809,
              41.39999999999998
            ]
          ]
        ]
      }
    },
    {
      "type": "Feature",
      "properties": {
        "OBJECTID": 140723,
        "THEMELAYER": "Recommended Routes",
        "INFORM": null,
        "OBJNAM": null,
        "name": "Recommended Routes"
      },
      "geometry": {
        "type": "Polygon",
        "coordinates": [
          [
            [
              -71.35499420000002,
              41.55000000000001
            ],
            [
              -71.34724388699999,
              41.480780057000004
            ],
            [
              -71.3797634,
              41.460188500000015
            ],
            [
              -71.432613,
              41.37724909999997
            ],
            [
              -71.41057360000002,
              41.377294800000016
            ],
            [
              -71.38205379599998,
              41.438399577999974
            ],
            [
              -71.36612159999999,
              41.37748829999998
            ],
            [
              -71.34404849999999,
              41.37761649999999
            ],
            [
              -71.37227330000002,
              41.44272080000002
            ],
            [
              -71.37222759999997,
              41.46113919999999
            ],
            [
              -71.34321410000001,
              41.479527399999995
            ],
            [
              -71.34675279999999,
              41.50483609999998
            ],
            [
              -71.33141549999999,
              41.528222400000004
            ],
            [
              -71.30065230000002,
              41.59897380000001
            ],
            [
              -71.30271549999998,
              41.59950739999999
            ],
            [
              -71.3349048,
              41.52943299999998
            ],
            [
              -71.3473343,
              41.51049139999998
            ],
            [
              -71.35268309999998,
              41.56655719999998
            ],
            [
              -71.36135009999998,
              41.5773461
            ],
            [
              -71.3634616,
              41.57411029999997
            ],
            [
              -71.35650930000003,
              41.56634109999999
            ],
            [
              -71.35499420000002,
              41.55000000000001
            ]
          ]
        ]
      }
    },
    {
      "type": "Feature",
      "properties": {
        "OBJECTID": 140724,
        "THEMELAYER": "Recommended Routes",
        "INFORM": "Recommended Vessel Route for vessels entering and departing the Sheepscot River, Maine. While not mandatory, vessels are requested to follow the designated route, see U.S. Coast Pilot Volume 1, Chapter 8.",
        "OBJNAM": null,
        "name": "Recommended Routes"
      },
      "geometry": {
        "type": "Polygon",
        "coordinates": [
          [
            [
              -69.69817119999999,
              43.80000000000001
            ],
            [
              -69.69817119999999,
              43.760865000000024
            ],
            [
              -69.70177799999999,
              43.71671700000002
            ],
            [
              -69.69988799999999,
              43.71660800000001
            ],
            [
              -69.69626290000002,
              43.7607342
            ],
            [
              -69.6962575,
              43.8224707
            ],
            [
              -69.69070579999999,
              43.847752000000014
            ],
            [
              -69.69275219999997,
              43.860035100000005
            ],
            [
              -69.68942070000003,
              43.89631969999999
            ],
            [
              -69.68279869999998,
              43.91208
            ],
            [
              -69.67390319999998,
              43.92590869999998
            ],
            [
              -69.6736424,
              43.94118839999999
            ],
            [
              -69.66725489999999,
              43.95416269999998
            ],
            [
              -69.66643620000002,
              43.96193840000001
            ],
            [
              -69.66807490000002,
              43.96422030000002
            ],
            [
              -69.66748419999999,
              43.967320599999994
            ],
            [
              -69.66224690000001,
              43.972053700000004
            ],
            [
              -69.6537735,
              43.985898899999995
            ],
            [
              -69.6528973,
              43.98968020000001
            ],
            [
              -69.65395080000002,
              43.99146969999998
            ],
            [
              -69.6635384,
              43.99287959999998
            ],
            [
              -69.65436849999998,
              43.99092949999999
            ],
            [
              -69.65449380000001,
              43.98603509999998
            ],
            [
              -69.66282519999999,
              43.97236959999998
            ],
            [
              -69.66813130000003,
              43.967849899999976
            ],
            [
              -69.66803770000001,
              43.954115100000024
            ],
            [
              -69.67444239999998,
              43.94135419999998
            ],
            [
              -69.67496799999998,
              43.926300500000025
            ],
            [
              -69.68446390000003,
              43.911033299999986
            ],
            [
              -69.68871059999998,
              43.911829599999976
            ],
            [
              -69.69160900000003,
              43.9094599
            ],
            [
              -69.6903757,
              43.90676079999997
            ],
            [
              -69.68656179999999,
              43.90601720000001
            ],
            [
              -69.6905615,
              43.896479
            ],
            [
              -69.69389919999998,
              43.860116500000004
            ],
            [
              -69.69264120000003,
              43.84776210000001
            ],
            [
              -69.69817119999999,
              43.82256189999998
            ],
            [
              -69.69817119999999,
              43.80000000000001
            ]
          ]
        ]
      }
    },
    {
      "type": "Feature",
      "properties": {
        "OBJECTID": 140725,
        "THEMELAYER": "Recommended Routes",
        "INFORM": null,
        "OBJNAM": null,
        "name": "Recommended Routes"
      },
      "geometry": {
        "type": "Polygon",
        "coordinates": [
          [
            [
              -69.0131106,
              44.10000000000002
            ],
            [
              -69.01318099999997,
              43.97447299999999
            ],
            [
              -69.07770900000003,
              43.948143000000016
            ],
            [
              -69.18717099999998,
              43.92628100000002
            ],
            [
              -69.30038289999999,
              43.82792280000001
            ],
            [
              -69.3795667,
              43.77908889999998
            ],
            [
              -69.37357500000002,
              43.77399170000001
            ],
            [
              -69.29299400000002,
              43.823665000000005
            ],
            [
              -69.18188199999997,
              43.920342000000005
            ],
            [
              -69.07417199999998,
              43.94179700000001
            ],
            [
              -69.003694,
              43.970519000000024
            ],
            [
              -69.00359709999998,
              44.018283199999985
            ],
            [
              -68.8898001,
              43.923497
            ],
            [
              -68.66679299999998,
              43.923520999999994
            ],
            [
              -68.66677199999998,
              43.93034799999998
            ],
            [
              -68.88554599999998,
              43.93034499999999
            ],
            [
              -69.00362840000003,
              44.02879630000001
            ],
            [
              -69.00360139999998,
              44.099426300000005
            ],
            [
              -68.9342211,
              44.14866719999998
            ],
            [
              -68.8384888,
              44.3480629
            ],
            [
              -68.82649529999998,
              44.45103769999997
            ],
            [
              -68.82271559999998,
              44.45504039999997
            ],
            [
              -68.83025199999997,
              44.459137
            ],
            [
              -68.86942390000002,
              44.41899319999999
            ],
            [
              -68.9235448,
              44.391535999999974
            ],
            [
              -68.95162010000001,
              44.31761130000001
            ],
            [
              -69.01306770000002,
              44.2080158
            ],
            [
              -69.0131106,
              44.10000000000002
            ]
          ],
          [
            [
              -68.98419317899999,
              44.12281140099998
            ],
            [
              -69.0036409,
              44.109040400000026
            ],
            [
              -69.00357597700003,
              44.206403174
            ],
            [
              -68.94210199999998,
              44.31620700000002
            ],
            [
              -68.91522401200001,
              44.38740929900001
            ],
            [
              -68.86240900000001,
              44.41422699999998
            ],
            [
              -68.8373987,
              44.43991030000001
            ],
            [
              -68.84839599999998,
              44.348431800000014
            ],
            [
              -68.94238589700001,
              44.15241520799998
            ],
            [
              -68.98419317899999,
              44.12281140099998
            ]
          ]
        ]
      }
    },
    {
      "type": "Feature",
      "properties": {
        "OBJECTID": 140726,
        "THEMELAYER": "Recommended Routes",
        "INFORM": null,
        "OBJNAM": null,
        "name": "Recommended Routes"
      },
      "geometry": {
        "type": "Polygon",
        "coordinates": [
          [
            [
              -68.14307179999997,
              44.10000000000002
            ],
            [
              -68.14567520000003,
              44.05328609999998
            ],
            [
              -68.286767,
              43.881033
            ],
            [
              -68.283367,
              43.87956700000001
            ],
            [
              -68.14104350000002,
              44.053303400000004
            ],
            [
              -68.1275923,
              44.29337700000002
            ],
            [
              -68.13233860000003,
              44.29337700000002
            ],
            [
              -68.14307179999997,
              44.10000000000002
            ]
          ]
        ]
      }
    },
    {
      "type": "Feature",
      "properties": {
        "OBJECTID": 140727,
        "THEMELAYER": "Recommended Routes",
        "INFORM": null,
        "OBJNAM": null,
        "name": "Recommended Routes"
      },
      "geometry": {
        "type": "Polygon",
        "coordinates": [
          [
            [
              -67.97319770000001,
              44.26117169999998
            ],
            [
              -67.87900819999999,
              44.22223839999998
            ],
            [
              -67.87669690000001,
              44.2250803
            ],
            [
              -68.085443,
              44.31144899999998
            ],
            [
              -68.08787990000002,
              44.308504700000015
            ],
            [
              -67.97319770000001,
              44.26117169999998
            ]
          ]
        ]
      }
    },
    {
      "type": "Feature",
      "properties": {
        "OBJECTID": 140798,
        "THEMELAYER": "Traffic Separation Schemes/Traffic Lanes",
        "INFORM": "Boston Harbor traffic lane outbound",
        "OBJNAM": null,
        "name": "Traffic Separation Schemes/Traffic Lanes"
      },
      "geometry": {
        "type": "Polygon",
        "coordinates": [
          [
            [
              -69.60000000000002,
              41.671881799999994
            ],
            [
              -70.02623899999998,
              42.296767999999986
            ],
            [
              -70.65530569999999,
              42.337439200000006
            ],
            [
              -70.66265700000002,
              42.326707999999996
            ],
            [
              -70.67500369999999,
              42.31364480000002
            ],
            [
              -70.04797000000002,
              42.273090000000025
            ],
            [
              -69.04919799999999,
              40.80042700000001
            ],
            [
              -69.02243600000003,
              40.815677900000026
            ],
            [
              -69.60000000000002,
              41.671881799999994
            ]
          ]
        ]
      }
    },
    {
      "type": "Feature",
      "properties": {
        "OBJECTID": 140799,
        "THEMELAYER": "Traffic Separation Schemes/Traffic Lanes",
        "INFORM": "Boston Harbor traffic lane inbound",
        "OBJNAM": null,
        "name": "Traffic Separation Schemes/Traffic Lanes"
      },
      "geometry": {
        "type": "Polygon",
        "coordinates": [
          [
            [
              -70.00324940000002,
              42.30000000000001
            ],
            [
              -69.00459569999998,
              40.82584459999998
            ],
            [
              -68.97781700000002,
              40.84110500000003
            ],
            [
              -69.58295370000002,
              41.73938829999997
            ],
            [
              -69.98999300000003,
              42.33621499999998
            ],
            [
              -70.64372500000002,
              42.37843299999997
            ],
            [
              -70.64426300000002,
              42.36897499999998
            ],
            [
              -70.64786450000003,
              42.35367009999999
            ],
            [
              -70.01175389999997,
              42.31255390000001
            ],
            [
              -70.00324940000002,
              42.30000000000001
            ]
          ]
        ]
      }
    },
    {
      "type": "Feature",
      "properties": {
        "OBJECTID": 140800,
        "THEMELAYER": "Traffic Separation Schemes/Traffic Lanes",
        "INFORM": "Portland Southern Approach traffic lane outbound",
        "OBJNAM": null,
        "name": "Traffic Separation Schemes/Traffic Lanes"
      },
      "geometry": {
        "type": "Polygon",
        "coordinates": [
          [
            [
              -69.97975632499998,
              43.16760200800002
            ],
            [
              -69.95859080000002,
              43.12008909999997
            ],
            [
              -69.9261363,
              43.127843600000006
            ],
            [
              -70.06836550000003,
              43.44750549999998
            ],
            [
              -70.1009904,
              43.43975139999998
            ],
            [
              -69.97975632499998,
              43.16760200800002
            ]
          ]
        ]
      }
    },
    {
      "type": "Feature",
      "properties": {
        "OBJECTID": 140801,
        "THEMELAYER": "Traffic Separation Schemes/Traffic Lanes",
        "INFORM": "Portland Southern Approach traffic lane inbound",
        "OBJNAM": null,
        "name": "Traffic Separation Schemes/Traffic Lanes"
      },
      "geometry": {
        "type": "Polygon",
        "coordinates": [
          [
            [
              -69.959486416,
              43.256699878000006
            ],
            [
              -69.90449539999997,
              43.133008099999984
            ],
            [
              -69.87202719999999,
              43.14074720000002
            ],
            [
              -70.01397220000001,
              43.46040829999998
            ],
            [
              -70.04661090000002,
              43.4526697
            ],
            [
              -69.959486416,
              43.256699878000006
            ]
          ]
        ]
      }
    },
    {
      "type": "Feature",
      "properties": {
        "OBJECTID": 140802,
        "THEMELAYER": "Traffic Separation Schemes/Traffic Lanes",
        "INFORM": "Portland Eastern Approach traffic lane outbound",
        "OBJNAM": null,
        "name": "Traffic Separation Schemes/Traffic Lanes"
      },
      "geometry": {
        "type": "Polygon",
        "coordinates": [
          [
            [
              -69.60000000000002,
              43.3822687
            ],
            [
              -69.5577394,
              43.37284979999998
            ],
            [
              -69.54779939999997,
              43.39678020000002
            ],
            [
              -69.98897570000003,
              43.495111399999985
            ],
            [
              -69.99893170000001,
              43.47118139999998
            ],
            [
              -69.60000000000002,
              43.3822687
            ]
          ]
        ]
      }
    },
    {
      "type": "Feature",
      "properties": {
        "OBJECTID": 140803,
        "THEMELAYER": "Traffic Separation Schemes/Traffic Lanes",
        "INFORM": "Portland eastern approach traffic lane inbound",
        "OBJNAM": null,
        "name": "Traffic Separation Schemes/Traffic Lanes"
      },
      "geometry": {
        "type": "Polygon",
        "coordinates": [
          [
            [
              -69.60000000000002,
              43.425846200000024
            ],
            [
              -69.5411684,
              43.41273330000001
            ],
            [
              -69.53121540000001,
              43.43666209999998
            ],
            [
              -69.97236470000001,
              43.53499260000001
            ],
            [
              -69.98233390000001,
              43.51106420000002
            ],
            [
              -69.60000000000002,
              43.425846200000024
            ]
          ]
        ]
      }
    },
    {
      "type": "Feature",
      "properties": {
        "OBJECTID": 140804,
        "THEMELAYER": "Traffic Separation Schemes/Traffic Lanes",
        "INFORM": "Buzzards Bay Inbound Traffic Lane",
        "OBJNAM": null,
        "name": "Traffic Separation Schemes/Traffic Lanes"
      },
      "geometry": {
        "type": "Polygon",
        "coordinates": [
          [
            [
              -71.29284055800002,
              41.154111382999986
            ],
            [
              -71.0916704,
              41.3479772
            ],
            [
              -71.09242599999999,
              41.3489927
            ],
            [
              -71.1101779,
              41.358436299999994
            ],
            [
              -71.30972960000003,
              41.165125699999976
            ],
            [
              -71.29284055800002,
              41.154111382999986
            ]
          ]
        ]
      }
    },
    {
      "type": "Feature",
      "properties": {
        "OBJECTID": 140805,
        "THEMELAYER": "Traffic Separation Schemes/Traffic Lanes",
        "INFORM": "Narragansett Bay Inbound Traffic Lane",
        "OBJNAM": null,
        "name": "Traffic Separation Schemes/Traffic Lanes"
      },
      "geometry": {
        "type": "Polygon",
        "coordinates": [
          [
            [
              -71.34388678200003,
              41.37794476099998
            ],
            [
              -71.3665034,
              41.37819810000002
            ],
            [
              -71.36650370000001,
              41.1853663
            ],
            [
              -71.34558340000001,
              41.18382839999998
            ],
            [
              -71.3434929,
              41.18650280000003
            ],
            [
              -71.34307159999997,
              41.22066330000001
            ],
            [
              -71.34388678200003,
              41.37794476099998
            ]
          ]
        ]
      }
    },
    {
      "type": "Feature",
      "properties": {
        "OBJECTID": 140806,
        "THEMELAYER": "Traffic Separation Schemes/Traffic Lanes",
        "INFORM": "Narragansett Bay Outbound Traffic Lane",
        "OBJNAM": null,
        "name": "Traffic Separation Schemes/Traffic Lanes"
      },
      "geometry": {
        "type": "Polygon",
        "coordinates": [
          [
            [
              -71.43256770800002,
              41.21254162299999
            ],
            [
              -71.43330650000001,
              41.18366200000003
            ],
            [
              -71.40987849999999,
              41.185201800000016
            ],
            [
              -71.41041689999997,
              41.37834509999999
            ],
            [
              -71.43285359999999,
              41.37780029999999
            ],
            [
              -71.43256770800002,
              41.21254162299999
            ]
          ]
        ]
      }
    },
    {
      "type": "Feature",
      "properties": {
        "OBJECTID": 140807,
        "THEMELAYER": "Traffic Separation Schemes/Traffic Lanes",
        "INFORM": "Buzzards Bay Outbound Traffic Lane",
        "OBJNAM": null,
        "name": "Traffic Separation Schemes/Traffic Lanes"
      },
      "geometry": {
        "type": "Polygon",
        "coordinates": [
          [
            [
              -71.34345311200002,
              41.186477712
            ],
            [
              -71.34558340000001,
              41.18382839999998
            ],
            [
              -71.32677480000001,
              41.1749954
            ],
            [
              -71.12677489999999,
              41.368504400000006
            ],
            [
              -71.1449058,
              41.37873860000002
            ],
            [
              -71.34345311200002,
              41.186477712
            ]
          ]
        ]
      }
    },
    {
      "type": "Feature",
      "properties": {
        "OBJECTID": 140808,
        "THEMELAYER": "Traffic Separation Schemes/Traffic Lanes",
        "INFORM": "Ambrose to Nantucket Traffic Lane Outbound",
        "OBJNAM": null,
        "name": "Traffic Separation Schemes/Traffic Lanes"
      },
      "geometry": {
        "type": "Polygon",
        "coordinates": [
          [
            [
              -70.226157151,
              40.37797264599999
            ],
            [
              -70.22612850000002,
              40.37710010000001
            ],
            [
              -69.23236500000002,
              40.39579900000001
            ],
            [
              -69.24238179999998,
              40.480806900000005
            ],
            [
              -70.22944489999998,
              40.4605244
            ],
            [
              -70.22875199999999,
              40.37792280000002
            ],
            [
              -70.226157151,
              40.37797264599999
            ]
          ]
        ]
      }
    },
    {
      "type": "Feature",
      "properties": {
        "OBJECTID": 140809,
        "THEMELAYER": "Traffic Separation Schemes/Traffic Lanes",
        "INFORM": "Nantucket to Ambrose Traffic Lane Inbound",
        "OBJNAM": null,
        "name": "Traffic Separation Schemes/Traffic Lanes"
      },
      "geometry": {
        "type": "Polygon",
        "coordinates": [
          [
            [
              -70.23286505599998,
              40.511073407000026
            ],
            [
              -69.24892299999999,
              40.52930140000001
            ],
            [
              -69.24901573300002,
              40.53173992500001
            ],
            [
              -69.24474090000001,
              40.53183250000001
            ],
            [
              -69.252092,
              40.612634000000014
            ],
            [
              -70.2339341,
              40.59485740000002
            ],
            [
              -70.23785720000001,
              40.59387079999999
            ],
            [
              -70.23286505599998,
              40.511073407000026
            ]
          ]
        ]
      }
    },
    {
      "type": "Feature",
      "properties": {
        "OBJECTID": 140845,
        "THEMELAYER": "Area to be Avoided",
        "INFORM": "33 CFR 165.117 and 33 CFR 150.940 All vessels, with the exception of LNGCs and deepwater port support vessels. will be prohibited from anchoring within 1,000 meters of the submerged turret loading (STL)",
        "OBJNAM": "Neptune Deepwater Port",
        "name": "Neptune Deepwater Port"
      },
      "geometry": {
        "type": "Polygon",
        "coordinates": [
          [
            [
              -70.62058300000001,
              42.493358
            ],
            [
              -70.62346400000001,
              42.48604399999999
            ],
            [
              -70.615813,
              42.45090800000003
            ],
            [
              -70.611739,
              42.44703199999998
            ],
            [
              -70.605816,
              42.44480600000003
            ],
            [
              -70.59917200000001,
              42.44465200000002
            ],
            [
              -70.59231499999999,
              42.44703199999998
            ],
            [
              -70.58785999999998,
              42.45155599999998
            ],
            [
              -70.58682099999999,
              42.456399999999974
            ],
            [
              -70.59445699999998,
              42.491535999999996
            ],
            [
              -70.59929,
              42.495844999999974
            ],
            [
              -70.60633899999999,
              42.49790300000001
            ],
            [
              -70.61474099999998,
              42.496921999999984
            ],
            [
              -70.62058300000001,
              42.493358
            ]
          ]
        ]
      }
    },
    {
      "type": "Feature",
      "properties": {
        "OBJECTID": 140846,
        "THEMELAYER": "Area to be Avoided",
        "INFORM": "33 CFR 150.940",
        "OBJNAM": "Northeast Gateway Deep Water LNG Port",
        "name": "Northeast Gateway Deep Water LNG Port"
      },
      "geometry": {
        "type": "Polygon",
        "coordinates": [
          [
            [
              -70.601927241,
              42.38435265700002
            ],
            [
              -70.59120519999999,
              42.38270829999999
            ],
            [
              -70.58232850000002,
              42.385246800000004
            ],
            [
              -70.57716199999999,
              42.39121799999998
            ],
            [
              -70.57811299999997,
              42.398728000000006
            ],
            [
              -70.58614399999999,
              42.40438799999998
            ],
            [
              -70.61463800000001,
              42.410135000000025
            ],
            [
              -70.62382000000002,
              42.408964000000026
            ],
            [
              -70.630357,
              42.40406100000001
            ],
            [
              -70.6318,
              42.39726300000001
            ],
            [
              -70.62723310000001,
              42.39084409999998
            ],
            [
              -70.62209919999998,
              42.388460099999975
            ],
            [
              -70.601927241,
              42.38435265700002
            ]
          ]
        ]
      }
    },
    {
      "type": "Feature",
      "properties": {
        "OBJECTID": 140847,
        "THEMELAYER": "Area to be Avoided",
        "INFORM": "All vessels carrying cargoes of oil or hazardous materials and all other vessels of more than 1,000 gross tons should avoid the area (MSCIMO XLIII/18).",
        "OBJNAM": null,
        "name": "Area to be Avoided"
      },
      "geometry": {
        "type": "Polygon",
        "coordinates": [
          [
            [
              -69.97500000000002,
              41.24755579999999
            ],
            [
              -70.00044029999998,
              41.240649399999995
            ],
            [
              -70.01260189999999,
              41.23907939999998
            ],
            [
              -70.05262750000003,
              41.24372360000001
            ],
            [
              -70.07691240000003,
              41.2445242
            ],
            [
              -70.10210899999998,
              41.240636300000006
            ],
            [
              -70.12032310000001,
              41.243322999999975
            ],
            [
              -70.1641449,
              41.25513269999999
            ],
            [
              -70.1547981,
              41.255245100000025
            ],
            [
              -70.1469467,
              41.25850980000001
            ],
            [
              -70.1368589,
              41.27201969999999
            ],
            [
              -70.1311407,
              41.27603690000001
            ],
            [
              -70.13570149999998,
              41.27484399999997
            ],
            [
              -70.14484399999998,
              41.26243040000003
            ],
            [
              -70.14717889999997,
              41.262795400000016
            ],
            [
              -70.15003769999998,
              41.26071589999998
            ],
            [
              -70.15311109999999,
              41.26142440000001
            ],
            [
              -70.15302250000002,
              41.25886550000001
            ],
            [
              -70.15589670000003,
              41.25606640000001
            ],
            [
              -70.16467690000002,
              41.255328399999996
            ],
            [
              -70.2066754,
              41.27196420000001
            ],
            [
              -70.00781419999998,
              40.7196869
            ],
            [
              -69.31573270000001,
              40.74140510000001
            ],
            [
              -69.3161452,
              41.0757825
            ],
            [
              -69.52444700000001,
              41.39178679999998
            ],
            [
              -70.04706850000002,
              41.39004569999997
            ],
            [
              -70.0282866,
              41.37543599999998
            ],
            [
              -70.02081340000001,
              41.367329299999994
            ],
            [
              -69.97195670000002,
              41.29657350000002
            ],
            [
              -69.96319829999999,
              41.281624299999976
            ],
            [
              -69.96059220000001,
              41.27324420000002
            ],
            [
              -69.96225909999998,
              41.261485400000026
            ],
            [
              -69.96734830000003,
              41.25251370000001
            ],
            [
              -69.97500000000002,
              41.24755579999999
            ]
          ]
        ]
      }
    },
    {
      "type": "Feature",
      "properties": {
        "OBJECTID": 140848,
        "THEMELAYER": "Area to be Avoided",
        "INFORM": null,
        "OBJNAM": null,
        "name": "Area to be Avoided"
      },
      "geometry": {
        "type": "Polygon",
        "coordinates": [
          [
            [
              -69.57256266799999,
              41.73896466299999
            ],
            [
              -69.5789024,
              41.73639739999999
            ],
            [
              -68.97666609999999,
              40.8425661
            ],
            [
              -68.51811079999999,
              41.413269300000024
            ],
            [
              -68.51811090000001,
              42.166246899999976
            ],
            [
              -69.57256266799999,
              41.73896466299999
            ]
          ]
        ]
      }
    },
    {
      "type": "Feature",
      "properties": {
        "OBJECTID": 140904,
        "THEMELAYER": "Precautionary Areas",
        "INFORM": null,
        "OBJNAM": null,
        "name": "Precautionary Areas"
      },
      "geometry": {
        "type": "Polygon",
        "coordinates": [
          [
            [
              -71.39927899999998,
              41.01086049999998
            ],
            [
              -71.3674014,
              41.010850800000014
            ],
            [
              -71.3472246,
              41.01499150000001
            ],
            [
              -71.32478839999999,
              41.02348790000002
            ],
            [
              -71.3062883,
              41.03377160000002
            ],
            [
              -71.29135300000002,
              41.04744899999997
            ],
            [
              -71.27814469999998,
              41.064761799999985
            ],
            [
              -71.27283080000001,
              41.077570700000024
            ],
            [
              -71.26987869999999,
              41.08844149999999
            ],
            [
              -71.26815690000001,
              41.11130270000001
            ],
            [
              -71.27066589999998,
              41.12178699999998
            ],
            [
              -71.27834150000001,
              41.13547749999998
            ],
            [
              -71.29216969999999,
              41.154141100000004
            ],
            [
              -71.3434929,
              41.18650280000003
            ],
            [
              -71.42982439999997,
              41.18523979999998
            ],
            [
              -71.43487859999999,
              41.18360710000002
            ],
            [
              -71.4646095,
              41.1700323
            ],
            [
              -71.47788059999999,
              41.15962050000002
            ],
            [
              -71.49051229999998,
              41.146311200000014
            ],
            [
              -71.50301059999998,
              41.12789700000002
            ],
            [
              -71.50781419999998,
              41.107525899999985
            ],
            [
              -71.5062016,
              41.08380069999998
            ],
            [
              -71.50237470000002,
              41.0717004
            ],
            [
              -71.49141830000002,
              41.053747699999974
            ],
            [
              -71.47438490000002,
              41.03755819999998
            ],
            [
              -71.44781460000002,
              41.020908899999995
            ],
            [
              -71.4235415,
              41.013579900000025
            ],
            [
              -71.39927899999998,
              41.01086049999998
            ]
          ]
        ]
      }
    },
    {
      "type": "Feature",
      "properties": {
        "OBJECTID": 140905,
        "THEMELAYER": "Precautionary Areas",
        "INFORM": null,
        "OBJNAM": null,
        "name": "Precautionary Areas"
      },
      "geometry": {
        "type": "Polygon",
        "coordinates": [
          [
            [
              -71.44800031400001,
              41.388063339999974
            ],
            [
              -71.43255399999998,
              41.377568800000006
            ],
            [
              -71.3409661,
              41.37857550000001
            ],
            [
              -71.33176909999997,
              41.384466599999996
            ],
            [
              -71.32071589999998,
              41.39526510000002
            ],
            [
              -71.31253750000002,
              41.40797229999998
            ],
            [
              -71.30906520000002,
              41.4236027
            ],
            [
              -71.30936400000002,
              41.431921699999975
            ],
            [
              -71.31374160000001,
              41.446458500000006
            ],
            [
              -71.32023173699997,
              41.45609062400001
            ],
            [
              -71.32042339999998,
              41.459639700000025
            ],
            [
              -71.32166312200002,
              41.45810116199999
            ],
            [
              -71.32313879999998,
              41.4598211
            ],
            [
              -71.32703570000001,
              41.458624999999984
            ],
            [
              -71.32722360000002,
              41.4569424
            ],
            [
              -71.33067190000003,
              41.45495360000001
            ],
            [
              -71.3314838,
              41.4528004
            ],
            [
              -71.33367541400003,
              41.45296908500001
            ],
            [
              -71.33257450000002,
              41.45515399999999
            ],
            [
              -71.33465610000002,
              41.45316200000002
            ],
            [
              -71.33622739999998,
              41.45652710000002
            ],
            [
              -71.34090200000003,
              41.4558892
            ],
            [
              -71.3391317,
              41.45397860000003
            ],
            [
              -71.33639019999998,
              41.45419609999999
            ],
            [
              -71.33669689999999,
              41.4511023
            ],
            [
              -71.334913497,
              41.45051048200003
            ],
            [
              -71.33806399999997,
              41.44944779999997
            ],
            [
              -71.33731310000002,
              41.451543500000014
            ],
            [
              -71.34379389999998,
              41.45435659999998
            ],
            [
              -71.35565609999998,
              41.44894590000001
            ],
            [
              -71.35888779999999,
              41.45952249999999
            ],
            [
              -71.36229602200001,
              41.45947813599997
            ],
            [
              -71.36293269999999,
              41.462515800000006
            ],
            [
              -71.36148029999998,
              41.46487680000001
            ],
            [
              -71.35928853399997,
              41.46478186899998
            ],
            [
              -71.36009259999997,
              41.462402999999995
            ],
            [
              -71.35967690000001,
              41.46236049999999
            ],
            [
              -71.3574926,
              41.46614740000001
            ],
            [
              -71.35297800000001,
              41.46956990000001
            ],
            [
              -71.34805519999998,
              41.470615599999974
            ],
            [
              -71.3429003,
              41.475155599999994
            ],
            [
              -71.3547304,
              41.48036939999997
            ],
            [
              -71.3576137,
              41.4796781
            ],
            [
              -71.35773440000003,
              41.477415399999984
            ],
            [
              -71.35919603100001,
              41.47717773099998
            ],
            [
              -71.35873579999998,
              41.47898959999998
            ],
            [
              -71.36136859999999,
              41.47758270000003
            ],
            [
              -71.36151990000002,
              41.47960449999999
            ],
            [
              -71.36451890000001,
              41.47670249999999
            ],
            [
              -71.3716397,
              41.47792420000002
            ],
            [
              -71.373111773,
              41.47492125399998
            ],
            [
              -71.37565669999998,
              41.474070600000005
            ],
            [
              -71.37962249999998,
              41.486952900000006
            ],
            [
              -71.3814443,
              41.48871129999998
            ],
            [
              -71.38639130000001,
              41.486439700000005
            ],
            [
              -71.3815295,
              41.4705975
            ],
            [
              -71.38193419999999,
              41.4678131
            ],
            [
              -71.38394319999998,
              41.46427679999999
            ],
            [
              -71.3899179,
              41.4654888
            ],
            [
              -71.39060619999998,
              41.45454849999999
            ],
            [
              -71.39945870000003,
              41.44870839999999
            ],
            [
              -71.4006728,
              41.4610634
            ],
            [
              -71.3944859,
              41.46718449999997
            ],
            [
              -71.39743829999998,
              41.473773900000026
            ],
            [
              -71.3965804,
              41.47984600000001
            ],
            [
              -71.39771719999999,
              41.48565559999997
            ],
            [
              -71.41817270000001,
              41.48217290000002
            ],
            [
              -71.41824580000002,
              41.47242879999999
            ],
            [
              -71.4207381,
              41.469791999999984
            ],
            [
              -71.42369960000002,
              41.47288350000002
            ],
            [
              -71.4307389,
              41.47050589999998
            ],
            [
              -71.4297143,
              41.46146470000002
            ],
            [
              -71.42621989999998,
              41.45808090000003
            ],
            [
              -71.4267585,
              41.454249000000004
            ],
            [
              -71.42908699999998,
              41.45422259999998
            ],
            [
              -71.43161809999998,
              41.45073050000002
            ],
            [
              -71.43216720599997,
              41.445562386000006
            ],
            [
              -71.43809579999999,
              41.442513899999994
            ],
            [
              -71.43923005900001,
              41.44035661999999
            ],
            [
              -71.4394656,
              41.441455099999985
            ],
            [
              -71.44173560000002,
              41.441748700000005
            ],
            [
              -71.44859459999998,
              41.4391134
            ],
            [
              -71.45695310000002,
              41.43218409999997
            ],
            [
              -71.45538449999998,
              41.42838180000001
            ],
            [
              -71.45557489999999,
              41.422428000000025
            ],
            [
              -71.4531394,
              41.419467999999995
            ],
            [
              -71.45313464499998,
              41.409255825
            ],
            [
              -71.46212079999998,
              41.40150920000002
            ],
            [
              -71.44800031400001,
              41.388063339999974
            ]
          ],
          [
            [
              -71.3617681,
              41.476759500000014
            ],
            [
              -71.36149360000002,
              41.4771973
            ],
            [
              -71.36108089999999,
              41.47724149999999
            ],
            [
              -71.36109699999997,
              41.47715670000002
            ],
            [
              -71.3617681,
              41.476759500000014
            ]
          ],
          [
            [
              -71.330621512,
              41.453809858
            ],
            [
              -71.33071699999999,
              41.4538556
            ],
            [
              -71.33014100000003,
              41.45391030000002
            ],
            [
              -71.330621512,
              41.453809858
            ]
          ],
          [
            [
              -71.3348815,
              41.4513723
            ],
            [
              -71.33514650000001,
              41.451609700000006
            ],
            [
              -71.33491579999998,
              41.451979900000026
            ],
            [
              -71.3345549,
              41.451599499999986
            ],
            [
              -71.3348815,
              41.4513723
            ]
          ],
          [
            [
              -71.45313440000001,
              41.408729900000026
            ],
            [
              -71.45327689999999,
              41.40888510000002
            ],
            [
              -71.45313457200001,
              41.40909982199997
            ],
            [
              -71.45313440000001,
              41.408729900000026
            ]
          ],
          [
            [
              -71.44082546200002,
              41.44102441299998
            ],
            [
              -71.440312,
              41.441127900000026
            ],
            [
              -71.44029089999998,
              41.440986399999986
            ],
            [
              -71.440549454,
              41.440917582
            ],
            [
              -71.44082546200002,
              41.44102441299998
            ]
          ],
          [
            [
              -71.40035824699999,
              41.452656803000025
            ],
            [
              -71.400296046,
              41.45276190599998
            ],
            [
              -71.4002944,
              41.45268900000002
            ],
            [
              -71.40035824699999,
              41.452656803000025
            ]
          ],
          [
            [
              -71.3240877,
              41.45493449999998
            ],
            [
              -71.323859078,
              41.45506995699998
            ],
            [
              -71.32365620000002,
              41.454587100000026
            ],
            [
              -71.32402300000001,
              41.45480170000002
            ],
            [
              -71.3240877,
              41.45493449999998
            ]
          ],
          [
            [
              -71.32619590000002,
              41.45195419999999
            ],
            [
              -71.32721020000002,
              41.45311520000001
            ],
            [
              -71.32492918600002,
              41.45468229900001
            ],
            [
              -71.32454960000001,
              41.453675499999974
            ],
            [
              -71.32619590000002,
              41.45195419999999
            ]
          ]
        ]
      }
    },
    {
      "type": "Feature",
      "properties": {
        "OBJECTID": 140906,
        "THEMELAYER": "Precautionary Areas",
        "INFORM": "Traffic Separation Scheme Precautionary Area",
        "OBJNAM": null,
        "name": "Precautionary Areas"
      },
      "geometry": {
        "type": "Polygon",
        "coordinates": [
          [
            [
              -71.33680629999998,
              41.46923750000002
            ],
            [
              -71.33483810000001,
              41.470111299999985
            ],
            [
              -71.33648,
              41.47144350000002
            ],
            [
              -71.33761909999998,
              41.46975250000003
            ],
            [
              -71.33680629999998,
              41.46923750000002
            ]
          ]
        ]
      }
    },
    {
      "type": "Feature",
      "properties": {
        "OBJECTID": 140907,
        "THEMELAYER": "Precautionary Areas",
        "INFORM": null,
        "OBJNAM": null,
        "name": "Precautionary Areas"
      },
      "geometry": {
        "type": "Polygon",
        "coordinates": [
          [
            [
              -70.80000000000001,
              42.48048510000001
            ],
            [
              -70.827402,
              42.47588200000001
            ],
            [
              -70.858476,
              42.464765
            ],
            [
              -70.87881700000003,
              42.45289100000002
            ],
            [
              -70.90064319999999,
              42.4331282
            ],
            [
              -70.90890000000002,
              42.421899999999994
            ],
            [
              -70.915208,
              42.41000200000002
            ],
            [
              -70.92144869999998,
              42.3871704
            ],
            [
              -70.9206337,
              42.3643409
            ],
            [
              -70.91230789999997,
              42.34086480000002
            ],
            [
              -70.8977357,
              42.32051569999999
            ],
            [
              -70.87869169999999,
              42.303973799999994
            ],
            [
              -70.85848229999999,
              42.29212530000001
            ],
            [
              -70.82724589999998,
              42.28099789999999
            ],
            [
              -70.79666700000001,
              42.27616690000002
            ],
            [
              -70.76765410000002,
              42.276226199999996
            ],
            [
              -70.73409609999999,
              42.28213690000001
            ],
            [
              -70.70348150000001,
              42.29395649999998
            ],
            [
              -70.68354160000001,
              42.3063894
            ],
            [
              -70.66725300000002,
              42.32129200000003
            ],
            [
              -70.65852699999999,
              42.33232400000003
            ],
            [
              -70.64907299999999,
              42.350157000000024
            ],
            [
              -70.64426300000002,
              42.36897499999998
            ],
            [
              -70.64372500000002,
              42.38174600000002
            ],
            [
              -70.64694200000002,
              42.40074900000002
            ],
            [
              -70.65172100000001,
              42.41302999999999
            ],
            [
              -70.66265700000002,
              42.43039299999998
            ],
            [
              -70.67229500000002,
              42.44100400000002
            ],
            [
              -70.68990000000002,
              42.455061
            ],
            [
              -70.71073100000001,
              42.46646199999998
            ],
            [
              -70.72605600000003,
              42.472387000000026
            ],
            [
              -70.75061099999999,
              42.478530999999975
            ],
            [
              -70.77628199999998,
              42.481202999999994
            ],
            [
              -70.80000000000001,
              42.48048510000001
            ]
          ]
        ]
      }
    },
    {
      "type": "Feature",
      "properties": {
        "OBJECTID": 140908,
        "THEMELAYER": "Precautionary Areas",
        "INFORM": null,
        "OBJNAM": null,
        "name": "Precautionary Areas"
      },
      "geometry": {
        "type": "Polygon",
        "coordinates": [
          [
            [
              -70.21128720000002,
              43.5
            ],
            [
              -70.20425599999999,
              43.487075000000004
            ],
            [
              -70.19475699999998,
              43.47526099999999
            ],
            [
              -70.18291799999997,
              43.46461499999998
            ],
            [
              -70.16900800000002,
              43.45537999999999
            ],
            [
              -70.15334200000001,
              43.447765000000004
            ],
            [
              -70.13493570000003,
              43.441546200000005
            ],
            [
              -70.09935580000001,
              43.43608219999999
            ],
            [
              -70.1009904,
              43.43975139999998
            ],
            [
              -70.01397220000001,
              43.46040829999998
            ],
            [
              -70.0122667,
              43.45656760000003
            ],
            [
              -70.00039399999997,
              43.46461499999998
            ],
            [
              -69.99388850000003,
              43.47005739999997
            ],
            [
              -69.99893170000001,
              43.47118139999998
            ],
            [
              -69.97236470000001,
              43.53499260000001
            ],
            [
              -69.96683710000002,
              43.53376050000003
            ],
            [
              -69.967262,
              43.536996999999985
            ],
            [
              -69.97308500000003,
              43.55588599999999
            ],
            [
              -69.983498,
              43.572468000000015
            ],
            [
              -69.999324,
              43.588054
            ],
            [
              -70.01806900000003,
              43.600189
            ],
            [
              -70.04070510000003,
              43.609702500000026
            ],
            [
              -70.06425840000003,
              43.615388800000005
            ],
            [
              -70.09165639999998,
              43.617599799999994
            ],
            [
              -70.116353,
              43.61580750000002
            ],
            [
              -70.14260780000001,
              43.609702500000026
            ],
            [
              -70.16524299999998,
              43.600189
            ],
            [
              -70.18504300000001,
              43.587207999999976
            ],
            [
              -70.2000635,
              43.572245899999984
            ],
            [
              -70.2008151,
              43.5689941
            ],
            [
              -70.1970278,
              43.569458699999984
            ],
            [
              -70.19900860000001,
              43.56531799999999
            ],
            [
              -70.19629650000002,
              43.56539270000002
            ],
            [
              -70.20899480000003,
              43.55839529999997
            ],
            [
              -70.21605,
              43.536996999999985
            ],
            [
              -70.216366,
              43.518778999999995
            ],
            [
              -70.21128720000002,
              43.5
            ]
          ]
        ]
      }
    },
    {
      "type": "Feature",
      "properties": {
        "OBJECTID": 140909,
        "THEMELAYER": "Precautionary Areas",
        "INFORM": null,
        "OBJNAM": null,
        "name": "Precautionary Areas"
      },
      "geometry": {
        "type": "Polygon",
        "coordinates": [
          [
            [
              -70.19999999999999,
              43.62736100000001
            ],
            [
              -70.203889,
              43.62861099999998
            ],
            [
              -70.20583299999998,
              43.626667
            ],
            [
              -70.20399989999999,
              43.62313180000001
            ],
            [
              -70.19611099999997,
              43.624167
            ],
            [
              -70.19611099999997,
              43.62611099999998
            ],
            [
              -70.19999999999999,
              43.62736100000001
            ]
          ]
        ]
      }
    },
    {
      "type": "Feature",
      "properties": {
        "OBJECTID": 140910,
        "THEMELAYER": "Precautionary Areas",
        "INFORM": null,
        "OBJNAM": null,
        "name": "Precautionary Areas"
      },
      "geometry": {
        "type": "Polygon",
        "coordinates": [
          [
            [
              -70.158073,
              43.61471
            ],
            [
              -70.15326399999998,
              43.61247400000002
            ],
            [
              -70.14379500000001,
              43.61390399999999
            ],
            [
              -70.14061400000003,
              43.617368
            ],
            [
              -70.14054099999998,
              43.62158299999999
            ],
            [
              -70.14684699999998,
              43.626507000000004
            ],
            [
              -70.156005,
              43.62573200000003
            ],
            [
              -70.15997199999998,
              43.62208399999997
            ],
            [
              -70.16040099999998,
              43.618176000000005
            ],
            [
              -70.158073,
              43.61471
            ]
          ]
        ]
      }
    },
    {
      "type": "Feature",
      "properties": {
        "OBJECTID": 140911,
        "THEMELAYER": "Precautionary Areas",
        "INFORM": null,
        "OBJNAM": null,
        "name": "Precautionary Areas"
      },
      "geometry": {
        "type": "Polygon",
        "coordinates": [
          [
            [
              -70.49619760000002,
              41.77499999999998
            ],
            [
              -70.47428070000001,
              41.76246329999998
            ],
            [
              -70.42577990000001,
              41.747229300000015
            ],
            [
              -70.38188819999999,
              41.739525300000025
            ],
            [
              -70.37450059999998,
              41.754473099999984
            ],
            [
              -70.37156599999997,
              41.769232999999986
            ],
            [
              -70.3727748,
              41.78064310000002
            ],
            [
              -70.3776115,
              41.79433560000001
            ],
            [
              -70.38450160000002,
              41.80493849999999
            ],
            [
              -70.39490110000003,
              41.81542919999998
            ],
            [
              -70.40783640000001,
              41.82419909999999
            ],
            [
              -70.42183999999997,
              41.83059400000002
            ],
            [
              -70.43758600000001,
              41.83498900000001
            ],
            [
              -70.45433480000003,
              41.837125800000024
            ],
            [
              -70.4782596,
              41.836026600000025
            ],
            [
              -70.499932,
              41.83059400000002
            ],
            [
              -70.5193218,
              41.821179900000004
            ],
            [
              -70.53537849999998,
              41.8075905
            ],
            [
              -70.51438719999999,
              41.78894680000002
            ],
            [
              -70.49377559999999,
              41.77829680000002
            ],
            [
              -70.5122695,
              41.77384360000002
            ],
            [
              -70.54419819999998,
              41.777163299999984
            ],
            [
              -70.54986739999998,
              41.77670010000003
            ],
            [
              -70.5500596,
              41.774637799999994
            ],
            [
              -70.54093080000001,
              41.77503819999998
            ],
            [
              -70.5122667,
              41.77111450000001
            ],
            [
              -70.50402759999997,
              41.772619899999995
            ],
            [
              -70.50421599999999,
              41.7700021
            ],
            [
              -70.5020955,
              41.771185600000024
            ],
            [
              -70.50315719999998,
              41.7728209
            ],
            [
              -70.49619760000002,
              41.77499999999998
            ]
          ]
        ]
      }
    },
    {
      "type": "Feature",
      "properties": {
        "OBJECTID": 140912,
        "THEMELAYER": "Precautionary Areas",
        "INFORM": null,
        "OBJNAM": null,
        "name": "Precautionary Areas"
      },
      "geometry": {
        "type": "Polygon",
        "coordinates": [
          [
            [
              -70.5,
              42.210549800000024
            ],
            [
              -70.52119199999999,
              42.212466000000006
            ],
            [
              -70.54188299999998,
              42.20943999999997
            ],
            [
              -70.56029999999998,
              42.20182299999999
            ],
            [
              -70.57463999999999,
              42.19036
            ],
            [
              -70.58350000000002,
              42.176173000000006
            ],
            [
              -70.58601199999998,
              42.16065200000003
            ],
            [
              -70.58151470000001,
              42.14464570000001
            ],
            [
              -70.57150869999998,
              42.131613000000016
            ],
            [
              -70.56016269999998,
              42.12321429999997
            ],
            [
              -70.5473414,
              42.11738789999998
            ],
            [
              -70.53211299999998,
              42.113575000000026
            ],
            [
              -70.51611000000003,
              42.112603999999976
            ],
            [
              -70.50025199999999,
              42.11446599999999
            ],
            [
              -70.48543699999999,
              42.119055
            ],
            [
              -70.47312799999997,
              42.12568399999998
            ],
            [
              -70.46266200000002,
              42.134709999999984
            ],
            [
              -70.45537200000001,
              42.145313999999985
            ],
            [
              -70.45167300000003,
              42.15689600000002
            ],
            [
              -70.45167300000003,
              42.16817400000002
            ],
            [
              -70.45537200000001,
              42.179756
            ],
            [
              -70.46219400000001,
              42.189836000000014
            ],
            [
              -70.47250700000001,
              42.198959
            ],
            [
              -70.48543699999999,
              42.20601499999998
            ],
            [
              -70.5,
              42.210549800000024
            ]
          ]
        ]
      }
    },
    {
      "type": "Feature",
      "properties": {
        "OBJECTID": 140913,
        "THEMELAYER": "Precautionary Areas",
        "INFORM": null,
        "OBJNAM": null,
        "name": "Precautionary Areas"
      },
      "geometry": {
        "type": "Polygon",
        "coordinates": [
          [
            [
              -69.25111720000001,
              40.61353630000002
            ],
            [
              -69.252092,
              40.612634000000014
            ],
            [
              -69.24658870000002,
              40.47930200000002
            ],
            [
              -69.23236500000002,
              40.39579900000001
            ],
            [
              -69.21920399999999,
              40.38654200000002
            ],
            [
              -69.18524300000001,
              40.367433000000005
            ],
            [
              -69.16715499999998,
              40.359118000000024
            ],
            [
              -69.12911500000001,
              40.34512599999999
            ],
            [
              -69.10931,
              40.33950399999998
            ],
            [
              -69.068512,
              40.33111600000001
            ],
            [
              -69.026659,
              40.326638
            ],
            [
              -68.984398,
              40.326138000000014
            ],
            [
              -68.94238200000001,
              40.32962600000002
            ],
            [
              -68.90125999999998,
              40.337046999999984
            ],
            [
              -68.881235,
              40.342197999999996
            ],
            [
              -68.84264000000002,
              40.35528499999998
            ],
            [
              -68.82422100000002,
              40.36316900000003
            ],
            [
              -68.78949399999999,
              40.38146599999999
            ],
            [
              -68.77332100000001,
              40.39180900000002
            ],
            [
              -68.74366700000002,
              40.414683000000025
            ],
            [
              -68.730302,
              40.42712499999999
            ],
            [
              -68.71798000000001,
              40.44017400000001
            ],
            [
              -68.69665800000001,
              40.467889000000014
            ],
            [
              -68.68002899999999,
              40.49740000000003
            ],
            [
              -68.66834999999998,
              40.528250000000014
            ],
            [
              -68.66180300000002,
              40.55996099999999
            ],
            [
              -68.66048899999998,
              40.575987999999995
            ],
            [
              -68.66180300000002,
              40.60807199999999
            ],
            [
              -68.66442699999999,
              40.62400500000001
            ],
            [
              -68.66834999999998,
              40.63978300000002
            ],
            [
              -68.68002899999999,
              40.67063300000001
            ],
            [
              -68.68773900000002,
              40.685585
            ],
            [
              -68.706751,
              40.714252999999985
            ],
            [
              -68.71798000000001,
              40.727859000000024
            ],
            [
              -68.74366700000002,
              40.75335000000001
            ],
            [
              -68.75802499999998,
              40.76513699999998
            ],
            [
              -68.78949399999999,
              40.78656699999999
            ],
            [
              -68.80648300000001,
              40.796126000000015
            ],
            [
              -68.84264000000002,
              40.812748
            ],
            [
              -68.881235,
              40.825834999999984
            ],
            [
              -68.90125999999998,
              40.830985999999996
            ],
            [
              -68.94238200000001,
              40.83840700000002
            ],
            [
              -68.96331900000001,
              40.84064699999999
            ],
            [
              -68.97781700000002,
              40.84110500000003
            ],
            [
              -69.04919799999999,
              40.80042700000001
            ],
            [
              -69.25111720000001,
              40.61353630000002
            ]
          ]
        ]
      }
    },
    {
      "type": "Feature",
      "properties": {
        "OBJECTID": 140963,
        "THEMELAYER": "Traffic Separation Schemes",
        "INFORM": null,
        "OBJNAM": null,
        "name": "Traffic Separation Schemes"
      },
      "geometry": {
        "type": "Polygon",
        "coordinates": [
          [
            [
              -71.39999999999998,
              41.1851911
            ],
            [
              -71.36557909999999,
              41.18612760000002
            ],
            [
              -71.3665034,
              41.37819810000002
            ],
            [
              -71.410593,
              41.377693299999976
            ],
            [
              -71.41060379999999,
              41.18537889999999
            ],
            [
              -71.39999999999998,
              41.1851911
            ]
          ]
        ]
      }
    },
    {
      "type": "Feature",
      "properties": {
        "OBJECTID": 140964,
        "THEMELAYER": "Traffic Separation Schemes",
        "INFORM": null,
        "OBJNAM": null,
        "name": "Traffic Separation Schemes"
      },
      "geometry": {
        "type": "Polygon",
        "coordinates": [
          [
            [
              -69.82510337899998,
              41.999996625999984
            ],
            [
              -69.02243600000003,
              40.815677900000026
            ],
            [
              -69.00459569999998,
              40.82584459999998
            ],
            [
              -69.66665999999998,
              41.808215700000005
            ],
            [
              -70.01175389999997,
              42.31255390000001
            ],
            [
              -70.64786450000003,
              42.35367009999999
            ],
            [
              -70.65530569999999,
              42.337439200000006
            ],
            [
              -70.02623899999998,
              42.296767999999986
            ],
            [
              -69.82510337899998,
              41.999996625999984
            ]
          ]
        ]
      }
    },
    {
      "type": "Feature",
      "properties": {
        "OBJECTID": 140965,
        "THEMELAYER": "Traffic Separation Schemes",
        "INFORM": null,
        "OBJNAM": null,
        "name": "Traffic Separation Schemes"
      },
      "geometry": {
        "type": "Polygon",
        "coordinates": [
          [
            [
              -69.94905576899998,
              43.17935538699999
            ],
            [
              -69.9261363,
              43.127843600000006
            ],
            [
              -69.90449539999997,
              43.133008099999984
            ],
            [
              -70.04661090000002,
              43.4526697
            ],
            [
              -70.06836550000003,
              43.44750549999998
            ],
            [
              -69.94905576899998,
              43.17935538699999
            ]
          ]
        ]
      }
    },
    {
      "type": "Feature",
      "properties": {
        "OBJECTID": 140966,
        "THEMELAYER": "Traffic Separation Schemes",
        "INFORM": null,
        "OBJNAM": null,
        "name": "Traffic Separation Schemes"
      },
      "geometry": {
        "type": "Polygon",
        "coordinates": [
          [
            [
              -69.98694069999999,
              43.5
            ],
            [
              -69.98897570000003,
              43.495111399999985
            ],
            [
              -69.54779939999997,
              43.39678020000002
            ],
            [
              -69.5411684,
              43.41273330000001
            ],
            [
              -69.98233390000001,
              43.51106420000002
            ],
            [
              -69.98694069999999,
              43.5
            ]
          ]
        ]
      }
    },
    {
      "type": "Feature",
      "properties": {
        "OBJECTID": 140967,
        "THEMELAYER": "Traffic Separation Schemes",
        "INFORM": null,
        "OBJNAM": null,
        "name": "Traffic Separation Schemes"
      },
      "geometry": {
        "type": "Polygon",
        "coordinates": [
          [
            [
              -71.30955029299997,
              41.16510039399998
            ],
            [
              -71.30870579999998,
              41.16456790000001
            ],
            [
              -71.10972450000003,
              41.35822780000001
            ],
            [
              -71.12705190000003,
              41.368477799999994
            ],
            [
              -71.32698149999999,
              41.17516189999998
            ],
            [
              -71.30955029299997,
              41.16510039399998
            ]
          ]
        ]
      }
    },
    {
      "type": "Feature",
      "properties": {
        "OBJECTID": 140968,
        "THEMELAYER": "Traffic Separation Schemes",
        "INFORM": null,
        "OBJNAM": null,
        "name": "Traffic Separation Schemes"
      },
      "geometry": {
        "type": "Polygon",
        "coordinates": [
          [
            [
              -70.22888552299997,
              40.460532446
            ],
            [
              -69.88149779999998,
              40.465529300000014
            ],
            [
              -69.66665999999998,
              40.471247000000005
            ],
            [
              -69.24658870000002,
              40.47930200000002
            ],
            [
              -69.24665482099999,
              40.480718266
            ],
            [
              -69.24238179999998,
              40.480806900000005
            ],
            [
              -69.24474090000001,
              40.53183250000001
            ],
            [
              -70.23306159999998,
              40.51106979999997
            ],
            [
              -70.22888552299997,
              40.460532446
            ]
          ]
        ]
      }
    },
    {
      "type": "Feature",
      "properties": {
        "OBJECTID": 141017,
        "THEMELAYER": "Shipping Fairways Lanes and Zones",
        "INFORM": "Safety fairway, 33 CFR 166.500: Navigation regulations are published in Chapter 2 of the U.S. Coast Pilot for this geographic area. Refer to regulation section numbers.",
        "OBJNAM": "Ambrose to Nantucket Safety Fairway",
        "name": "Ambrose to Nantucket Safety Fairway"
      },
      "geometry": {
        "type": "Polygon",
        "coordinates": [
          [
            [
              -73.08233869999998,
              40.405658990999996
            ],
            [
              -73.08767790000002,
              40.32197439999999
            ],
            [
              -72.9748811,
              40.34926539999998
            ],
            [
              -70.31846005199998,
              40.40197503799999
            ],
            [
              -70.22612850000002,
              40.37710010000001
            ],
            [
              -70.22944489999998,
              40.4605244
            ],
            [
              -70.31864409999997,
              40.43544650000001
            ],
            [
              -72.97342259999999,
              40.382888700000024
            ],
            [
              -73.08233869999998,
              40.405658990999996
            ]
          ]
        ]
      }
    },
    {
      "type": "Feature",
      "properties": {
        "OBJECTID": 141018,
        "THEMELAYER": "Shipping Fairways Lanes and Zones",
        "INFORM": "Safety fairway, 33 CFR 166.500: Navigation regulations are published in Chapter 2 of the U.S. Coast Pilot for this geographic area. Refer to regulation section numbers.",
        "OBJNAM": "Nantucket to Ambrose Safety Fairway",
        "name": "Nantucket to Ambrose Safety Fairway"
      },
      "geometry": {
        "type": "Polygon",
        "coordinates": [
          [
            [
              -73.08206085400002,
              40.53842581599997
            ],
            [
              -73.08525429999997,
              40.539109199999984
            ],
            [
              -73.08258410000002,
              40.4554
            ],
            [
              -72.97335884799998,
              40.48283083899997
            ],
            [
              -70.33020859999999,
              40.53530439999997
            ],
            [
              -70.32235910000003,
              40.53486889999999
            ],
            [
              -70.2328569,
              40.51043420000002
            ],
            [
              -70.2339341,
              40.59485740000002
            ],
            [
              -70.32275220000002,
              40.568923600000005
            ],
            [
              -71.17024538099997,
              40.551885556
            ],
            [
              -72.97316419999999,
              40.51621230000001
            ],
            [
              -73.08206085400002,
              40.53842581599997
            ]
          ]
        ]
      }
    },
    {
      "type": "Feature",
      "properties": {
        "OBJECTID": 141038,
        "THEMELAYER": "Traffic Separation Schemes/Traffic Lanes",
        "INFORM": null,
        "OBJNAM": null,
        "name": "Traffic Separation Schemes/Traffic Lanes"
      },
      "geometry": {
        "type": "Polygon",
        "coordinates": [
          [
            [
              -70.60230696500003,
              42.25719560099998
            ],
            [
              -70.67464969999997,
              42.31362189999999
            ],
            [
              -70.68990000000002,
              42.30203999999998
            ],
            [
              -70.70869470000002,
              42.2916146
            ],
            [
              -70.5760823,
              42.188695199999984
            ],
            [
              -70.56096300000002,
              42.20143200000001
            ],
            [
              -70.54110780000002,
              42.20962079999998
            ],
            [
              -70.60230696500003,
              42.25719560099998
            ]
          ]
        ]
      }
    },
    {
      "type": "Feature",
      "properties": {
        "OBJECTID": 141039,
        "THEMELAYER": "Traffic Separation Schemes/Traffic Lanes",
        "INFORM": null,
        "OBJNAM": null,
        "name": "Traffic Separation Schemes/Traffic Lanes"
      },
      "geometry": {
        "type": "Polygon",
        "coordinates": [
          [
            [
              -70.50387009999997,
              42.0
            ],
            [
              -70.48391400000003,
              41.91817600000002
            ],
            [
              -70.48387589999999,
              41.83504399999998
            ],
            [
              -70.46200800000003,
              41.83729099999999
            ],
            [
              -70.43915399999997,
              41.835291900000016
            ],
            [
              -70.43955599999998,
              41.92267399999997
            ],
            [
              -70.48713900000001,
              42.11844400000001
            ],
            [
              -70.50880489999997,
              42.11313180000002
            ],
            [
              -70.53155800000002,
              42.11352549999998
            ],
            [
              -70.50387009999997,
              42.0
            ]
          ]
        ]
      }
    },
    {
      "type": "Feature",
      "properties": {
        "OBJECTID": 141040,
        "THEMELAYER": "Traffic Separation Schemes/Traffic Lanes",
        "INFORM": "Recommended whale avoidance route",
        "OBJNAM": null,
        "name": "Traffic Separation Schemes/Traffic Lanes"
      },
      "geometry": {
        "type": "Polygon",
        "coordinates": [
          [
            [
              -70.29201749999999,
              42.0
            ],
            [
              -70.24327499999998,
              41.96969100000001
            ],
            [
              -70.21143599999999,
              41.99334700000003
            ],
            [
              -70.45572349999998,
              42.14520670000002
            ],
            [
              -70.46677940000001,
              42.130855499999996
            ],
            [
              -70.48436950000001,
              42.1196051
            ],
            [
              -70.29201749999999,
              42.0
            ]
          ]
        ]
      }
    },
    {
      "type": "Feature",
      "properties": {
        "OBJECTID": 141042,
        "THEMELAYER": "Traffic Separation Schemes",
        "INFORM": null,
        "OBJNAM": null,
        "name": "Traffic Separation Schemes"
      },
      "geometry": {
        "type": "Polygon",
        "coordinates": [
          [
            [
              -70.18805600000002,
              43.608333000000016
            ],
            [
              -70.15935530000002,
              43.57744980000001
            ],
            [
              -70.154923,
              43.58166899999998
            ],
            [
              -70.19611099999997,
              43.624167
            ],
            [
              -70.19999999999999,
              43.62305600000002
            ],
            [
              -70.19527799999997,
              43.61638900000003
            ],
            [
              -70.20166699999999,
              43.62305600000002
            ],
            [
              -70.20399989999999,
              43.62313180000001
            ],
            [
              -70.20194400000003,
              43.619167000000004
            ],
            [
              -70.18805600000002,
              43.608333000000016
            ]
          ]
        ]
      }
    },
    {
      "type": "Feature",
      "properties": {
        "OBJECTID": 141044,
        "THEMELAYER": "Traffic Separation Schemes",
        "INFORM": null,
        "OBJNAM": null,
        "name": "Traffic Separation Schemes"
      },
      "geometry": {
        "type": "Polygon",
        "coordinates": [
          [
            [
              -70.20924213,
              43.62868701299999
            ],
            [
              -70.20583299999998,
              43.626667
            ],
            [
              -70.203889,
              43.62861099999998
            ],
            [
              -70.210556,
              43.63277799999997
            ],
            [
              -70.2129936,
              43.63674270000001
            ],
            [
              -70.21648349999998,
              43.63662290000002
            ],
            [
              -70.21333299999998,
              43.631110999999976
            ],
            [
              -70.20924213,
              43.62868701299999
            ]
          ]
        ]
      }
    },
    {
      "type": "Feature",
      "properties": {
        "OBJECTID": 141045,
        "THEMELAYER": "Traffic Separation Schemes",
        "INFORM": null,
        "OBJNAM": null,
        "name": "Traffic Separation Schemes"
      },
      "geometry": {
        "type": "Polygon",
        "coordinates": [
          [
            [
              -70.17833300000001,
              43.670000000000016
            ],
            [
              -70.16666700000002,
              43.66500000000002
            ],
            [
              -70.156025,
              43.62572899999998
            ],
            [
              -70.14844299999999,
              43.626833999999974
            ],
            [
              -70.15833300000003,
              43.66416700000002
            ],
            [
              -70.166944,
              43.667778
            ],
            [
              -70.179167,
              43.68111099999999
            ],
            [
              -70.16888899999998,
              43.704722000000004
            ],
            [
              -70.171944,
              43.736388999999974
            ],
            [
              -70.16555599999998,
              43.74972200000002
            ],
            [
              -70.167778,
              43.75055600000002
            ],
            [
              -70.174444,
              43.735833000000014
            ],
            [
              -70.171111,
              43.704722000000004
            ],
            [
              -70.181667,
              43.68111099999999
            ],
            [
              -70.17833300000001,
              43.670000000000016
            ]
          ],
          [
            [
              -70.17638899999997,
              43.671110999999996
            ],
            [
              -70.17777799999999,
              43.67583300000001
            ],
            [
              -70.171111,
              43.66888899999998
            ],
            [
              -70.17638899999997,
              43.671110999999996
            ]
          ]
        ]
      }
    },
    {
      "type": "Feature",
      "properties": {
        "OBJECTID": 141046,
        "THEMELAYER": "Traffic Separation Schemes",
        "INFORM": null,
        "OBJNAM": null,
        "name": "Traffic Separation Schemes"
      },
      "geometry": {
        "type": "Polygon",
        "coordinates": [
          [
            [
              -70.17555599999997,
              43.620000000000005
            ],
            [
              -70.16040099999998,
              43.618176000000005
            ],
            [
              -70.15997199999998,
              43.62208399999997
            ],
            [
              -70.17555599999997,
              43.621943999999985
            ],
            [
              -70.19611099999997,
              43.62611099999998
            ],
            [
              -70.19611099999997,
              43.624167
            ],
            [
              -70.17555599999997,
              43.620000000000005
            ]
          ]
        ]
      }
    },
    {
      "type": "Feature",
      "properties": {
        "OBJECTID": 141047,
        "THEMELAYER": "Traffic Separation Schemes",
        "INFORM": null,
        "OBJNAM": null,
        "name": "Traffic Separation Schemes"
      },
      "geometry": {
        "type": "Polygon",
        "coordinates": [
          [
            [
              -70.14070099999998,
              43.586028
            ],
            [
              -70.13548500000002,
              43.583978
            ],
            [
              -70.05222199999997,
              43.69305600000001
            ],
            [
              -70.05888900000002,
              43.70861100000002
            ],
            [
              -70.06369899999999,
              43.730705
            ],
            [
              -70.05555600000002,
              43.74250000000001
            ],
            [
              -70.02111100000002,
              43.77777800000001
            ],
            [
              -70.04504300000002,
              43.77158400000002
            ],
            [
              -70.06888900000001,
              43.743056000000024
            ],
            [
              -70.05777799999998,
              43.69527799999997
            ],
            [
              -70.14070099999998,
              43.586028
            ]
          ],
          [
            [
              -70.06638900000002,
              43.743056000000024
            ],
            [
              -70.04305599999998,
              43.76999999999998
            ],
            [
              -70.02916699999997,
              43.77333299999998
            ],
            [
              -70.058333,
              43.74138900000003
            ],
            [
              -70.06420000000003,
              43.733007999999984
            ],
            [
              -70.06638900000002,
              43.743056000000024
            ]
          ]
        ]
      }
    },
    {
      "type": "Feature",
      "properties": {
        "OBJECTID": 141048,
        "THEMELAYER": "Traffic Separation Schemes",
        "INFORM": null,
        "OBJNAM": null,
        "name": "Traffic Separation Schemes"
      },
      "geometry": {
        "type": "Polygon",
        "coordinates": [
          [
            [
              -70.15251919999997,
              43.60607420000002
            ],
            [
              -70.15002299999998,
              43.585196999999994
            ],
            [
              -70.14070099999998,
              43.586028
            ],
            [
              -70.143778,
              43.61390699999998
            ],
            [
              -70.15328399999999,
              43.61247100000003
            ],
            [
              -70.15251919999997,
              43.60607420000002
            ]
          ]
        ]
      }
    },
    {
      "type": "Feature",
      "properties": {
        "OBJECTID": 141049,
        "THEMELAYER": "Traffic Separation Schemes",
        "INFORM": null,
        "OBJNAM": null,
        "name": "Traffic Separation Schemes"
      },
      "geometry": {
        "type": "Polygon",
        "coordinates": [
          [
            [
              -70.14062625999998,
              43.55875190699999
            ],
            [
              -70.12666899999999,
              43.54832099999999
            ],
            [
              -70.1202184,
              43.55290289999999
            ],
            [
              -70.13861100000003,
              43.56694399999998
            ],
            [
              -70.14749999999998,
              43.56388900000002
            ],
            [
              -70.14062625999998,
              43.55875190699999
            ]
          ]
        ]
      }
    }
  ]
}
